candidate_id,normalized_core,first_year,last_year,span_years,case_count,related_award_amount,unit_names,titles,reason
candidate_383ce96953d6,北昌太昌村國興里分支管網用戶接管第二標,2019,2022,4,4,854447247,花蓮縣政府,北昌、太昌村、國興里分支管網及用戶接管工程(第二標),同機關且標題核心相同，尚待人工確認是否為同一專案
candidate_baac9a9fa0f9,花蓮縣新建圖書館統包,2022,2024,3,2,849429000,花蓮縣文化局,花蓮縣新建圖書館統包工程；花蓮縣新建圖書館統包工程-後續擴充,同機關且標題核心相同，尚待人工確認是否為同一專案
candidate_8bdcf1decb92,縣193線19K+840~22K+500南海四街至花蓮大橋段路段拓寬,2019,2023,5,4,499603908,花蓮縣政府,縣193線19K+840~22K+500(南海四街至花蓮大橋段)路段拓寬工程；縣193線19K+840~22K+500(南海四街至花蓮大橋段)路段拓寬工程(第一次變更設計)；縣193線19K+840~22K+500(南海四街至花蓮大橋段)路段拓寬工程(第二次變更設計)；縣193線19K+840~22K+500(南海四街至花蓮大橋段)路段拓寬工程(第三次變更設計),同機關且標題核心相同，尚待人工確認是否為同一專案
candidate_bf38baad836f,花蓮地區水資源回收中心委外代操作維護管理工作,2012,2025,14,5,404787338,花蓮縣政府,花蓮地區水資源回收中心委外代操作維護管理工作,同機關且標題核心相同，尚待人工確認是否為同一專案
candidate_2f5d78c763c4,北昌太昌村國興里分支管網用戶接管第一標,2017,2020,4,2,337960118,花蓮縣政府,北昌、太昌村、國興里分支管網及用戶接管工程(第一標),同機關且標題核心相同，尚待人工確認是否為同一專案
candidate_7dba4f4cefd1,花蓮市日出觀光香榭大道整體景觀,2019,2023,5,4,337720081,花蓮縣政府,花蓮市日出觀光香榭大道整體景觀工程；花蓮市日出觀光香榭大道整體景觀工程(第一次變更設計)；花蓮市日出觀光香榭大道整體景觀工程-(第二次變更設計)；花蓮市日出觀光香榭大道整體景觀工程-(第三次變更設計),同機關且標題核心相同，尚待人工確認是否為同一專案
candidate_7147ebe4d26d,花蓮縣全民運動館,2024,2026,3,4,271493902,花蓮縣政府,花蓮縣全民運動館興建工程；「花蓮縣全民運動館興建工程」第一次變更設計；花蓮縣全民運動館興建工程-第2次變更設計；「花蓮縣全民運動館興建工程」第3次變更設計,同機關且標題核心相同，尚待人工確認是否為同一專案
candidate_c415abf0964c,至花蓮縣風災災後復建A區,2024,2026,3,2,228433619,花蓮縣政府,112年度至113年度花蓮縣(風災)災後復建工程 (A區)；112年度至113年度花蓮縣(風災)災後復建工程(A區)第一次變更設計,同機關且標題核心相同，尚待人工確認是否為同一專案
candidate_ba9a0d2a0281,花蓮縣垃圾轉運處理,2017,2021,5,2,225327932,花蓮縣政府,花蓮縣垃圾轉運處理計畫,同機關且標題核心相同，尚待人工確認是否為同一專案
candidate_ffdee9b04664,花蓮縣公有路邊停車路外停車場委託民間經營管理,2022,2026,5,2,212142912,花蓮縣政府,112年度花蓮縣公有路邊停車及路外停車場委託民間經營管理；112年度花蓮縣公有路邊停車及路外停車場委託民間經營管理-後續擴充,同機關且標題核心相同，尚待人工確認是否為同一專案
candidate_8f35598f4c11,花蓮縣路邊停車收費停車場委託民間經營管理專業,2013,2019,7,3,198023348,花蓮縣政府,花蓮縣102年路邊停車收費停車場委託民間經營管理專業勞務採購案；花蓮縣105年路邊停車收費停車場委託民間經營管理專業勞務採購案；花蓮縣108年路邊停車收費停車場委託民間經營管理專業勞務採購案,同機關且標題核心相同，尚待人工確認是否為同一專案
candidate_2fec6c9f74f7,花蓮縣身心障礙者復康巴士交通服務,2018,2026,9,11,190752520,花蓮縣政府,花蓮縣身心障礙者復康巴士交通服務；111年度花蓮縣身心障礙者復康巴士交通服務；112年度花蓮縣身心障礙者復康巴士交通服務；114年度花蓮縣身心障礙者復康巴士交通服務；114年度花蓮縣身心障礙者復康巴士交通服務契約變更案；「114年度花蓮縣身心障礙者復康巴士交通服務勞務採購案」後續擴充,同機關且標題核心相同，尚待人工確認是否為同一專案
candidate_c2d0742bf657,花蓮市日出觀光香榭大道整體景觀石材採購,2018,2022,5,2,186664268,花蓮縣政府,「花蓮市日出觀光香榭大道整體景觀工程」石材採購案；花蓮市日出觀光香榭大道整體景觀工程石材採購後續擴充,同機關且標題核心相同，尚待人工確認是否為同一專案
candidate_68ce8fb14bbc,花蓮縣立田徑場看臺屋頂薄膜整建,2022,2024,3,2,179668858,花蓮縣政府,花蓮縣立田徑場看臺屋頂薄膜整建工程；「花蓮縣立田徑場看臺屋頂薄膜整建工程」第二次變更設計,同機關且標題核心相同，尚待人工確認是否為同一專案
candidate_fdf3b33b2e0a,花蓮縣固定污染源稽查管制,2014,2026,13,11,177831941,花蓮縣環境保護局,103年度花蓮縣固定污染源稽查管制計畫；105年度花蓮縣固定污染源稽查管制計畫；106年度花蓮縣固定污染源稽查管制計畫；107年度花蓮縣固定污染源稽查管制計畫；108年度花蓮縣固定污染源稽查管制計畫；109年度花蓮縣固定污染源稽查管制計畫；110年度花蓮縣固定污染源稽查管制計畫；111年度花蓮縣固定污染源稽查管制計畫；112年度花蓮縣固定污染源稽查管制計畫；113年度花蓮縣固定污染源稽查管制計畫；115年度花蓮縣固定污染源稽查管制計畫,同機關且標題核心相同，尚待人工確認是否為同一專案
candidate_08936c7e65fe,至花蓮縣風災災後復建B區,2024,2026,3,3,169100025,花蓮縣政府,112年度至113年度花蓮縣(風災)災後復建工程(B區)；112年度至113年度花蓮縣(風災)災後復建工程(B區)第一次變更設計；112年度至113年度花蓮縣(風災)災後復建工程(B區)第二次變更設計,同機關且標題核心相同，尚待人工確認是否為同一專案
candidate_e131a5ec1ba7,花蓮地區污水下水道系統緊急應變,2019,2020,2,3,151651800,花蓮縣政府,花蓮地區污水下水道系統緊急應變工程；花蓮地區污水下水道系統緊急應變工程(變更設計),同機關且標題核心相同，尚待人工確認是否為同一專案
candidate_cdfe7298e72e,花蓮縣警察局錄影監視系統建置開口合約採購,2024,2026,3,5,139461000,花蓮縣警察局,花蓮縣警察局113年錄影監視系統建置開口合約採購案；花蓮縣警察局113年錄影監視系統建置開口合約採購案後續擴充案；花蓮縣警察局114年錄影監視系統建置開口合約採購案；花蓮縣警察局114年錄影監視系統建置開口合約採購案後續擴充；花蓮縣警察局115年錄影監視系統建置開口合約採購案,同機關且標題核心相同，尚待人工確認是否為同一專案
candidate_0ee8deb87012,花64線2K+000~22K+500危險路段道路友善改善第二標,2021,2023,3,4,135365925,花蓮縣政府,花64線2K+000~22K+500危險路段及道路友善改善工程(第二標)；花64線2K+000~22K+500危險路段及道路友善改善工程(第二標)第一次變更設計；「花64線2K+000~22K+500危險路段及道路友善改善工程(第二標)」第二次變更設計；花64線2K+000~22K+500危險路段及道路友善改善工程(第二標)第三次變更設計,同機關且標題核心相同，尚待人工確認是否為同一專案
candidate_f058076c908d,花蓮縣營建噪音稽查管制,2017,2026,10,11,128659000,花蓮縣環境保護局,107年度花蓮縣營建工程暨噪音稽查管制計畫；108年度花蓮縣營建工程暨噪音稽查管制計畫；109年度花蓮縣營建工程暨噪音稽查管制計畫；110年度花蓮縣營建工程暨噪音稽查管制計畫；111年度花蓮縣營建工程暨噪音稽查管制計畫；112年度花蓮縣營建工程暨噪音稽查管制計畫；113年度花蓮縣營建工程暨噪音稽查管制計畫；113年度花蓮縣營建工程暨噪音稽查管制計畫(第一次契約變更)；113年度花蓮縣營建工程暨噪音稽查管制計畫(第二次契約變更)；113年度花蓮縣營建工程暨噪音稽查管制計畫-第三次契約變更；115年度花蓮縣營建工程暨噪音稽查管制計畫,同機關且標題核心相同，尚待人工確認是否為同一專案
candidate_fa044a36befb,全鄉各村電力電信自來水管線單位挖掘道路修復,2010,2025,16,12,128630000,花蓮縣吉安鄉公所,全鄉各村電力、電信、自來水管線單位挖掘道路修復工程；全鄉各村電力、電信、自來水管線單位挖掘道路修復工程第二期；全鄉各村電力、電信、自來水管線單位挖掘道路修復工程(第二期),同機關且標題核心相同，尚待人工確認是否為同一專案
candidate_eb994183b271,花蓮縣農業災後復建搶修險開口契約,2016,2025,10,10,127355000,花蓮縣政府,花蓮縣105年農業災後復建與搶修險工程委託技術服務開口契約；花蓮縣106年農業災後復建與搶修險工程委託技術服務開口契約；花蓮縣107年農業災後復建與搶修險工程委託技術服務開口契約；花蓮縣108年農業災後復建與搶修險工程委託技術服務開口契約；花蓮縣109年農業災後復建與搶修險工程委託技術服務開口契約；花蓮縣110年農業災後復建與搶修險工程委託技術服務開口契約；花蓮縣111年農業災後復建與搶修險工程委託技術服務開口契約；花蓮縣112年農業災後復建與搶修險工程委託技術服務開口契約；花蓮縣113年農業災後復建與搶修險工程委託技術服務開口契約；花蓮縣114年農業災後復建與搶修險工程委託技術服務開口契約,同機關且標題核心相同，尚待人工確認是否為同一專案
candidate_f009a3659c7c,花蓮縣輔具資源中心服務,2018,2026,9,16,124453172,花蓮縣政府,花蓮縣輔具資源中心服務計畫；109年花蓮縣輔具資源中心服務計畫；110年花蓮縣輔具資源中心服務計畫；111年度花蓮縣輔具資源中心服務計畫；113年花蓮縣輔具資源中心服務計畫；113年度花蓮縣輔具資源中心服務計畫；114年度花蓮縣輔具資源中心服務計畫,同機關且標題核心相同，尚待人工確認是否為同一專案
candidate_012c629b9509,失能老人身心障礙者居家服務中低收入老人特別照顧訪視督導服務,2014,2016,3,2,124442662,花蓮縣政府,103年度失能老人及身心障礙者居家服務暨中低收入老人特別照顧訪視督導服務；105年度失能老人及身心障礙者居家服務暨中低收入老人特別照顧訪視督導服務,同機關且標題核心相同，尚待人工確認是否為同一專案
candidate_3fc59569b3c5,花蓮縣花蓮市和平排水箱涵擴建,2019,2021,3,3,120209626,花蓮縣政府,花蓮縣花蓮市和平排水箱涵擴建工程；花蓮縣花蓮市和平排水箱涵擴建工程-(第2次變更設計),同機關且標題核心相同，尚待人工確認是否為同一專案
candidate_4494838d2a71,北區道路改善第一標開口契約,2018,2026,9,8,118466867,花蓮縣政府,107年度北區道路改善工程第一標(開口契約)；109年度北區道路改善工程第一標(開口契約)；110年度北區道路改善工程第一標(開口契約)；111年度北區道路改善工程第一標(開口契約)；112年度北區道路改善工程第一標(開口契約)；113年度北區道路改善工程第一標(開口契約)；114年度北區道路改善工程第一標(開口契約)；115年度北區道路改善工程第一標(開口契約),同機關且標題核心相同，尚待人工確認是否為同一專案
candidate_cf6c155cfa2d,花蓮縣衛生局所屬衛生所門診社區整合式健檢委託檢驗服務開口契約,2020,2026,7,7,113482600,花蓮縣衛生局,109年花蓮縣衛生局所屬衛生所門診暨社區整合式健檢委託檢驗服務開口契約；110年花蓮縣衛生局所屬衛生所門診暨社區整合式健檢委託檢驗服務開口契約；111年花蓮縣衛生局所屬衛生所門診暨社區整合式健檢委託檢驗服務開口契約；112年花蓮縣衛生局所屬衛生所門診暨社區整合式健檢委託檢驗服務開口契約；113年花蓮縣衛生局所屬衛生所門診暨社區整合式健檢委託檢驗服務開口契約；114年花蓮縣衛生局所屬衛生所門診暨社區整合式健檢委託檢驗服務開口契約；115年花蓮縣衛生局所屬衛生所門診暨社區整合式健檢委託檢驗服務開口契約,同機關且標題核心相同，尚待人工確認是否為同一專案
candidate_4e84af0ad001,花蓮縣鳳林鎮中興橋改建,2011,2012,2,2,112000000,花蓮縣政府,花蓮縣鳳林鎮中興橋改建工程；花蓮縣鳳林鎮中興橋改建工程委託監造技術服務工作,同機關且標題核心相同，尚待人工確認是否為同一專案
candidate_6a65e06868f3,花蓮縣垃圾轉運處理,2023,2026,4,3,111702348,花蓮縣環境保護局,112年度花蓮縣垃圾轉運處理計畫；113年度花蓮縣垃圾轉運處理計畫；115年度花蓮縣垃圾轉運處理計畫,同機關且標題核心相同，尚待人工確認是否為同一專案
candidate_68587eb2b09f,花蓮縣原住民族文創產業聚落空間改善,2018,2023,6,6,110325887,花蓮縣政府,「花蓮縣原住民族文創產業聚落空間改善工程」規劃設計監造委託技術服務案；花蓮縣原住民族文創產業聚落空間改善工程；花蓮縣原住民族文創產業聚落空間改善工程(第二期)；花蓮縣原住民族文創產業聚落空間改善工程(第二期)第一次變更設計；花蓮縣原住民族文創產業聚落空間改善工程(第二期)第二次變更設計；花蓮縣原住民族文創產業聚落空間改善工程(第三期),同機關且標題核心相同，尚待人工確認是否為同一專案
candidate_f486cefc0902,花蓮市AC整平改善開口契約,2020,2026,7,8,107973000,花蓮縣花蓮市公所,109年度花蓮市AC整平改善工程(開口契約)；109年度花蓮市第二次AC整平改善工程(開口契約)；110年度花蓮市AC整平改善工程(開口契約)；111年度花蓮市AC整平改善工程(開口契約)；112年度花蓮市AC整平改善工程(開口契約)；113年度花蓮市AC整平改善工程(開口契約)；114年度花蓮市AC整平改善工程(開口契約)；115年度花蓮市AC整平改善工程(開口契約),同機關且標題核心相同，尚待人工確認是否為同一專案
candidate_18d839cb6f8a,花蓮縣社會住宅包租代管,2020,2025,6,5,105306100,花蓮縣政府,花蓮縣社會住宅包租代管計畫委託專業服務案；「花蓮縣社會住宅包租代管第3期計畫委託專業服務案」委託專業服務案；花蓮縣社會住宅包租代管第4期計畫委託專業服務案,同機關且標題核心相同，尚待人工確認是否為同一專案
candidate_1f360f03e3bc,立霧溪AB段疏濬,2017,2019,3,3,102167574,花蓮縣政府,立霧溪第五期AB段疏濬工程,同機關且標題核心相同，尚待人工確認是否為同一專案
candidate_83cd67ffbe93,花蓮縣建築物基礎圖資建置建使執照件數位化空間化資料庫建置,2023,2025,3,2,101700000,花蓮縣政府,花蓮縣建築物基礎圖資建置-建使執照案件數位化及空間化/資料庫建置（第二期）；花蓮縣建築物基礎圖資建置-建使執照案件數位化及空間化/資料庫建置（第三期）,同機關且標題核心相同，尚待人工確認是否為同一專案
candidate_c4ca77a4c3cc,花蓮縣柴油車檢驗,2021,2026,6,6,101250000,花蓮縣環境保護局,110年度花蓮縣柴油車檢驗計畫；111年度花蓮縣柴油車檢驗計畫；112年度花蓮縣柴油車檢驗計畫；113年度花蓮縣柴油車檢驗計畫；114年度花蓮縣柴油車檢驗計畫；115年度花蓮縣柴油車檢驗計畫,同機關且標題核心相同，尚待人工確認是否為同一專案
candidate_94cb9fbae1bc,花蓮縣空氣污染防制空氣品質分析,2015,2026,12,11,100609000,花蓮縣環境保護局,105年度花蓮縣空氣污染防制暨空氣品質分析計畫；106年度花蓮縣空氣污染防制暨空氣品質分析計畫；107年度花蓮縣空氣污染防制暨空氣品質分析計畫；108年度花蓮縣空氣污染防制暨空氣品質分析計畫；109年度花蓮縣空氣污染防制暨空氣品質分析計畫；110年度花蓮縣空氣污染防制暨空氣品質分析計畫；111年度花蓮縣空氣污染防制暨空氣品質分析計畫；112年度花蓮縣空氣污染防制暨空氣品質分析計畫；113年度花蓮縣空氣污染防制暨空氣品質分析計畫；114年度花蓮縣空氣污染防制暨空氣品質分析計畫；115年度花蓮縣空氣污染防制暨空氣品質分析計畫,同機關且標題核心相同，尚待人工確認是否為同一專案
candidate_98ac77c3ae8d,花蓮縣新城鄉C幹線雨水下水道,2020,2023,4,4,99093496,花蓮縣政府,花蓮縣新城鄉C幹線雨水下水道工程；花蓮縣新城鄉C幹線雨水下水道新建工程；花蓮縣新城鄉C幹線雨水下水道新建工程-(第一次變更設計)；花蓮縣新城鄉C幹線雨水下水道新建工程-(第二次變更設計),同機關且標題核心相同，尚待人工確認是否為同一專案
candidate_ed6cbe37fd9b,花蓮縣環保餐具清洗中心,2023,2025,3,2,99077622,花蓮縣環境保護局,花蓮縣環保餐具清洗中心新建工程,同機關且標題核心相同，尚待人工確認是否為同一專案
candidate_fb73e12113f2,花蓮縣鳳林鎮中興橋第二階段改建,2013,2014,2,2,97990000,花蓮縣政府,花蓮縣鳳林鎮中興橋第二階段改建工程；花蓮縣鳳林鎮中興橋第二階段改建工程委託監造技術服務工作,同機關且標題核心相同，尚待人工確認是否為同一專案
candidate_57ae1cf0d4cd,光復鄉公共,2024,2026,3,2,97975000,花蓮縣光復鄉公所,113年度光復鄉公共工程委託技術服務；115年度光復鄉公共工程委託技術服務,同機關且標題核心相同，尚待人工確認是否為同一專案
candidate_906069cff515,花蓮縣社區規劃師駐地輔導,2014,2026,13,12,97900000,花蓮縣政府,103年度花蓮縣社區規劃師駐地輔導計畫；104年度花蓮縣社區規劃師駐地輔導計畫；105年度花蓮縣社區規劃師駐地輔導計畫；107年度花蓮縣社區規劃師駐地輔導計畫；108年度花蓮縣社區規劃師駐地輔導計畫；109年度花蓮縣社區規劃師駐地輔導計畫；110年度花蓮縣社區規劃師駐地輔導計畫；111年度花蓮縣社區規劃師駐地輔導計畫；112年度花蓮縣社區規劃師駐地輔導計畫；113年度花蓮縣社區規劃師駐地輔導計畫；114年度花蓮縣社區規劃師駐地輔導計畫；115年度花蓮縣社區規劃師駐地輔導計畫,同機關且標題核心相同，尚待人工確認是否為同一專案
candidate_0b5b38fa0ef8,花蓮縣天然災害復建道路橋梁委託設計監造技術服務工作開口契約,2016,2026,11,8,96884344,花蓮縣政府,花蓮縣105年度天然災害復建及道路橋梁工程委託設計監造技術服務工作(開口契約)；花蓮縣106年度天然災害復建及道路橋梁工程委託設計監造技術服務工作(開口契約)；花蓮縣107年度天然災害復建及道路橋梁工程委託設計監造技術服務工作(開口契約)；花蓮縣109年度天然災害復建及道路橋梁工程委託設計監造技術服務工作(開口契約)；花蓮縣111年度天然災害復建及道路橋梁工程委託設計監造技術服務工作(開口契約)；花蓮縣113年度天然災害復建及道路橋梁工程委託設計監造技術服務工作(開口契約)；花蓮縣114年度天然災害復建及道路橋梁工程委託設計監造技術服務工作(開口契約)；花蓮縣115年度天然災害復建及道路橋梁工程委託設計監造技術服務工作(開口契約),同機關且標題核心相同，尚待人工確認是否為同一專案
candidate_2d300c285063,花蓮縣一般廢棄物分選前處理,2020,2021,2,3,95909850,花蓮縣環境保護局,花蓮縣一般廢棄物分選前處理計畫；花蓮縣一般廢棄物分選前處理計畫第二期,同機關且標題核心相同，尚待人工確認是否為同一專案
candidate_02ad72c67764,花蓮縣幸福花蓮三節生活物資發放財物採購,2014,2021,8,8,95346000,花蓮縣政府,花蓮縣104年度「幸福花蓮」三節生活物資發放財物採購案；花蓮縣105年度「幸福花蓮」三節生活物資發放財物採購案；花蓮縣106年度「幸福花蓮」三節生活物資發放財物採購案；花蓮縣107年度「幸福花蓮」三節生活物資發放財物採購案；花蓮縣108年度「幸福花蓮」三節生活物資發放財物採購案；花蓮縣109年度「幸福花蓮」三節生活物資發放財物採購案；花蓮縣110年度「幸福花蓮」三節生活物資發放財物採購案；花蓮縣111年度「幸福花蓮」三節生活物資發放財物採購案,同機關且標題核心相同，尚待人工確認是否為同一專案
candidate_8e98aac5ec46,花蓮縣警察局路口錄影監視系統設備維護修開口合約採購,2022,2026,5,8,94265000,花蓮縣警察局,花蓮縣警察局111年路口錄影監視系統設備維護（修）開口合約採購案；花蓮縣警察局111年路口錄影監視系統設備維護（修）開口合約採購案(後續擴充)；花蓮縣警察局112年路口錄影監視系統設備維護（修）開口合約採購案；花蓮縣警察局113年路口錄影監視系統設備維護（修）開口合約採購案；花蓮縣警察局113年路口錄影監視系統設備維護(修)開口合約採購後續擴充案；花蓮縣警察局114年路口錄影監視系統設備維護(修)開口合約採購案；花蓮縣警察局114年路口錄影監視系統設備維護(修)開口合約採購案後續擴充；花蓮縣警察局115年路口錄影監視系統設備維護（修）開口合約採購案,同機關且標題核心相同，尚待人工確認是否為同一專案
candidate_f0605032ba7f,花蓮縣都市書圖重製整合應用建置,2014,2018,5,5,93430000,花蓮縣政府,花蓮縣都市計畫書圖重製暨整合應用計畫第一期建置案；花蓮縣都市計畫書圖重製暨整合應用計畫第二期建置案；花蓮縣都市計畫書圖重製暨整合應用計畫第三期建置案；花蓮縣都市計畫書圖重製暨整合應用計畫第四期建置案；花蓮縣都市計畫書圖重製暨整合應用計畫第五期建置案,同機關且標題核心相同，尚待人工確認是否為同一專案
candidate_0589e67d8573,花蓮縣原住民族地區簡易自來水系統營運,2017,2025,9,9,91229504,花蓮縣政府,106年度花蓮縣原住民族地區簡易自來水系統營運計畫；107年度花蓮縣原住民族地區簡易自來水系統營運計畫；108年度花蓮縣原住民族地區簡易自來水系統營運計畫；109年度花蓮縣原住民族地區簡易自來水系統營運計畫；110年度花蓮縣原住民族地區簡易自來水系統營運計畫；111年度花蓮縣原住民族地區簡易自來水系統營運計畫；112年度花蓮縣原住民族地區簡易自來水系統營運計畫；113年度花蓮縣原住民族地區簡易自來水系統營運計畫；114年度花蓮縣原住民族地區簡易自來水系統營運計畫,同機關且標題核心相同，尚待人工確認是否為同一專案
candidate_4a28915542ff,花蓮縣警察局數位錄影監視系統開口合約採購,2013,2017,5,5,90760338,花蓮縣政府,花蓮縣警察局102年度數位錄影監視系統開口合約採購案；花蓮縣警察局102年度數位錄影監視系統第2次開口合約採購案；花蓮縣警察局104年數位錄影監視系統開口合約採購案；花蓮縣警察局105年數位錄影監視系統開口合約採購案；花蓮縣警察局106年數位錄影監視系統開口合約採購案,同機關且標題核心相同，尚待人工確認是否為同一專案
candidate_888ba3c6ac97,花蓮縣身心障礙者家庭托顧服務,2020,2026,7,11,86081800,花蓮縣政府,花蓮縣身心障礙者家庭托顧服務；花蓮縣身心障礙者家庭托顧服務計畫,同機關且標題核心相同，尚待人工確認是否為同一專案
candidate_76e38e3f53df,立霧溪疏濬,2021,2026,6,5,83280994,花蓮縣政府,110年度立霧溪疏濬工程；110年度立霧溪疏濬工程第1次變更設計；112年度立霧溪疏濬工程；113年度立霧溪疏濬工程；113年度立霧溪疏濬工程-第一次契約變更,同機關且標題核心相同，尚待人工確認是否為同一專案
candidate_d411384f1a45,花蓮縣機車排氣稽查管制,2020,2024,5,5,80198000,花蓮縣環境保護局,110年度花蓮縣機車排氣稽查管制計畫；111年度花蓮縣機車排氣稽查管制計畫；112年度花蓮縣機車排氣稽查管制計畫；113年度花蓮縣機車排氣稽查管制計畫；114年度花蓮縣機車排氣稽查管制計畫,同機關且標題核心相同，尚待人工確認是否為同一專案
candidate_88a0e161541a,知卡宣綠森林親水公園園區重塑改造,2020,2022,3,4,79773393,花蓮縣政府,知卡宣綠森林親水公園園區重塑改造計畫委託技術服務；知卡宣綠森林親水公園園區重塑改造計畫工程；知卡宣綠森林親水公園園區重塑改造計畫(第一次變更設計)；知卡宣綠森林親水公園園區重塑改造計畫工程(第二次變更設計),同機關且標題核心相同，尚待人工確認是否為同一專案
candidate_6de7d5dbb612,花蓮縣逸散污染源稽查管制,2014,2026,13,8,77892856,花蓮縣環境保護局,103年度花蓮縣逸散污染源稽查管制計畫；108年度花蓮縣逸散污染源稽查管制計畫；109年度花蓮縣逸散污染源稽查管制計畫；110年度花蓮縣逸散污染源稽查管制計畫；111年度花蓮縣逸散污染源稽查管制計畫；112年度花蓮縣逸散污染源稽查管制計畫；113年度花蓮縣逸散污染源稽查管制計畫；115年度花蓮縣逸散污染源稽查管制計畫,同機關且標題核心相同，尚待人工確認是否為同一專案
candidate_7f0340a1f010,花蓮縣雨水下水道維護開口契約,2014,2026,13,13,77643000,花蓮縣政府,103年度花蓮縣雨水下水道維護工程開口契約；104年度花蓮縣雨水下水道維護工程開口契約；105年度花蓮縣雨水下水道維護工程開口契約；106年度花蓮縣雨水下水道維護工程開口契約；107年度花蓮縣雨水下水道維護工程開口契約；108年度花蓮縣雨水下水道維護工程(開口契約)；109年度花蓮縣雨水下水道維護工程(開口契約)；110年度花蓮縣雨水下水道維護工程(開口契約)；111年度花蓮縣雨水下水道維護工程(開口契約)；112年度花蓮縣雨水下水道維護工程(開口契約)；113年度花蓮縣雨水下水道維護工程(開口契約)；114年度花蓮縣雨水下水道維護工程(開口契約)；115年度花蓮縣雨水下水道維護工程(開口契約),同機關且標題核心相同，尚待人工確認是否為同一專案
candidate_54e8655d209e,瑞穗鄉委託監造開口契約,2018,2026,9,8,76972500,花蓮縣瑞穗鄉公所,瑞穗鄉107年度工程委託規劃設計及監造 (開口契約)；瑞穗鄉109年度工程委託規劃設計及監造(開口契約)；瑞穗鄉110年度工程委託規劃設計及監造(開口契約)；瑞穗鄉111年度工程委託規劃設計及監造(開口契約)；瑞穗鄉112年度工程委託規劃設計及監造(開口契約)；瑞穗鄉113年度工程委託規劃設計及監造(開口契約)；瑞穗鄉114年度工程委託規劃設計及監造(開口契約)；瑞穗鄉115年度工程委託規劃設計及監造(開口契約),同機關且標題核心相同，尚待人工確認是否為同一專案
candidate_6ab8bb90a399,花蓮市區路燈維修路燈災害搶修開口契約,2018,2026,9,8,76352271,花蓮縣花蓮市公所,107年度花蓮市區路燈維修暨路燈災害搶修開口契約；109年度花蓮市區路燈維修暨路燈災害搶修開口契約工程；110年度花蓮市區路燈維修暨路燈災害搶修開口契約工程；111年度花蓮市區路燈維修暨路燈災害搶修開口契約工程；112年度花蓮市區路燈維修暨路燈災害搶修開口契約工程；113年度花蓮市區路燈維修暨路燈災害搶修開口契約工程；114年度花蓮市區路燈維修暨路燈災害搶修開口契約工程；115年度花蓮市區路燈維修暨路燈災害搶修開口契約工程,同機關且標題核心相同，尚待人工確認是否為同一專案
candidate_73e362de9752,南北濱親海海岸地景公園,2011,2013,3,4,75796800,花蓮縣政府,南北濱親海計畫－海岸地景公園第一期工程；南北濱親海計畫－海岸地景公園第二期工程；南北濱親海計畫－海岸地景公園第三期工程；南北濱親海計畫－海岸地景公園第四期工程,同機關且標題核心相同，尚待人工確認是否為同一專案
candidate_e49f111e7828,花蓮縣橋梁基本資料建置檢測評估,2011,2024,14,9,74772661,花蓮縣政府,100年度花蓮縣橋梁基本資料建置及檢測評估；102年度花蓮縣橋梁基本資料建置及檢測評估；104年度花蓮縣橋梁基本資料建置及檢測評估；106年度花蓮縣橋梁基本資料建置及檢測評估；108年度花蓮縣橋梁基本資料建置及檢測評估；110年度花蓮縣橋梁基本資料建置及檢測評估；112年度花蓮縣橋梁基本資料建置及檢測評估；114年度花蓮縣橋梁基本資料建置及檢測評估,同機關且標題核心相同，尚待人工確認是否為同一專案
candidate_ed24a819a3dc,豐濱鄉公共委託設計監造技術服務開口契約,2019,2026,8,10,74482043,花蓮縣豐濱鄉公所,豐濱鄉109年度公共工程委託設計及監造技術服務開口契約；豐濱鄉110年度公共工程委託設計及監造技術服務開口契約；豐濱鄉111年度公共工程委託設計及監造技術服務開口契約；豐濱鄉112年度公共工程委託設計及監造技術服務開口契約；豐濱鄉113年度公共工程委託設計及監造技術服務開口契約；豐濱鄉113年度公共工程委託設計及監造技術服務開口契約(第二期)；豐濱鄉114年度公共工程委託設計及監造技術服務開口契約；豐濱鄉114年度公共工程委託設計及監造技術服務開口契約(第二期)；豐濱鄉115年度公共工程委託設計及監造技術服務開口契約；豐濱鄉115年度公共工程委託設計及監造技術服務開口契約(第二期),同機關且標題核心相同，尚待人工確認是否為同一專案
candidate_74c3a9c9f398,花蓮縣環境教育專,2017,2026,10,8,73050000,花蓮縣環境保護局,107年度花蓮縣環境教育專案計畫；109年度花蓮縣環境教育專案計畫；110年度花蓮縣環境教育專案計畫；111年度花蓮縣環境教育專案計畫；112年度花蓮縣環境教育專案計畫；113年度花蓮縣環境教育專案計畫；114年度花蓮縣環境教育專案計畫；115年度花蓮縣環境教育專案計畫,同機關且標題核心相同，尚待人工確認是否為同一專案
candidate_7e759635b48b,花蓮市各項設計監造技術服務開口契約,2017,2021,5,6,72300000,花蓮縣花蓮市公所,花蓮市106年度各項工程設計監造技術服務開口契約；花蓮市107年度各項工程設計監造技術服務開口契約；花蓮市107年度第二次各項工程設計監造技術服務開口契約；花蓮市108年度各項工程設計監造技術服務開口契約；花蓮市109年度各項工程設計監造技術服務開口契約；花蓮市111年度各項工程設計監造技術服務開口契約,同機關且標題核心相同，尚待人工確認是否為同一專案
candidate_2c3907e3bc72,美崙溪畔歷史建築群周邊環境災後修復統包,2022,2023,2,3,71750000,花蓮縣文化局,美崙溪畔歷史建築群暨周邊環境災後修復統包工程；美崙溪畔歷史建築群暨周邊環境災後修復統包工程(後續擴充),同機關且標題核心相同，尚待人工確認是否為同一專案
candidate_5f904cbc286d,南區道路改善第一標開口契約,2018,2024,7,6,70258362,花蓮縣政府,107年度南區道路改善工程第一標(開口契約)；109年度南區道路改善工程第一標(開口契約)；110年度南區道路改善工程第一標(開口契約)；111年度南區道路改善工程第一標(開口契約)；112年度南區道路改善工程第一標(開口契約)；113年度南區道路改善工程第一標(開口契約),同機關且標題核心相同，尚待人工確認是否為同一專案
candidate_4f22f7ea3c64,水箱消防車水庫消防車採購,2012,2014,3,3,67420000,花蓮縣政府,水箱消防車及水庫消防車採購案；102年水箱消防車及水庫消防車採購案；103年水箱消防車及水庫消防車採購案,同機關且標題核心相同，尚待人工確認是否為同一專案
candidate_3ff9785e4293,花蓮縣北區道路路面改善開口契約,2010,2017,8,10,67210000,花蓮縣政府,99年度花蓮縣北區道路路面第二期改善工程(開口契約)；100年度花蓮縣北區道路路面第一期改善工程(開口契約)；100年度花蓮縣北區道路路面第二期改善工程(開口契約)；101年度花蓮縣北區道路路面第一期改善工程(開口契約)；102年度花蓮縣北區道路路面第一期改善工程(開口契約)；102年度花蓮縣北區道路路面第二期改善工程(開口契約)；103年度花蓮縣北區道路路面第一期改善工程(開口契約)；104年度花蓮縣北區道路路面第一期改善工程(開口契約)；105年度花蓮縣北區道路路面改善工程(開口契約)；106年度花蓮縣北區道路路面改善工程(開口契約),同機關且標題核心相同，尚待人工確認是否為同一專案
candidate_5126303f0c48,花蓮縣社會福利館耐震補強室內空間整修,2025,2026,2,2,66785404,花蓮縣政府,花蓮縣社會福利館耐震補強暨室內空間整修工程；花蓮縣社會福利館耐震補強暨室內空間整修工程-第一次變更設計,同機關且標題核心相同，尚待人工確認是否為同一專案
candidate_ff051e5f30dc,花蓮縣立霧溪河段疏濬,2012,2016,5,3,66749999,花蓮縣政府,花蓮縣立霧溪河段第二期疏濬工程；103年度花蓮縣立霧溪河段疏濬工程；花蓮縣立霧溪河段第四期疏濬工程,同機關且標題核心相同，尚待人工確認是否為同一專案
candidate_199bb59e0a2b,花蓮縣柴油動力計排煙檢測站檢驗,2014,2019,6,6,66618000,花蓮縣環境保護局,104年度花蓮縣柴油動力計排煙檢測站檢驗計畫；105年度花蓮縣柴油動力計排煙檢測站檢驗計畫；106年度花蓮縣柴油動力計排煙檢測站檢驗計畫；107年度花蓮縣柴油動力計排煙檢測站檢驗計畫；108年度花蓮縣柴油動力計排煙檢測站檢驗計畫；109年度花蓮縣柴油動力計排煙檢測站檢驗計畫,同機關且標題核心相同，尚待人工確認是否為同一專案
candidate_27c5cc3e877f,花蓮縣空氣品質淨化區空氣品質監測CEMS監督查核,2020,2026,7,7,66309000,花蓮縣環境保護局,110年度花蓮縣空氣品質淨化區-空氣品質監測暨CEMS監督查核計畫；111年度花蓮縣空氣品質淨化區-空氣品質監測暨CEMS監督查核計畫；112年度花蓮縣空氣品質淨化區-空氣品質監測暨CEMS監督查核計畫；112年度花蓮縣空氣品質淨化區-空氣品質監測暨CEMS監督查核計畫-第1次契約變更；113年度花蓮縣空氣品質淨化區-空氣品質監測暨CEMS監督查核計畫；115年度花蓮縣空氣品質淨化區-空氣品質監測暨CEMS監督查核計畫；115年度花蓮縣空氣品質淨化區-空氣品質監測暨CEMS監督查核計畫-第一次契約變更,同機關且標題核心相同，尚待人工確認是否為同一專案
candidate_d3bf8bc0896a,花蓮縣環境教育推動,2014,2026,13,9,65819999,花蓮縣環境保護局,103年度花蓮縣環境教育推動計畫；104年度花蓮縣環境教育推動計畫；105年度花蓮縣環境教育推動計畫；106年度花蓮縣環境教育推動計畫；107年度花蓮縣環境教育推動計畫；108年度花蓮縣環境教育推動計畫；109年度花蓮縣環境教育推動計畫；111年度花蓮縣環境教育推動計畫；115年度花蓮縣環境教育推動計畫,同機關且標題核心相同，尚待人工確認是否為同一專案
candidate_9681aa7231ed,美術館整建,2022,2023,2,3,64745416,花蓮縣文化局,美術館整建工程；美術館整建工程(第1次變更設計)；美術館整建工程(第2次變更設計),同機關且標題核心相同，尚待人工確認是否為同一專案
candidate_b4fb18474bf9,富北國中0918地震災後公共設施復建,2025,2026,2,2,64273878,花蓮縣政府,富北國中0918地震災後公共設施復建工程；富北國中0918地震災後公共設施復建工程-第一次變更設計,同機關且標題核心相同，尚待人工確認是否為同一專案
candidate_beaf38bc984d,花蓮縣下水道污水管線維護工作開口契約,2014,2026,13,12,63842002,花蓮縣政府,103年度花蓮縣下水道污水管線維護工作(開口契約)；104年度花蓮縣下水道污水管線維護工作(開口契約)；106年度花蓮縣下水道污水管線維護工作(開口契約)；107年度花蓮縣下水道污水管線維護工作(開口契約)；108年度花蓮縣下水道污水管線維護工作(開口契約)；109年度花蓮縣下水道污水管線維護工作(開口契約)；110年度花蓮縣下水道污水管線維護工作(開口契約)；111年度花蓮縣下水道污水管線維護工作(開口契約)；111年度花蓮縣下水道污水管線維護工作(開口契約)第一次後續擴充；112年度花蓮縣下水道污水管線維護工作(開口契約)；114年度花蓮縣下水道污水管線維護工作(開口契約)；115年度花蓮縣下水道污水管線維護工作(開口契約),同機關且標題核心相同，尚待人工確認是否為同一專案
candidate_e6891f2fdf95,花蓮縣新城鄉北埔生活圈都市道路新闢,2022,2024,3,3,62561369,花蓮縣新城鄉公所,花蓮縣新城鄉北埔生活圈都市計畫道路新闢工程；花蓮縣新城鄉北埔生活圈都市計畫道路新闢工程(第二次契約變更),同機關且標題核心相同，尚待人工確認是否為同一專案
candidate_50d565bcabdd,花蓮縣南區道路路面改善開口契約,2010,2017,8,9,62453000,花蓮縣政府,99年度花蓮縣南區道路路面第二期改善工程(開口契約)；100年度花蓮縣南區道路路面第一期改善工程(開口契約)；100年度花蓮縣南區道路路面第二期改善工程(開口契約)；102年度花蓮縣南區道路路面第一期改善工程(開口契約)；103年度花蓮縣南區道路路面第一期改善工程(開口契約)；103年度花蓮縣南區道路路面第二期改善工程(開口契約)；104年度花蓮縣南區道路路面改善工程(開口契約)；105年度花蓮縣南區道路路面改善工程(開口契約)；106年度花蓮縣南區道路路面改善工程(開口契約),同機關且標題核心相同，尚待人工確認是否為同一專案
candidate_4e2406d4df50,低碳生活產業生產建置,2016,2023,8,8,61710000,花蓮縣環境保護局,105年度低碳生活及產業生產建置計畫；106年度低碳生活及產業生產建置計畫；107年度低碳生活及產業生產建置計畫；108年度低碳生活及產業生產建置計畫；109年度低碳生活及產業生產建置計畫；110年度低碳生活及產業生產建置計畫；111年度低碳生活及產業生產建置計畫；112年度低碳生活及產業生產建置計畫,同機關且標題核心相同，尚待人工確認是否為同一專案
candidate_6efcb1e84eca,玉里鎮藝文中心場館整建再造,2023,2024,2,3,61128631,花蓮縣文化局,玉里鎮藝文中心場館整建再造工程；玉里鎮藝文中心場館整建再造工程（第1次變更設計）；玉里鎮藝文中心場館整建再造工程(第2次變更設計),同機關且標題核心相同，尚待人工確認是否為同一專案
candidate_2170cac5598d,古楓部落聚會所,2024,2026,3,2,61017007,花蓮縣卓溪鄉公所,古楓部落聚會所興建工程,同機關且標題核心相同，尚待人工確認是否為同一專案
candidate_3889405b88d2,花蓮市區路燈增設路燈汰舊換新開口契約,2019,2025,7,7,60623107,花蓮縣花蓮市公所,108年度花蓮市區路燈增設暨路燈汰舊換新工程(開口契約)；109年度花蓮市區路燈增設暨路燈汰舊換新工程(開口契約)；110年度花蓮市區路燈增設暨路燈汰舊換新工程(開口契約)；111年度花蓮市區路燈增設暨路燈汰舊換新工程(開口契約)；112年度花蓮市區路燈增設暨路燈汰舊換新工程(開口契約)；113年度花蓮市區路燈增設暨路燈汰舊換新工程(開口契約)；114年度花蓮市區路燈增設暨路燈汰舊換新工程(開口契約),同機關且標題核心相同，尚待人工確認是否為同一專案
candidate_b1271f8083c8,編號鄉道市區道路重要路段養護,2011,2026,16,14,60247000,花蓮縣吉安鄉公所,編號鄉道及市區道路重要路段養護工程；115年度編號鄉道及市區道路重要路段養護工程,同機關且標題核心相同，尚待人工確認是否為同一專案
candidate_0c06f22bea6e,花蓮溪水系花蓮溪支流壽豐溪匯流處附近河段疏濬,2015,2017,3,2,59930000,花蓮縣政府,103年度花蓮溪水系花蓮溪與支流壽豐溪匯流處附近河段疏濬工程；106年度花蓮溪水系花蓮溪與支流壽豐溪匯流處附近河段疏濬工程,同機關且標題核心相同，尚待人工確認是否為同一專案
candidate_e7dbe157f7de,花蓮市立幼兒園餐點食材供應,2012,2025,14,14,59839379,花蓮縣花蓮市公所,花蓮市立幼兒園102年度餐點食材供應；花蓮市立幼兒園103年度餐點食材供應；花蓮市立幼兒園104年度餐點食材供應；花蓮市立幼兒園105年度餐點食材供應；花蓮市立幼兒園106年度餐點食材供應；花蓮市立幼兒園餐點食材供應；花蓮市立幼兒園餐點食材供應後續擴充,同機關且標題核心相同，尚待人工確認是否為同一專案
candidate_43de256c2b17,花蓮縣防災教育館室內裝修含空調,2022,2023,2,2,58485000,花蓮縣消防局,花蓮縣防災教育館室內裝修(含空調)工程；花蓮縣防災教育館室內裝修（含空調）工程第1次變更設計,同機關且標題核心相同，尚待人工確認是否為同一專案
candidate_0c748a7128be,花蓮縣政府公共建築委託監造服務開口契約,2023,2025,3,3,57734080,花蓮縣政府,花蓮縣政府112年度公共建築工程委託規劃設計及監造服務開口契約；花蓮縣政府113年度公共建築工程委託規劃設計及監造服務開口契約；花蓮縣政府115年度公共建築工程委託規劃設計及監造服務開口契約,同機關且標題核心相同，尚待人工確認是否為同一專案
candidate_4e0769b46a61,委辦失業者職業訓練,2013,2024,12,12,57726986,花蓮縣政府,委辦102年度失業者職業訓練；委辦103年度失業者職業訓練；委辦104年度失業者職業訓練；委辦105年度失業者職業訓練；委辦106年度失業者職業訓練；委辦110年度失業者職業訓練(第2次)；委辦111年度失業者職業訓練；委辦112年度失業者職業訓練；委辦113年度失業者職業訓練,同機關且標題核心相同，尚待人工確認是否為同一專案
candidate_1522938d987d,吉安鄉公共委託設計監造技術服務開口契約,2022,2026,5,6,57632183,花蓮縣吉安鄉公所,吉安鄉111年度公共工程委託設計監造技術服務(開口契約)；吉安鄉111年度公共工程委託設計監造技術服務(開口契約第二期)；吉安鄉112年度公共工程委託設計監造技術服務(開口契約)；吉安鄉11３年度公共工程委託設計監造技術服務(開口契約)；吉安鄉11３年度公共工程委託設計監造技術服務(開口契約第二期)；吉安鄉115年度公共工程委託設計監造技術服務(開口契約),同機關且標題核心相同，尚待人工確認是否為同一專案
candidate_224860e182b4,瞰臨城中美崙溪畔廊帶串聯,2023,2024,2,3,57600000,花蓮縣文化局,瞰臨城中-美崙溪畔廊帶串聯計畫工程；瞰臨城中-美崙溪畔廊帶串聯計畫工程(第3次變更設計)；瞰臨城中-美崙溪畔廊帶串聯計畫工程(第4次變更設計),同機關且標題核心相同，尚待人工確認是否為同一專案
candidate_e7f55a0fe766,瑞穗鄉自行車步道改善,2021,2024,4,2,57580000,花蓮縣瑞穗鄉公所,瑞穗鄉自行車步道改善計畫；瑞穗鄉自行車步道改善計畫(第二期),同機關且標題核心相同，尚待人工確認是否為同一專案
candidate_4918e7aa2c53,花蓮縣政府旅遊服務中心委託管理,2012,2026,15,12,57012840,花蓮縣政府,花蓮縣政府旅遊服務中心委託管理案；109年花蓮縣政府旅遊服務中心委託管理案；110年花蓮縣政府旅遊服務中心委託管理案；111年花蓮縣政府旅遊服務中心委託管理案；112年花蓮縣政府旅遊服務中心委託管理案；113年花蓮縣政府旅遊服務中心委託管理案；114年花蓮縣政府旅遊服務中心委託管理案；115年花蓮縣政府旅遊服務中心委託管理案,同機關且標題核心相同，尚待人工確認是否為同一專案
candidate_e97e3bcf032b,2022全中運選手之夜夏戀嘉年華太平洋觀光節活動規劃執行,2022,2023,2,6,56371750,花蓮縣政府,2022全中運選手之夜與夏戀嘉年華及太平洋觀光節活動規劃執行案；2022全中運選手之夜與夏戀嘉年華及太平洋觀光節活動規劃執行案-第一次契約變更；2022全中運選手之夜與夏戀嘉年華及太平洋觀光節活動規劃執行案(第三次契約變更)；2022全中運選手之夜與夏戀嘉年華及太平洋觀光節活動規劃執行案(第四次契約變更)；2022全中運選手之夜與夏戀嘉年華及太平洋觀光節活動規劃執行案(第五次契約變更)；2022全中運選手之夜與夏戀嘉年華及太平洋觀光節活動規劃執行案(第六次契約變更),同機關且標題核心相同，尚待人工確認是否為同一專案
candidate_6bdb1df7b33f,花蓮縣北區道路設施排水溝擋土牆等改善開口契約,2010,2018,9,11,56148000,花蓮縣政府,99年度花蓮縣北區道路設施(排水溝、擋土牆等)第二期改善工程(開口契約)；100年度花蓮縣北區道路設施(排水溝、擋土牆等)改善工程(開口契約)；101年度花蓮縣北區道路設施(排水溝、擋土牆等)改善工程(開口契約)；102年度花蓮縣北區道路設施(排水溝、擋土牆等)改善工程(開口契約)；103年度花蓮縣北區道路設施(排水溝、擋土牆等)改善工程(開口契約)；103年度花蓮縣北區道路設施（排水溝、擋土牆等）第二期改善工程(開口契約)；103年度花蓮縣北區道路設施（排水溝、擋土牆等）第三期改善工程(開口契約)；104年度花蓮縣北區道路設施 (排水溝、擋土牆等) 第一期改善工程(開口契約)；105年度花蓮縣北區道路設施(排水溝、擋土牆等)改善工程(開口契約)；100年度花蓮縣北區道路設施(排水溝、擋土牆等)改善工程第二期(開口契約)；106年度花蓮縣北區道路設施(排水溝、擋土牆等)改善工程(開口契約)第一期,同機關且標題核心相同，尚待人工確認是否為同一專案
candidate_76737a7be22d,花蓮縣寬頻管道建設維護搶修修繕開口契約,2012,2025,14,13,56084925,花蓮縣政府,101年度花蓮縣寬頻管道建設、維護、搶修及修繕工程（開口契約）；102年度花蓮縣寬頻管道建設、維護、搶修及修繕工程（開口契約）；103年度花蓮縣寬頻管道建設、維護、搶修及修繕工程(開口契約)；104年度花蓮縣寬頻管道建設、維護、搶修及修繕工程(開口契約)；105年度花蓮縣寬頻管道建設、維護、搶修及修繕工程(開口契約)；106年度花蓮縣寬頻管道建設、維護、搶修及修繕工程(開口契約)；107年度花蓮縣寬頻管道建設、維護、搶修及修繕工程(開口契約)；108年度花蓮縣寬頻管道建設、維護、搶修及修繕工程(開口契約)；109年度花蓮縣寬頻管道建設、維護、搶修及修繕工程(開口契約)；111年度花蓮縣寬頻管道建設、維護、搶修及修繕工程(開口契約)；112年度花蓮縣寬頻管道建設、維護、搶修及修繕工程(開口契約)；113年度花蓮縣寬頻管道建設、維護、搶修及修繕工程(開口契約)；114年度花蓮縣寬頻管道建設、維護、搶修及修繕工程(開口契約),同機關且標題核心相同，尚待人工確認是否為同一專案
candidate_be002e9f54b8,花蓮縣轄內道路橋梁災害搶險搶修開口契約,2024,2026,3,3,55814616,花蓮縣政府,113年度花蓮縣轄內道路橋梁災害搶險搶修工程(開口契約)；114年度花蓮縣轄內道路橋梁災害搶險搶修工程(開口契約)；115年度花蓮縣轄內道路橋梁災害搶險搶修工程(開口契約),同機關且標題核心相同，尚待人工確認是否為同一專案
candidate_1c9c23ccbd7c,秀林鄉災害搶險搶修開口契約,2010,2026,17,17,54980000,花蓮縣秀林鄉公所,秀林鄉99年度災害搶險搶修工程（開口契約）；秀林鄉100年度災害搶險搶修工程（開口契約）；秀林鄉101年度災害搶險搶修工程（開口契約）；秀林鄉102年度災害搶險搶修工程（開口契約）；秀林鄉103年度災害搶險搶修工程（開口契約）；秀林鄉104年度災害搶險搶修工程(開口契約)；秀林鄉105年度災害搶險搶修工程(開口契約)；秀林鄉106年度災害搶險搶修工程(開口契約)；107年度秀林鄉災害搶險搶修工程(開口契約)；108年度秀林鄉災害搶險搶修工程(開口契約)；109年度秀林鄉災害搶險搶修工程(開口契約)；110年度秀林鄉災害搶險搶修工程(開口契約)；111年度秀林鄉災害搶險搶修工程(開口契約)；112年度秀林鄉災害搶險搶修工程(開口契約)；113年度秀林鄉災害搶險搶修工程(開口契約)；114年度秀林鄉災害搶險搶修工程(開口契約)；115年度秀林鄉災害搶險搶修工程(開口契約),同機關且標題核心相同，尚待人工確認是否為同一專案
candidate_19e80f94f842,花蓮縣交通號誌標誌標線含代養省道交通號誌開口契約,2021,2022,2,3,54400000,花蓮縣政府,110年度花蓮縣交通號誌及標誌標線工程(含代養省道交通號誌)(開口契約)；111年度花蓮縣交通號誌及標誌標線工程(含代養省道交通號誌)(開口契約)；111年度花蓮縣交通號誌及標誌標線工程(含代養省道交通號誌)(開口契約)契約變更第1次(後續擴充),同機關且標題核心相同，尚待人工確認是否為同一專案
candidate_271147f113fa,太平洋公園新建成人體健設施設備周邊步道整修陽光電城周邊設施坡道改善,2024,2025,2,2,54313345,花蓮縣政府,太平洋公園新建成人體健設施設備、周邊步道整修 暨陽光電城周邊設施坡道改善工程；太平洋公園新建成人體健設施設備、周邊步道整 修暨陽光電城周邊設施坡道改善工程-第一次變更設計,同機關且標題核心相同，尚待人工確認是否為同一專案
candidate_c29a1c4dc267,花蓮縣消防局豐濱分隊廳舍,2021,2022,2,2,54030000,花蓮縣消防局,花蓮縣消防局豐濱分隊廳舍新建工程；花蓮縣消防局豐濱分隊廳舍新建工程-變更設計,同機關且標題核心相同，尚待人工確認是否為同一專案
candidate_401163885360,吉安鄉委託設計監造技術服務,2011,2017,7,7,53750010,花蓮縣吉安鄉公所,吉安鄉100年度工程委託設計監造技術服務案；吉安鄉101年度工程委託設計監造技術服務；吉安鄉102年度工程委託設計監造技術服務；吉安鄉103年度工程-委託設計監造技術服務；吉安鄉104年度工程委託設計監造技術服務；吉安鄉105年度工程委託設計監造技術服務；吉安鄉106年度工程委託設計監造技術服務,同機關且標題核心相同，尚待人工確認是否為同一專案
candidate_d0a54f14d407,花蓮縣警察局路口錄影監視系統建置開口合約採購,2020,2021,2,2,53686302,花蓮縣政府,花蓮縣警察局108年第2次暨109年路口錄影監視系統建置案開口合約採購案；花蓮縣警察局110年路口錄影監視系統建置案開口合約採購案,同機關且標題核心相同，尚待人工確認是否為同一專案
candidate_4975f4253922,花蓮縣縮短城鄉數位落差部落公共網路服務,2018,2019,2,2,53625600,花蓮縣政府,107年度花蓮縣縮短城鄉數位落差部落公共網路服務勞務採購案；108年度花蓮縣縮短城鄉數位落差部落公共網路服務計畫勞務採購案,同機關且標題核心相同，尚待人工確認是否為同一專案
candidate_29142f9c9205,大禮堂簡報室裝修,2011,2014,4,2,53600000,花蓮縣政府,大禮堂及簡報室裝修工程,同機關且標題核心相同，尚待人工確認是否為同一專案
candidate_2e9ab5848fbe,花蓮縣淨零碳排實施,2025,2026,2,2,53440000,花蓮縣環境保護局,114年度花蓮縣淨零碳排實施計畫；115年度花蓮縣淨零碳排實施計畫,同機關且標題核心相同，尚待人工確認是否為同一專案
candidate_8d2d5bd24140,萬榮鄉馬遠公墓環境設施改善,2020,2021,2,3,53269777,花蓮縣萬榮鄉公所,萬榮鄉馬遠公墓環境設施改善工程(第二期)；萬榮鄉馬遠公墓環境設施改善工程(第三期)工程委託技術服務；萬榮鄉馬遠公墓環境設施改善工程(第三期),同機關且標題核心相同，尚待人工確認是否為同一專案
candidate_da5c9c5c3ab1,花蓮縣消防局瑞穗分隊廳舍,2020,2022,3,2,53067554,花蓮縣消防局,花蓮縣消防局瑞穗分隊廳舍新建工程,同機關且標題核心相同，尚待人工確認是否為同一專案
candidate_d03e8f6ad219,花蓮縣土壤地下水污染調查毒化物源頭查核工作,2019,2026,8,7,53050000,花蓮縣環境保護局,109年度花蓮縣土壤及地下水污染調查暨毒化物源頭查核工作計畫；110年度花蓮縣土壤及地下水污染調查暨毒化物源頭查核工作計畫；111年度花蓮縣土壤及地下水污染調查暨毒化物源頭查核工作計畫；112年度花蓮縣土壤及地下水污染調查暨毒化物源頭查核工作計畫勞務採購；113年度花蓮縣土壤及地下水污染調查暨毒化物源頭查核工作計畫勞務採購；114年度花蓮縣土壤及地下水污染調查暨毒化物源頭查核工作計畫勞務採購；115年度花蓮縣土壤及地下水污染調查暨毒化物源頭查核工作計畫,同機關且標題核心相同，尚待人工確認是否為同一專案
candidate_b4b685240979,花蓮市各項公共委託設計監造開口契約,2023,2026,4,4,53035000,花蓮縣花蓮市公所,花蓮市112年度各項公共工程委託設計監造(開口契約)；花蓮市113年度各項公共工程委託設計監造（開口契約）；花蓮市114年度各項公共工程委託設計監造（開口契約）；花蓮市115年度各項公共工程委託設計監造（開口契約）,同機關且標題核心相同，尚待人工確認是否為同一專案
candidate_e7d7c15657c6,2024夏戀嘉年華太平洋觀光節活動規劃執行,2024,2025,2,4,52843555,花蓮縣政府,2024夏戀嘉年華暨太平洋觀光節活動規劃執行案；2024夏戀嘉年華暨太平洋觀光節活動規劃執行案-第一次契約變更；2024夏戀嘉年華暨太平洋觀光節活動規劃執行案-第三次契約變更；2024夏戀嘉年華暨太平洋觀光節活動規劃執行案-第五次契約變更,同機關且標題核心相同，尚待人工確認是否為同一專案
candidate_502dde1ff2c6,花蓮縣南區道路橋梁災害搶險搶修開口契約,2013,2023,11,11,52530000,花蓮縣政府,102年度花蓮縣南區道路橋梁災害搶險搶修工程(開口契約)；103年度花蓮縣南區道路橋梁災害搶險搶修工程(開口契約)；104年度花蓮縣南區道路橋梁災害搶險搶修工程(開口契約)；105年度花蓮縣南區道路橋梁災害搶險搶修工程(開口契約)；106年度花蓮縣南區道路橋梁災害搶險搶修工程(開口契約)；107年度花蓮縣南區道路橋梁災害搶險搶修工程(開口契約)；108年度花蓮縣南區道路橋梁災害搶險搶修工程(開口契約)；109年度花蓮縣南區道路橋梁災害搶險搶修工程(開口契約)；110年度花蓮縣南區道路橋梁災害搶險搶修工程(開口契約)；111年度花蓮縣南區道路橋梁災害搶險搶修工程(開口契約)；112年度花蓮縣南區道路橋梁災害搶險搶修工程(開口契約),同機關且標題核心相同，尚待人工確認是否為同一專案
candidate_613b985dbb13,花蓮縣縣管河川防汛道路區域中小排水搶險修開口契約,2016,2026,11,11,52293600,花蓮縣政府,花蓮縣縣管河川、防汛道路、區域與中小排水搶險(修)工程(開口契約)；112年度花蓮縣縣管河川、防汛道路、區域與中小排水搶險(修)工程(開口契約)；113年度花蓮縣縣管河川、防汛道路、區域與中小排水搶險(修)工程(開口契約)；114年度花蓮縣縣管河川、防汛道路、區域與中小排水搶險(修)工程(開口契約)；115年度花蓮縣縣管河川、防汛道路、區域與中小排水搶險(修)工程(開口契約),同機關且標題核心相同，尚待人工確認是否為同一專案
candidate_a1fdd264806d,花蓮縣北區道路橋梁災害搶險搶修開口契約,2013,2023,11,11,52290000,花蓮縣政府,102年度花蓮縣北區道路橋梁災害搶險搶修工程(開口契約)；103年度花蓮縣北區道路橋梁災害搶險搶修工程(開口契約)；104年度花蓮縣北區道路橋梁災害搶險搶修工程(開口契約)；105年度花蓮縣北區道路橋梁災害搶險搶修工程(開口契約)；106年度花蓮縣北區道路橋梁災害搶險搶修工程(開口契約)；107年度花蓮縣北區道路橋梁災害搶險搶修工程(開口契約)；108年度花蓮縣北區道路橋梁災害搶險搶修工程(開口契約)；109年度花蓮縣北區道路橋梁災害搶險搶修工程(開口契約)；110年度花蓮縣北區道路橋梁災害搶險搶修工程(開口契約)；111年度花蓮縣北區道路橋梁災害搶險搶修工程(開口契約)；112年度花蓮縣北區道路橋梁災害搶險搶修工程(開口契約),同機關且標題核心相同，尚待人工確認是否為同一專案
candidate_193f9d5ba9d5,花蓮縣立網球場整建,2021,2022,2,2,52237412,花蓮縣政府,花蓮縣立網球場整建工程；花蓮縣立網球場整建工程-第一次變更設計,同機關且標題核心相同，尚待人工確認是否為同一專案
candidate_a9b5cf8c2c74,花蓮市區巷道排水溝人行道維護開口契約,2020,2026,7,7,52216000,花蓮縣花蓮市公所,109年度花蓮市區巷道、排水溝及人行道維護工程開口契約；110年度花蓮市區巷道、排水溝及人行道維護工程開口契約；111年度花蓮市區巷道、排水溝及人行道維護工程開口契約；112年度花蓮市區巷道、排水溝及人行道維護工程開口契約；113年度花蓮市區巷道、排水溝及人行道維護工程開口契約；114年度花蓮市區巷道、排水溝及人行道維護工程開口契約；115年度花蓮市區巷道、排水溝及人行道維護工程開口契約,同機關且標題核心相同，尚待人工確認是否為同一專案
candidate_2afadd9657d5,太巴塱祭祀廣場部落驛站建構祭祀會所,2023,2025,3,2,52001767,花蓮縣政府,太巴塱祭祀廣場部落驛站建構第二期-祭祀會所興建工程；太巴塱祭祀廣場部落驛站建構第二期-祭祀會所興建工程(第一次變更設計),同機關且標題核心相同，尚待人工確認是否為同一專案
candidate_8b30472c2753,全縣13鄉鎮市水利設施清淤疏浚維護等開口契約,2018,2026,9,8,50598000,花蓮縣政府,108年度全縣13鄉鎮市水利設施清淤疏浚維護等工程(開口契約)；109年度全縣13鄉鎮市水利設施清淤疏浚維護等工程(開口契約)；110年度全縣13鄉鎮市水利設施清淤疏浚維護等工程(開口契約)；111年度全縣13鄉鎮市水利設施清淤疏浚維護等工程(開口契約)；112年度全縣13鄉鎮市水利設施清淤疏浚維護等工程(開口契約)；113年度全縣13鄉鎮市水利設施清淤疏浚維護等工程(開口契約)；114年度全縣13鄉鎮市水利設施清淤疏浚維護等工程(開口契約)；115年度全縣13鄉鎮市水利設施清淤疏浚維護等工程(開口契約),同機關且標題核心相同，尚待人工確認是否為同一專案
candidate_ae25e31b1216,花蓮縣身心障礙福利服務中心耐震補強,2024,2025,2,2,50536300,花蓮縣政府,花蓮縣身心障礙福利服務中心耐震補強工程；花蓮縣身心障礙福利服務中心耐震補強工程-第一次變更設計,同機關且標題核心相同，尚待人工確認是否為同一專案
candidate_65d3b2aacaae,豐濱鄉委託設計監造開口契約採購,2012,2019,8,8,50504475,花蓮縣豐濱鄉公所,豐濱鄉101年度工程委託設計監造開口契約採購案；豐濱鄉102年度工程委託設計監造開口契約採購案；豐濱鄉103年度工程委託設計監造開口契約採購案；豐濱鄉104年度工程委託設計監造開口契約採購案；豐濱鄉105年度工程委託設計監造開口契約採購案；豐濱鄉106年度工程委託設計監造開口契約採購案；豐濱鄉107年度工程委託設計監造開口契約採購案；豐濱鄉108年度工程委託設計監造開口契約採購案,同機關且標題核心相同，尚待人工確認是否為同一專案
candidate_bdbe0b209a9c,花蓮縣河川揚塵預警宣導改善推動,2015,2022,8,8,50460000,花蓮縣環境保護局,104年度花蓮縣河川揚塵預警、宣導及改善推動計畫；105年度花蓮縣河川揚塵預警、宣導及改善推動計畫；106年度花蓮縣河川揚塵預警、宣導及改善推動計畫；107年度花蓮縣河川揚塵預警、宣導及改善推動計畫；108年度花蓮縣河川揚塵預警、宣導及改善推動計畫；109年度花蓮縣河川揚塵預警、宣導及改善推動計畫；110年度花蓮縣河川揚塵預警、宣導及改善推動計畫；111年度花蓮縣河川揚塵預警、宣導及改善推動計畫,同機關且標題核心相同，尚待人工確認是否為同一專案
candidate_aa655110ddbd,全區道路改善開口契約,2024,2026,3,2,50260000,花蓮縣政府,113年度全區道路改善工程(開口契約)；115年度全區道路改善工程(開口契約),同機關且標題核心相同，尚待人工確認是否為同一專案
candidate_85dd5d40dc51,國民中小學老舊校舍整建北濱國小南側校舍拆除重建,2023,2024,2,2,50182699,花蓮縣政府,國民中小學老舊校舍整建計畫-北濱國小南側校舍拆除重建工程；國民中小學老舊校舍整建計畫-北濱國小南側校舍拆除重建工程-第一次變更設計,同機關且標題核心相同，尚待人工確認是否為同一專案
candidate_9dc32c9b0ea5,麻汝排水0918震災第二階段復建,2023,2024,2,2,49765620,花蓮縣政府,麻汝排水0918震災(第二階段)復建工程；麻汝排水0918震災(第二階段)復建工程第一次變更設計,同機關且標題核心相同，尚待人工確認是否為同一專案
candidate_bd2e37f6b01e,瑞穗鄉委託規劃設計監造,2011,2017,7,7,49299090,花蓮縣瑞穗鄉公所,瑞穗鄉100年度工程委託規劃、設計及監造；瑞穗鄉101年度工程委託規劃、設計及監造；瑞穗鄉102年度工程委託規劃、設計及監造；瑞穗鄉103年度工程委託規劃、設計及監造；瑞穗鄉104年度工程委託規劃、設計及監造；瑞穗鄉105年度工程委託規劃、設計及監造；瑞穗鄉106年度工程委託規劃、設計及監造,同機關且標題核心相同，尚待人工確認是否為同一專案
candidate_2de0d3cda388,各項委託測設監造開口契約,2010,2023,14,11,48693300,花蓮縣鳳林鎮公所,99年度各項工程委託測設及監造開口契約；100年度各項工程委託測設及監造開口契約；101年度各項工程委託測設及監造開口契約；103年度各項工程委託測設及監造開口契約；104年度各項工程委託測設及監造開口契約；105年度各項工程委託測設及監造開口契約；108年度各項工程委託測設及監造開口契約；109年度各項工程委託測設及監造開口契約；110年度各項工程委託測設及監造開口契約；111年度各項工程委託測設及監造開口契約；112年度各項工程委託測設及監造開口契約,同機關且標題核心相同，尚待人工確認是否為同一專案
candidate_dd7e449faa28,花蓮縣縮短城鄉數位落差部落戶外免費公共網路服務委託資訊服務採購,2022,2023,2,2,48581360,花蓮縣政府,111年度花蓮縣縮短城鄉數位落差部落戶外免費公共網路服務計畫委託資訊服務採購案；112年度花蓮縣縮短城鄉數位落差部落戶外免費公共網路服務計畫委託資訊服務採購案,同機關且標題核心相同，尚待人工確認是否為同一專案
candidate_a4c45887db4b,花蓮縣空氣品質淨化區空氣品質監測CEMS監督查核維護管理,2015,2019,5,5,48437000,花蓮縣環境保護局,105年度「花蓮縣空氣品質淨化區暨空氣品質監測、CEMS監督查核維護管理計畫」；106年度「花蓮縣空氣品質淨化區暨空氣品質監測、CEMS監督查核維護管理計畫；107年度花蓮縣空氣品質淨化區暨空氣品質監測、CEMS監督查核維護管理計畫；108年度花蓮縣空氣品質淨化區暨空氣品質監測、CEMS監督查核維護管理計畫；109年度花蓮縣空氣品質淨化區暨空氣品質監測、CEMS監督查核維護管理計畫,同機關且標題核心相同，尚待人工確認是否為同一專案
candidate_6260edffd9cf,花蓮縣機車排氣停車怠速熄火稽查管制,2018,2019,2,3,48000000,花蓮縣環境保護局,107年度「花蓮縣機車排氣暨停車怠速熄火稽查管制計畫」；108年度花蓮縣機車排氣暨停車怠速熄火稽查管制計畫；109年度花蓮縣機車排氣暨停車怠速熄火稽查管制計畫,同機關且標題核心相同，尚待人工確認是否為同一專案
candidate_664d3881ad8b,2019夏戀嘉年華太平洋觀光節活動規劃執行,2019,2020,2,3,47876000,花蓮縣政府,2019夏戀嘉年華暨太平洋觀光節活動規劃執行案；2019夏戀嘉年華暨太平洋觀光節活動規劃執行案-第一次契約變更；2019夏戀嘉年華暨太平洋觀光節活動規劃執行案-第二次契約變更,同機關且標題核心相同，尚待人工確認是否為同一專案
candidate_a32c97c696f5,193線道路設施巡查坑洞修補災害搶險修中央機關考核開口契約,2024,2025,2,2,47638057,花蓮縣政府,112年度193線道路設施、巡查、坑洞修補、災害搶險修及中央機關考核(開口契約)；115年度193線道路設施、巡查、坑洞修補、災害搶 險修與中央機關考核(開口契約),同機關且標題核心相同，尚待人工確認是否為同一專案
candidate_b8648146732d,花蓮縣水利設施改善含災後復建委託設計監造技術服務工作開口契約,2024,2026,3,3,47007000,花蓮縣政府,113年度花蓮縣水利設施改善工程(含災後復建)委託設計監造技術服務工作(開口契約)；114年度花蓮縣水利設施改善工程(含災後復建)委託設計監造技術服務工作(開口契約)；115年度花蓮縣水利設施改善工程(含災後復建)委託設計監造技術服務工作(開口契約),同機關且標題核心相同，尚待人工確認是否為同一專案
candidate_9a44884dd386,花蓮縣立田徑場地坪欄杆整建,2020,2021,2,2,45860090,花蓮縣政府,花蓮縣立田徑場地坪欄杆整建工程；花蓮縣立田徑場地坪欄杆整建工程第1次變更設計,同機關且標題核心相同，尚待人工確認是否為同一專案
candidate_4069342e9f88,玉里極限運動場,2025,2026,2,3,45760664,花蓮縣政府,玉里極限運動場新建工程；玉里極限運動場新建工程第一次變更設計；玉里極限運動場新建工程第二次變更設計,同機關且標題核心相同，尚待人工確認是否為同一專案
candidate_8d2e3b255edd,花蓮縣警察局路口錄影監視系統開口合約採購,2018,2019,2,2,45751188,花蓮縣政府,花蓮縣警察局107年路口錄影監視系統開口合約採購案；花蓮縣警察局107年第2次暨108年路口錄影監視系統開口合約採購案,同機關且標題核心相同，尚待人工確認是否為同一專案
candidate_bd95d5d20d6c,2025花蓮太平洋燈會整體活動規劃執行,2024,2025,2,2,45240000,花蓮縣政府,2025花蓮太平洋燈會整體活動規劃執行案；2025花蓮太平洋燈會整體活動規劃執行案(第一次契約變更),同機關且標題核心相同，尚待人工確認是否為同一專案
candidate_6f7c0384d56c,編號鄉道市區道路重要路段養護,2010,2026,17,12,44700000,花蓮縣花蓮市公所,編號鄉道及市區道路重要路段養護工程；107年度編號鄉道及市區道路重要路段養護工程；108年度編號鄉道及市區道路重要路段養護工程；109年度編號鄉道及市區道路重要路段養護工程；110年度編號鄉道及市區道路重要路段養護工程；111年度編號鄉道及市區道路重要路段養護工程；112年度編號鄉道及市區道路重要路段養護工程；113年度編號鄉道及市區道路重要路段養護工程；114年度編號鄉道及市區道路重要路段養護工程；115年度編號鄉道及市區道路重要路段養護工程,同機關且標題核心相同，尚待人工確認是否為同一專案
candidate_d5934e3190e1,花蓮縣立太昌游泳池整建修繕,2021,2022,2,2,44690000,花蓮縣政府,花蓮縣立太昌游泳池整建修繕工程；花蓮縣立太昌游泳池整建修繕工程(第一次變更設計),同機關且標題核心相同，尚待人工確認是否為同一專案
candidate_b45105822a8f,花蓮縣捕蜂捉蛇,2021,2025,5,5,44684705,花蓮縣消防局,110年花蓮縣捕蜂捉蛇勞務採購；111年花蓮縣捕蜂捉蛇勞務採購案；112年花蓮縣捕蜂捉蛇勞務採購案；113年花蓮縣捕蜂捉蛇勞務採購案；114年花蓮縣捕蜂捉蛇勞務採購案,同機關且標題核心相同，尚待人工確認是否為同一專案
candidate_9e3becf354ed,花蓮縣新城鄉民有街AD幹線雨水下水道,2019,2020,2,2,44342430,花蓮縣政府,花蓮縣新城鄉民有街(A、D幹線)雨水下水道工程；花蓮縣新城鄉民有街(A、D幹線)雨水下水道工程-(第1次變更設計),同機關且標題核心相同，尚待人工確認是否為同一專案
candidate_fcd9a50476cf,花蓮縣土壤地下水污染調查查證工作,2013,2018,6,6,44126680,花蓮縣環境保護局,103年度花蓮縣土壤及地下水污染調查與查證工作計畫；104年度「花蓮縣土壤及地下水污染調查與查證工作計畫」；105年度「花蓮縣土壤及地下水污染調查及查證工作計畫」；106年度「花蓮縣土壤及地下水污染調查及查證工作計畫」；107年度花蓮縣土壤及地下水污染調查及查證工作計畫；108年度花蓮縣土壤及地下水污染調查及查證工作計畫,同機關且標題核心相同，尚待人工確認是否為同一專案
candidate_b8e8247c3f22,1至12月花蓮縣各鄉鎮市村里長辦公處鄰長政令宣導報紙財物採購開口契約,2018,2021,4,4,44098860,花蓮縣政府,108年度1至12月花蓮縣各鄉鎮市村(里)長辦公處、鄰長政令宣導報紙財物採購案(開口契約)；109年度1至12月花蓮縣各鄉鎮市村(里)長辦公處、鄰長政令宣導報紙財物採購案(開口契約)；110年度1至12月花蓮縣各鄉鎮市村(里)長辦公處、鄰長政令宣導報紙財物採購案(開口契約)；111年度1至12月花蓮縣各鄉鎮市村(里)長辦公處、鄰長政令宣導報紙財物採購案(開口契約),同機關且標題核心相同，尚待人工確認是否為同一專案
candidate_049270117b95,193線道路設施巡查坑洞修補災害搶險修〈開口契約含中央機關考核〉,2021,2022,2,2,44087346,花蓮縣政府,110年度193線道路設施、巡查、坑洞修補及災害搶險修〈開口契約含中央機關考核〉；111年度193線道路設施、巡查、坑洞修補及災害搶險修〈開口契約含中央機關考核〉,同機關且標題核心相同，尚待人工確認是否為同一專案
candidate_8e5013b92b84,花蓮縣家庭處遇服務方,2017,2026,10,7,44032000,花蓮縣政府,106年度花蓮縣家庭處遇服務方案；107年度花蓮縣家庭處遇服務方案；108年度花蓮縣家庭處遇服務方案；109年花蓮縣家庭處遇服務方案；110年度花蓮縣家庭處遇服務方案；111年度花蓮縣家庭處遇服務方案(後續擴充)；115年度花蓮縣家庭處遇服務方案,同機關且標題核心相同，尚待人工確認是否為同一專案
candidate_7d0eecaa74bb,太巴塱祭祀廣場部落驛站建構,2017,2020,4,5,44009855,花蓮縣政府,太巴塱祭祀廣場部落驛站建構規劃設計監造；太巴塱祭祀廣場部落驛站建構工程；太巴塱祭祀廣場部落驛站建構第二期計畫規劃設計監造,同機關且標題核心相同，尚待人工確認是否為同一專案
candidate_f227d0cfe958,花蓮市里鄰長調解委員政令宣導活動,2016,2026,11,10,43825170,花蓮縣花蓮市公所,105年度花蓮市里鄰長及調解委員政令宣導活動；106年度花蓮市里鄰長及調解委員政令宣導活動；107年度花蓮市里鄰長及調解委員政令宣導活動；108年度花蓮市里鄰長及調解委員政令宣導活動；109年度花蓮市里鄰長及調解委員政令宣導活動；111年度花蓮市里鄰長及調解委員政令宣導活動；112年度花蓮市里鄰長及調解委員政令宣導活動；113年度花蓮市里鄰長及調解委員政令宣導活動；114年度花蓮市里鄰長及調解委員政令宣導活動；115年度花蓮市里鄰長及調解委員政令宣導活動,同機關且標題核心相同，尚待人工確認是否為同一專案
candidate_9ca895228f62,2018夏戀嘉年華太平洋觀光節活動規劃執行,2018,2019,2,3,43465500,花蓮縣政府,2018夏戀嘉年華暨太平洋觀光節活動規劃執行案；2018夏戀嘉年華暨太平洋觀光節活動規劃執行案-第一次契約變更；2018夏戀嘉年華暨太平洋觀光節活動規劃執行案-第三次契約變更,同機關且標題核心相同，尚待人工確認是否為同一專案
candidate_a76c0469f6e4,災害搶險搶修開口契約,2015,2026,12,14,43059900,花蓮縣卓溪鄉公所,103年度災害搶險搶修工程第二次開口契約；104年度災害搶險搶修工程開口契約；105年度災害搶險搶修工程開口契約；106年度災害搶險搶修工程開口契約；107年度災害搶險搶修工程開口契約；108年度災害搶險搶修工程開口契約；109年度災害搶險搶修工程開口契約；110年度災害搶險搶修工程開口契約；111年度災害搶險搶修工程開口契約；112年度災害搶險搶修工程開口契約；113年度災害搶險搶修工程開口契約；114年度災害搶險搶修工程開口契約；114年度災害搶險搶修工程開口契約-第二期；115年度災害搶險搶修工程開口契約,同機關且標題核心相同，尚待人工確認是否為同一專案
candidate_01371dc19cb6,花蓮縣南區道路設施排水溝擋土牆等改善開口契約,2011,2017,7,9,42840000,花蓮縣政府,100年度花蓮縣南區道路設施(排水溝、擋土牆等)改善工程(開口契約)；100年度花蓮縣南區道路設施(排水溝、擋土牆等)第二期改善工程(開口契約)；101年度花蓮縣南區道路設施(排水溝、擋土牆等)改善工程(開口契約)；102年度花蓮縣南區道路設施(排水溝、擋土牆等)改善工程(開口契約)；103年度花蓮縣南區道路設施第二期（排水溝、擋土牆等）改善工程(開口契約)；103年度花蓮縣南區道路設施（排水溝、擋土牆等）第三期改善工程(開口契約)；105年度花蓮縣南區道路設施(排水溝、擋土牆等)改善工程(開口契約)；106年度花蓮縣南區道路設施(排水溝、擋土牆等)改善工程(開口契約)第一期,同機關且標題核心相同，尚待人工確認是否為同一專案
candidate_99cbaa23117d,花蓮縣身心障礙者自立生活支持服務,2019,2026,8,15,42647066,花蓮縣政府,花蓮縣身心障礙者自立生活支持服務；113年度花蓮縣身心障礙者自立生活支持服務,同機關且標題核心相同，尚待人工確認是否為同一專案
candidate_bea36631ffe3,鳳林鎮小型零星開口契約,2015,2026,12,13,42371614,花蓮縣鳳林鎮公所,104年度鳳林鎮小型零星工程開口契約；105年度鳳林鎮小型零星工程開口契約；106年度鳳林鎮小型零星工程開口契約；107年度鳳林鎮小型零星工程開口契約；107年度鳳林鎮小型零星工程開口契約（第二次）；108年度鳳林鎮小型零星工程開口契約；109年度鳳林鎮小型零星工程開口契約；110年度鳳林鎮小型零星工程開口契約；111年度鳳林鎮小型零星工程開口契約；112年度鳳林鎮小型零星工程開口契約；113年度鳳林鎮小型零星工程開口契約；114年度鳳林鎮小型零星工程第二期開口契約；115年度鳳林鎮小型零星工程開口契約,同機關且標題核心相同，尚待人工確認是否為同一專案
candidate_c15f3397bf85,花蓮市清潔隊清潔車輛維修,2012,2025,14,24,42298133,花蓮縣花蓮市公所,花蓮市清潔隊清潔車輛維修；花蓮市清潔隊清潔車輛維修第2次後續擴充；花蓮市清潔隊清潔車輛維修第1次後續擴充；花蓮市清潔隊清潔車輛維修第3次後續擴充,同機關且標題核心相同，尚待人工確認是否為同一專案
candidate_ede6f371fc4f,花蓮縣警察局各協勤民力外縣市參訪觀摩活動,2020,2022,3,3,41981238,花蓮縣警察局,花蓮縣警察局109年度各協勤民力外縣市參訪觀摩活動勞務採購案；花蓮縣警察局110年度各協勤民力外縣市參訪觀摩活動勞務採購案；花蓮縣警察局111年度各協勤民力外縣市參訪觀摩活動勞務採購案,同機關且標題核心相同，尚待人工確認是否為同一專案
candidate_38392d2881e8,花蓮縣壽豐鄉公所公共測量規劃設計監造,2012,2016,5,5,41311225,花蓮縣壽豐鄉公所,花蓮縣壽豐鄉公所101年度公共工程測量、規劃、設計及監造委託技術服務案；花蓮縣壽豐鄉公所102年度公共工程測量、規劃、設計及監造委託技術服務案；花蓮縣壽豐鄉公所103年度公共工程測量、規劃、設計及監造委託技術服務案；花蓮縣壽豐鄉公所104年度公共工程測量、規劃、設計及監造委託技術服務案；花蓮縣壽豐鄉公所105年度公共工程測量、規劃、設計及監造委託技術服務案,同機關且標題核心相同，尚待人工確認是否為同一專案
candidate_2e011e309016,樂活花蓮智慧城鄉播種便民服務無線網路建置,2018,2020,3,3,41300000,花蓮縣政府,「106年度樂活花蓮智慧城鄉播種計畫」便民服務無線網路建置案；「107年度樂活花蓮智慧城鄉播種計畫」便民服務無線網路建置案；「108年度樂活花蓮智慧城鄉播種計畫」便民服務無線網路建置案,同機關且標題核心相同，尚待人工確認是否為同一專案
candidate_0643ed2e2986,193線路面改善開口契約,2018,2023,6,6,41153475,花蓮縣政府,107年度193線路面改善工程(開口契約)；108年度193線路面改善工程（開口契約）；109年度193線路面改善工程(開口契約）；110年度193線路面改善工程(開口契約)；111年度193線路面改善工程(開口契約)；112年度193線路面改善工程(開口契約),同機關且標題核心相同，尚待人工確認是否為同一專案
candidate_3efbc77cf866,花蓮縣橋梁修復開口契約,2017,2022,6,6,40820000,花蓮縣政府,花蓮縣106年度橋梁修復工程(開口契約)；花蓮縣107年度橋梁修復工程(開口契約)；花蓮縣108年度橋梁修復工程(開口契約)；花蓮縣109年度橋梁修復工程(開口契約)；花蓮縣110年度橋梁修復工程(開口契約)；花蓮縣111年度橋梁修復工程(開口契約),同機關且標題核心相同，尚待人工確認是否為同一專案
candidate_f9624ac7b007,193線0k+000~110k+600災害搶修道路修繕開口契約,2012,2019,8,7,40496000,花蓮縣政府,193線0k+000~110k+600災害搶修及道路修繕工程（開口契約）；104年度193線0k+000~110k+600災害搶修及道路修繕工程(開口契約）；105年度193線0k+000~110k+600災害搶修及道路修繕工程（開口契約）；106年度193線0k+000~110k+600災害搶修及道路修繕工程（開口契約）；107年度193線0k+000~110k+600災害搶修及道路修繕工程（開口契約）；108年度193線0k+000~110k+600災害搶修及道路修繕工程（開口契約）,同機關且標題核心相同，尚待人工確認是否為同一專案
candidate_7db99fece8e1,花蓮縣新城鄉太平街雨水下水道,2020,2022,3,2,40467352,花蓮縣政府,花蓮縣新城鄉太平街雨水下水道工程；花蓮縣新城鄉太平街雨水下水道工程(第1次變更設計),同機關且標題核心相同，尚待人工確認是否為同一專案
candidate_93409a0a8bdb,公共委託監造技術服務開口契約,2018,2025,8,5,40355292,花蓮縣卓溪鄉公所,107年度公共工程委託規劃設計及監造技術服務開口契約；108年度公共工程委託規劃設計及監造技術服務開口契約；109年度公共工程委託規劃設計及監造技術服務-開口契約；110年度公共工程委託規劃設計及監造技術服務-開口契約案；113年公共工程委託規劃設計及監造技術服務開口契約契約變更,同機關且標題核心相同，尚待人工確認是否為同一專案
candidate_1bedd236cea0,壽豐部落聚會所,2023,2026,4,3,40005000,花蓮縣壽豐鄉公所,壽豐部落聚會所興建工程；壽豐部落聚會所興建工程-第一次變更設計,同機關且標題核心相同，尚待人工確認是否為同一專案
candidate_3209be62fae7,花蓮縣環境景觀總顧問,2010,2026,17,15,39980000,花蓮縣政府,99年花蓮縣環境景觀總顧問計畫；花蓮縣環境景觀總顧問計畫；101年花蓮縣環境景觀總顧問計畫；102年花蓮縣環境景觀總顧問計畫；103年度花蓮縣環境景觀總顧問計畫；104年度花蓮縣環境景觀總顧問計畫；105年度花蓮縣環境景觀總顧問計畫；107年度花蓮縣環境景觀總顧問計畫；108年度花蓮縣環境景觀總顧問計畫；109年度花蓮縣環境景觀總顧問計畫；110年度花蓮縣環境景觀總顧問計畫；111年度花蓮縣環境景觀總顧問計畫；112年度花蓮縣環境景觀總顧問計畫；114年度花蓮縣環境景觀總顧問計畫；115年度花蓮縣環境景觀總顧問計畫,同機關且標題核心相同，尚待人工確認是否為同一專案
candidate_f71623166b5f,全鄉各村電力電信自來水管線單位挖掘道路修復全鄉道路路面舖設AC,2015,2020,6,3,39460000,花蓮縣吉安鄉公所,全鄉各村電力、電信、自來水管線單位挖掘道路修復及全鄉道路路面舖設AC工程；全鄉各村電力、電信、自來水管線單位挖掘道路修復暨全鄉道路路面舖設AC工程,同機關且標題核心相同，尚待人工確認是否為同一專案
candidate_e8a31705df32,委外設計監造勞務委任採購開口契約,2014,2020,7,5,39135000,花蓮縣玉里鎮公所,103年度工程委外設計、監造勞務委任採購案(開口契約)；104年度工程委外設計、監造勞務委任採購案(開口契約)；107年度工程委外設計、監造勞務委任採購案（開口契約）；108年度工程委外設計、監造勞務委任採購案(開口契約)；109年度工程委外設計、監造勞務委任採購案（開口契約）,同機關且標題核心相同，尚待人工確認是否為同一專案
candidate_ea711278db79,花蓮縣政府公共委託監造服務全區,2016,2023,8,8,38745500,花蓮縣政府,花蓮縣政府105年度公共工程委託規劃設計及監造服務(全區)；花蓮縣政府106年度公共工程委託規劃設計及監造服務(全區)；花蓮縣政府107年度公共工程委託規劃設計及監造服務(全區)；花蓮縣政府108年度公共工程委託規劃設計及監造服務(全區)；花蓮縣政府109年度公共工程委託規劃設計及監造服務(全區)；花蓮縣政府110年度公共工程委託規劃設計及監造服務(全區)；花蓮縣政府111年度公共工程委託規劃設計及監造服務(全區)；花蓮縣政府112年度公共工程委託規劃設計及監造服務(全區),同機關且標題核心相同，尚待人工確認是否為同一專案
candidate_ce43044267ea,新城鄉光復路民有街以北人行空間改善,2019,2020,2,2,38690000,花蓮縣新城鄉公所,新城鄉光復路(民有街以北)人行空間改善工程；新城鄉光復路(民有街以北)人行空間改善工程(第2期),同機關且標題核心相同，尚待人工確認是否為同一專案
candidate_0434af3a1c1b,馬太鞍溪疏濬,2019,2025,7,3,38307221,花蓮縣政府,馬太鞍溪疏濬工程；113年馬太鞍溪疏濬工程-第一次契約變更；113年馬太鞍溪疏濬工程-第二次契約變更,同機關且標題核心相同，尚待人工確認是否為同一專案
candidate_521821f9bece,本鄉各村道路排水溝維護公共設施開口契約,2012,2022,11,13,38278000,花蓮縣秀林鄉公所,本鄉各村道路排水溝維護及公共設施工程（開口契約）；本鄉各村道路排水溝維護及公共設施工程（第二期開口契約）；103年本鄉各村道路排水溝維護及公共設施工程（開口契約）；104年本鄉各村道路排水溝維護及公共設施工程（開口契約）；105年本鄉各村道路排水溝維護及公共設施工程(開口契約)；106年本鄉各村道路排水溝維護及公共設施工程(開口契約)；107年本鄉各村道路排水溝維護及公共設施工程(開口契約)；108年本鄉各村道路排水溝維護及公共設施工程(開口契約)；109年本鄉各村道路排水溝維護及公共設施工程(開口契約)；110年本鄉各村道路排水溝維護及公共設施工程(開口契約)；111年本鄉各村道路排水溝維護及公共設施工程(開口契約),同機關且標題核心相同，尚待人工確認是否為同一專案
candidate_a2d74c0a15b3,花蓮縣黃金海岸南北濱核心區周邊海岸地景公園改造,2011,2013,3,2,38048000,花蓮縣政府,100年度「花蓮縣黃金海岸計畫-南北濱核心區周邊海岸地景公園改造第二期工程」；102年度「花蓮縣黃金海岸計畫-南北濱核心區周邊海岸地景公園改造第三期工程」,同機關且標題核心相同，尚待人工確認是否為同一專案
candidate_613d8078e2f5,花蓮影視基地營運管理,2021,2026,6,6,38000000,花蓮縣文化局,110年花蓮影視基地營運管理；111年花蓮影視基地營運管理；111年花蓮影視基地營運管理-112年後續擴充；113年花蓮影視基地營運管理；114年花蓮影視基地營運管理；115年花蓮影視基地營運管理,同機關且標題核心相同，尚待人工確認是否為同一專案
candidate_828a28b80f1a,193線道路設施改善全線道路巡查坑洞修補開口契約,2013,2020,8,8,37900000,花蓮縣政府,102年度193線道路設施改善及全線道路巡查、坑洞修補(開口契約)；103年度193線道路設施改善及全線道路巡查、坑洞修補(開口契約)；104年度193線道路設施改善及全線道路巡查、坑洞修補(開口契約)；105年度193線道路設施改善及全線道路巡查、坑洞修補(開口契約)；106年度193線道路設施改善及全線道路巡查、坑洞修補(開口契約)；107年度193線道路設施改善及全線道路巡查、坑洞修補(開口契約)；108年度193線道路設施改善及全線道路巡查、坑洞修補(開口契約)；109年度193線道路設施改善及全線道路巡查、坑洞修補(開口契約),同機關且標題核心相同，尚待人工確認是否為同一專案
candidate_cb62b6a6f441,花蓮縣政府公共委託監造服務開口契約,2024,2025,2,2,37872000,花蓮縣政府,花蓮縣政府113年度公共工程委託規劃設計及監造服務開口契約；花蓮縣政府114年度公共工程委託規劃設計及監造服務開口契約,同機關且標題核心相同，尚待人工確認是否為同一專案
candidate_c5e4fa5b95d7,水利建造物安全檢查委託服務工作,2010,2026,17,15,37629210,花蓮縣政府,99年度水利建造物安全檢查委託服務工作；100年度水利建造物安全檢查委託服務工作；水利建造物安全檢查委託服務工作；104年度水利建造物安全檢查委託服務工作；105年度水利建造物安全檢查委託服務工作；106年度水利建造物安全檢查委託服務工作；107年度水利建造物安全檢查委託服務工作；108年度水利建造物安全檢查委託服務工作；109年度水利建造物安全檢查委託服務工作；110年度水利建造物安全檢查委託服務工作；111年度水利建造物安全檢查委託服務工作；112年度水利建造物安全檢查委託服務工作；113年度水利建造物安全檢查委託服務工作；115年度水利建造物安全檢查委託服務工作,同機關且標題核心相同，尚待人工確認是否為同一專案
candidate_a67d5d0ffcca,全鄉道路維護整修緊急搶修開口契約,2017,2025,9,11,37415000,花蓮縣吉安鄉公所,全鄉道路維護、整修及緊急搶修工程(開口契約)；107年度全鄉道路維護、整修及緊急搶修工程(開口契約)；108年度全鄉道路維護、整修及緊急搶修工程(開口契約)；109年度全鄉道路維護、整修及緊急搶修工程(開口契約)；110年度全鄉道路維護、整修及緊急搶修工程(開口契約)；111年度全鄉道路維護、整修及緊急搶修工程(開口契約)；112年度全鄉道路維護、整修及緊急搶修工程(開口契約)；112年度全鄉道路維護、整修及緊急搶修工程(開口契約第二期)；113年度全鄉道路維護、整修及緊急搶修工程(開口契約)；114年度全鄉道路維護、整修及緊急搶修工程(開口契約)；115年度全鄉道路維護、整修及緊急搶修工程(開口契約),同機關且標題核心相同，尚待人工確認是否為同一專案
candidate_e055af2d7b30,花蓮縣災害防救深耕,2011,2022,12,6,37259000,花蓮縣消防局,花蓮縣災害防救深耕計畫；花蓮縣災害防救深耕第2期計畫；108年度花蓮縣災害防救深耕第3期計畫；花蓮縣109年災害防救深耕第3期計畫；花蓮縣110年災害防救深耕第3期計畫；花蓮縣110年災害防救深耕第3期計畫-後續擴充,同機關且標題核心相同，尚待人工確認是否為同一專案
candidate_e19a5efe1926,以家庭為中心之整合性服務方,2024,2026,3,4,37155000,花蓮縣政府,以家庭為中心之整合性服務方案；115年以家庭為中心之整合性服務方案,同機關且標題核心相同，尚待人工確認是否為同一專案
candidate_878edc0ec3f6,勞工育樂中心耐震補強,2025,2026,2,3,37141125,花蓮縣政府,勞工育樂中心耐震補強工程；勞工育樂中心耐震補強工程-第一次變更設計；勞工育樂中心耐震補強工程-第二次變更設計,同機關且標題核心相同，尚待人工確認是否為同一專案
candidate_92ea8e810a3c,花蓮縣環保科技園區廚餘處理廠代操作管理專業服務,2024,2026,3,3,36854400,花蓮縣環境保護局,「113年花蓮縣環保科技園區廚餘處理廠代操作管理專業服務計畫」；「114年花蓮縣環保科技園區廚餘處理廠代操作管理專業服務計畫」勞務採購案；「115年花蓮縣環保科技園區廚餘處理廠代操作管理專業服務計畫」勞務採購案,同機關且標題核心相同，尚待人工確認是否為同一專案
candidate_bca61a5eea07,公共委託技術服務開口契約,2025,2026,2,2,36651000,花蓮縣富里鄉公所,114年度公共工程委託規劃設計監造技術服務開口契約第二期；115年度公共工程委託規劃設計監造技術服務開口契約第二期,同機關且標題核心相同，尚待人工確認是否為同一專案
candidate_cbd462bb5fbe,花蓮縣豐濱鄉高山部落上方產業道路0423震災復建,2025,2026,2,2,36640000,花蓮縣豐濱鄉公所,花蓮縣豐濱鄉高山部落上方產業道路0423震災復建工程；花蓮縣豐濱鄉高山部落上方產業道路0423震災復建工程(第一次變更設計),同機關且標題核心相同，尚待人工確認是否為同一專案
candidate_8fa293074c5b,全縣道路改善開口契約,2021,2022,2,3,36338615,花蓮縣政府,110年度全縣道路改善工程(開口契約)；111年度全縣道路改善工程(開口契約)；112年度全縣道路改善工程(開口契約),同機關且標題核心相同，尚待人工確認是否為同一專案
candidate_3cf7fca91321,體育場小巨蛋整修,2020,2021,2,2,36072399,花蓮縣政府,體育場小巨蛋整修工程；體育場小巨蛋整修工程第1次變更設計,同機關且標題核心相同，尚待人工確認是否為同一專案
candidate_974c95363f2b,全鄉農田農牧用地水利灌溉設施維護改善,2018,2025,8,8,36060000,花蓮縣卓溪鄉公所,107年全鄉農田、農牧用地水利灌溉設施維護改善工程；108年全鄉農田、農牧用地水利灌溉設施維護改善工程；109年全鄉農田、農牧用地水利灌溉設施維護改善工程；110年全鄉農田、農牧用地水利灌溉設施維護改善工程；111年全鄉農田、農牧用地水利灌溉設施維護改善工程；112年全鄉農田、農牧用地水利灌溉設施維護改善工程；113年全鄉農田、農牧用地水利灌溉設施維護改善工程；114年全鄉農田、農牧用地水利灌溉設施維護改善工程,同機關且標題核心相同，尚待人工確認是否為同一專案
candidate_593274c77ce1,花蓮縣環保科技園區廚餘高效能處理廠代操作管理廠商專業服務,2021,2023,3,3,36018131,花蓮縣環境保護局,「110年花蓮縣環保科技園區廚餘高效能處理廠代操作管理廠商專業服務計畫」勞務採購案；111年花蓮縣環保科技園區廚餘高效能處理廠代操作管理廠商專業服務計畫；「112年花蓮縣環保科技園區廚餘高效能處理廠代操作管理廠商專業服務計畫」勞務採購案,同機關且標題核心相同，尚待人工確認是否為同一專案
candidate_6fec663b241f,秀林鄉南區委託設計監造技術服務,2010,2020,11,11,35950000,花蓮縣秀林鄉公所,秀林鄉99年度南區工程委託設計監造技術服務；秀林鄉100年度南區工程委託設計監造技術服務；秀林鄉100年度南區第二期工程委託設計監造技術服務；秀林鄉101年度南區工程委託設計監造技術服務；秀林鄉102年度南區工程委託設計監造技術服務；秀林鄉103年度南區工程委託設計監造技術服務；秀林鄉104年度南區工程委託設計監造技術服務；秀林鄉105年度南區工程委託設計監造技術服務；秀林鄉106年度南區工程委託設計監造技術服務；秀林鄉107年度南區工程委託設計監造技術服務；秀林鄉109年度南區工程委託設計監造技術服務,同機關且標題核心相同，尚待人工確認是否為同一專案
candidate_75bd7202d764,交通號誌含代養省道交通號誌維護改善開口契約,2012,2018,7,7,35540939,花蓮縣政府,101年度交通號誌(含代養省道交通號誌)維護及改善工程(開口契 約)；102年度交通號誌(含代養省道交通號誌)維護及改善工程(開口契約)；103年度交通號誌(含代養省道交通號誌)維護及改善工程(開口契約)；104年度交通號誌(含代養省道交通號誌)維護及改善工程 (開口契約)；105年度交通號誌(含代養省道交通號誌)維護及改善工程 (開口契約)；106年度交通號誌(含代養省道交通號誌)維護及改善工程 (開口契約)；107年度交通號誌(含代養省道交通號誌)維護及改善工程 (開口契約),同機關且標題核心相同，尚待人工確認是否為同一專案
candidate_4250b51cf4c8,豐濱鄉各村基礎設施,2011,2025,15,14,35361000,花蓮縣豐濱鄉公所,豐濱鄉各村基礎設施工程；豐濱鄉100年度各村基礎設施工程；豐濱鄉101年度各村基礎設施工程；豐濱鄉102年度各村基礎設施工程；豐濱鄉103年度各村基礎設施工程；豐濱鄉104年度各村基礎設施工程；豐濱鄉105年度各村基礎設施工程；豐濱鄉106年度各村基礎設施工程；豐濱鄉107年度各村基礎設施工程；豐濱鄉108年度各村基礎設施工程；豐濱鄉109年度各村基礎設施工程；豐濱鄉110年度各村基礎設施工程；豐濱鄉113年度各村基礎設施工程；豐濱鄉114年度各村基礎設施工程,同機關且標題核心相同，尚待人工確認是否為同一專案
candidate_6974d3b1f70c,中南區原住民族家庭服務中心,2025,2026,2,2,35360750,花蓮縣政府,114年度中南區原住民族家庭服務中心；115年度中南區原住民族家庭服務中心,同機關且標題核心相同，尚待人工確認是否為同一專案
candidate_7f3a4f7e041d,使用牌照稅房屋稅地價稅娛樂稅開徵作業委託印製投遞催徵等作業,2020,2026,7,6,35068019,花蓮縣地方稅務局,110年使用牌照稅、房屋稅、地價稅及娛樂稅開徵作業委託印製、投遞及催徵等作業；111年使用牌照稅、房屋稅、地價稅及娛樂稅開徵作業委託印製、投遞及催徵等作業；112年使用牌照稅、房屋稅、地價稅及娛樂稅開徵作業委託印製、投遞及催徵等作業；113年使用牌照稅、房屋稅、地價稅及娛樂稅開徵作業委託印製、投遞及催徵等作業；114年使用牌照稅、房屋稅、地價稅及娛樂稅開徵作業委託印製、投遞及催徵等作業；115年使用牌照稅、房屋稅、地價稅及娛樂稅開徵作業委託印製、投遞及催徵等作業勞務採購案,同機關且標題核心相同，尚待人工確認是否為同一專案
candidate_e1433f7a05f6,北區道路改善第二標開口契約,2018,2022,5,4,35051353,花蓮縣政府,107年度北區道路改善工程第二標(開口契約)；109年度北區道路改善工程第二標(開口契約)；110年度北區道路改善工程第二標(開口契約)；111年度北區道路改善工程第二標(開口契約),同機關且標題核心相同，尚待人工確認是否為同一專案
candidate_92ad061ad4b5,花蓮縣環境保護局花蓮縣逸散污染源稽查管制,2014,2017,4,4,35030000,花蓮縣環境保護局,花蓮縣環境保護局104年度花蓮縣逸散污染源稽查管制計畫；花蓮縣環境保護局105年度花蓮縣逸散污染源稽查管制計畫；花蓮縣環境保護局106年度「花蓮縣逸散污染源稽查管制計畫」；花蓮縣環境保護局107年度花蓮縣逸散污染源稽查管制計畫,同機關且標題核心相同，尚待人工確認是否為同一專案
candidate_202956e7aea6,花蓮縣光復鄉大同引水幹線,2015,2016,2,2,34972000,花蓮縣政府,花蓮縣光復鄉大同引水幹線工程委託技術服務規劃設計；花蓮縣光復鄉大同引水幹線工程,同機關且標題核心相同，尚待人工確認是否為同一專案
candidate_7f07eec13da2,公共委託設計監造技術服務開口契約,2019,2022,4,4,34560000,花蓮縣富里鄉公所,108年度公共工程委託設計監造技術服務開口契約；109年度公共工程委託設計監造技術服務開口契約；111年度公共工程委託設計監造技術服務開口契約；112年度公共工程委託設計監造技術服務開口契約,同機關且標題核心相同，尚待人工確認是否為同一專案
candidate_de05c08b4af0,北區原住民族家庭服務中心,2025,2026,2,3,34467000,花蓮縣政府,114年度北區原住民族家庭服務中心；115年度北區原住民族家庭服務中心,同機關且標題核心相同，尚待人工確認是否為同一專案
candidate_1d26edb5da01,源頭減量強化分類回收,2025,2026,2,4,34395040,花蓮縣環境保護局,114年度源頭減量及強化分類回收計畫；114年度源頭減量及強化分類回收計畫-第一次契約變更；114年度源頭減量及強化分類回收計畫-第二次契約變更；115年度源頭減量及強化分類回收計畫,同機關且標題核心相同，尚待人工確認是否為同一專案
candidate_eba04db9916d,花蓮縣政府縣政宣導刊物,2014,2021,8,10,34296829,花蓮縣政府,花蓮縣政府103年縣政宣導刊物委託專業服務案；花蓮縣政府104年縣政宣導刊物委託專業服務案；花蓮縣政府105年縣政宣導刊物委託專業服務案；花蓮縣政府106年縣政宣導刊物委託專業服務案；花蓮縣政府107年縣政宣導刊物委託專業服務案；花蓮縣政府108年縣政宣導刊物委託專業服務案；花蓮縣政府109年縣政宣導刊物委託專業服務案；花蓮縣政府109年縣政宣導刊物委託專業服務案(後續擴充)；花蓮縣政府110年縣政宣導刊物委託專業服務案；花蓮縣政府110年縣政宣導刊物委託專業服務案(後續擴充),同機關且標題核心相同，尚待人工確認是否為同一專案
candidate_db703df4dd52,公共設計監造技術服務開口契約,2019,2023,5,4,34253000,花蓮縣光復鄉公所,108年度公共工程設計及監造技術服務開口契約；109年度公共工程設計及監造技術服務開口契約；111年度公共工程設計及監造技術服務開口契約；112年度公共工程設計及監造技術服務開口契約,同機關且標題核心相同，尚待人工確認是否為同一專案
candidate_7715915c29da,花蓮縣政府土壤液化調查風險評估,2021,2023,3,2,34134000,花蓮縣政府,花蓮縣政府109年度土壤液化調查與風險評估計畫委託技術服務；花蓮縣政府110年度土壤液化調查與風險評估計畫委託技術服務,同機關且標題核心相同，尚待人工確認是否為同一專案
candidate_8e1548992bdd,花蓮縣政府委辦推動辦理身心障礙者職業訓練,2019,2026,8,9,34107027,花蓮縣政府,花蓮縣政府「委辦108年度推動辦理身心障礙者職業訓練計畫」；花蓮縣政府委辦109年度推動辦理身心障礙者職業訓練計畫；花蓮縣政府委辦110年度推動辦理身心障礙者職業訓練計畫；花蓮縣政府「委辦111年度推動辦理身心障礙者職業訓練計畫」；花蓮縣政府「委辦112年度推動辦理身心障礙者職業訓練計畫」；花蓮縣政府「委辦113年度推動辦理身心障礙者職業訓練計畫」；花蓮縣政府「委辦114年度推動辦理身心障礙者職業訓練計畫」；花蓮縣政府「委辦115年度推動辦理身心障礙者職業訓練計畫」,同機關且標題核心相同，尚待人工確認是否為同一專案
candidate_650605cc7b38,花蓮縣污染防治潔淨海洋,2024,2026,3,3,34050000,花蓮縣環境保護局,113年花蓮縣污染防治潔淨海洋計畫；114年花蓮縣污染防治潔淨海洋計畫；115年花蓮縣污染防治潔淨海洋計畫,同機關且標題核心相同，尚待人工確認是否為同一專案
candidate_34245a6833ad,花蓮縣政府地政資訊系統設備維護資通安全作業維運,2021,2026,6,4,34040620,花蓮縣政府,花蓮縣政府111年地政資訊系統設備維護暨資通安全作業維運；花蓮縣政府112年地政資訊系統設備維護暨資通安全作業維運；花蓮縣政府114年地政資訊系統設備維護暨資通安全作業維運；花蓮縣政府115年地政資訊系統設備維護暨資通安全作業維運案,同機關且標題核心相同，尚待人工確認是否為同一專案
candidate_34f3fa5fdba3,全鄉路燈維修開口契約,2017,2026,10,13,33248179,花蓮縣吉安鄉公所,全鄉路燈維修工程(開口契約)；107年度全鄉路燈維修工程(開口契約)；108年度全鄉路燈維修工程(開口契約)；109年度全鄉路燈維修工程(開口契約)；110年度全鄉路燈維修工程(開口契約)；111年度全鄉路燈維修工程(開口契約)；111年度全鄉路燈維修工程(第二期開口契約)；112年度全鄉路燈維修工程(開口契約)；112年度全鄉路燈維修工程(第二期開口契約)；113年度全鄉路燈維修工程(開口契約)；113年度全鄉路燈維修工程(第二期開口契約)；114年度全鄉路燈維修工程(開口契約)；115年度全鄉路燈維修工程(開口契約),同機關且標題核心相同，尚待人工確認是否為同一專案
candidate_245046071c75,花蓮縣兒童發展通報轉介個管理中心,2015,2024,10,6,32915000,花蓮縣政府,104年花蓮縣兒童發展通報轉介暨個案管理中心；107年「花蓮縣兒童發展通報轉介暨個案管理中心」；108年花蓮縣兒童發展通報轉介暨個案管理中心；111年花蓮縣兒童發展通報轉介暨個案管理中心；111年花蓮縣兒童發展通報轉介暨個案管理中心」(後續擴充)；花蓮縣兒童發展通報轉介暨個案管理中心,同機關且標題核心相同，尚待人工確認是否為同一專案
candidate_cbee7831c119,花蓮縣水污染源稽查水污費徵收查核,2016,2020,5,5,32810000,花蓮縣環境保護局,105年度花蓮縣水污染源稽查與水污費徵收查核計畫；106年度花蓮縣水污染源稽查與水污費徵收查核計畫；107年度花蓮縣水污染源稽查與水污費徵收查核計畫；108年度花蓮縣水污染源稽查與水污費徵收查核計畫；109年度花蓮縣水污染源稽查與水污費徵收查核計畫,同機關且標題核心相同，尚待人工確認是否為同一專案
candidate_e7f2c00b02c5,秀林鄉北區委託設計監造技術服務,2010,2020,11,10,32722600,花蓮縣秀林鄉公所,秀林鄉99年度北區工程委託設計監造技術服務；秀林鄉100年度北區工程委託設計監造技術服務；秀林鄉100年度北區第二期工程委託設計監造技術服務；秀林鄉101年度北區工程委託設計監造技術服務；秀林鄉102年度北區工程委託設計監造技術服務；秀林鄉103年度北區工程委託設計監造技術服務；秀林鄉104年度北區工程委託設計監造技術服務；秀林鄉105年度北區工程委託設計監造技術服務；秀林鄉106年度北區工程委託設計監造技術服務；秀林鄉109年度北區工程委託設計監造技術服務,同機關且標題核心相同，尚待人工確認是否為同一專案
candidate_195e46ee393b,吉安鄉建築委託技術服務開口契約,2021,2024,4,5,32636814,花蓮縣吉安鄉公所,吉安鄉110年度建築工程委託規劃設計監造技術服務(開口契約)；吉安鄉111年度建築工程委託規劃設計監造技術服務(開口契約)；吉安鄉112年度建築工程委託規劃設計監造技術服務(開口契約)；吉安鄉113年度建築工程委託規劃設計監造技術服務(開口契約)；吉安鄉114年度建築工程委託規劃設計監造技術服務(開口契約),同機關且標題核心相同，尚待人工確認是否為同一專案
candidate_8ce5a4ee2905,花蓮縣水利設施維護開口契約,2020,2026,7,7,32610000,花蓮縣政府,109年度花蓮縣水利設施維護工程(開口契約)；110年度花蓮縣水利設施維護工程開口契約；111年度花蓮縣水利設施維護工程開口契約；112年度花蓮縣水利設施維護工程開口契約；113年度花蓮縣水利設施維護工程開口契約；114年度花蓮縣水利設施維護工程開口契約；115年度花蓮縣水利設施維護工程(開口契約),同機關且標題核心相同，尚待人工確認是否為同一專案
candidate_db61df7c3b9e,花蓮漁港觀光魚市,2018,2019,2,3,32520000,花蓮縣政府,花蓮漁港觀光魚市新建工程,同機關且標題核心相同，尚待人工確認是否為同一專案
candidate_e30a821f1d9d,花蓮縣大型運動賽會參加全國性運動會服裝採購,2010,2023,14,12,32500000,花蓮縣政府,花蓮縣99年大型運動賽會及參加全國性運動會服裝採購案；花蓮縣100年大型運動賽會及參加全國性運動會服裝採購案；花蓮縣103年大型運動賽會及參加全國性運動會服裝採購案；花蓮縣104年大型運動賽會及參加全國性運動會服裝採購案；花蓮縣105年大型運動賽會及參加全國性運動會服裝採購案；花蓮縣106年大型運動賽會及參加全國性運動會服裝採購案；花蓮縣107年大型運動賽會及參加全國性運動會服裝採購案；花蓮縣108年大型運動賽會及參加全國性運動會服裝採購案；花蓮縣109年大型運動賽會及參加全國性運動會服裝採購案；「花蓮縣109年大型運動賽會及參加全國性運動會服裝採購案」後續擴充；花蓮縣111年大型運動賽會及參加全國性運動會服裝採購案；花蓮縣111年大型運動賽會及參加全國性運動會服裝採購後續擴充,同機關且標題核心相同，尚待人工確認是否為同一專案
candidate_0ef7ecf12fcf,花蓮縣自主防災訓練管理執行,2018,2026,9,9,32263750,花蓮縣政府,107年度花蓮縣自主防災訓練管理執行計畫；108年度花蓮縣自主防災訓練管理執行計畫；109年度花蓮縣自主防災訓練管理執行計畫；110年度花蓮縣自主防災訓練管理執行計畫；111年度花蓮縣自主防災訓練管理執行計畫；112年度花蓮縣自主防災訓練管理執行計畫；113年度花蓮縣自主防災訓練管理執行計畫；114年度花蓮縣自主防災訓練管理執行計畫；114年度花蓮縣自主防災訓練管理執行計畫-後續擴充,同機關且標題核心相同，尚待人工確認是否為同一專案
candidate_a0b4b4784d9d,花蓮縣老人身心障礙者營養餐食服務,2012,2016,5,3,32200000,花蓮縣政府,花蓮縣老人及身心障礙者營養餐食服務,同機關且標題核心相同，尚待人工確認是否為同一專案
candidate_9eda63ef92df,秀林鄉風貌周邊設施改善,2021,2022,2,2,32200000,花蓮縣秀林鄉公所,秀林鄉風貌及周邊設施改善工程-第二期；秀林鄉風貌及周邊設施改善工程,同機關且標題核心相同，尚待人工確認是否為同一專案
candidate_6652e0eaf206,公共委託監造技術服務開口契約,2014,2017,4,5,31923500,花蓮縣光復鄉公所,103年度公共工程委託規劃設計及監造技術服務開口契約；104年度公共工程委託規劃設計及監造技術服務開口契約；公共工程委託規劃設計及監造技術服務開口契約；106年度公共工程委託規劃設計及監造技術服務開口契約；107年度公共工程委託規劃設計及監造技術服務開口契約,同機關且標題核心相同，尚待人工確認是否為同一專案
candidate_8e8d30bee92e,花蓮縣防災地理資訊系統維護監控,2010,2026,17,17,31894000,花蓮縣政府,99年度花蓮縣防災地理資訊系統維護監控計畫案；100年度花蓮縣防災地理資訊系統維護監控計畫；101年度花蓮縣防災地理資訊系統維護監控計畫；102年度花蓮縣防災地理資訊系統維護監控計畫；103年度花蓮縣防災地理資訊系統維護監控計畫；104年度花蓮縣防災地理資訊系統維護監控計畫；105年度花蓮縣防災地理資訊系統維護監控計畫；106年度花蓮縣防災地理資訊系統維護監控計畫；107年度花蓮縣防災地理資訊系統維護監控計畫；108年度花蓮縣防災地理資訊系統維護監控計畫；109年度花蓮縣防災地理資訊系統維護監控計畫；110年度花蓮縣防災地理資訊系統維護監控計畫；111年度花蓮縣防災地理資訊系統維護監控計畫；112年度花蓮縣防災地理資訊系統維護監控計畫；113年度花蓮縣防災地理資訊系統維護監控計畫；114年度花蓮縣防災地理資訊系統維護監控計畫；114年度花蓮縣防災地理資訊系統維護監控計畫-後續擴充,同機關且標題核心相同，尚待人工確認是否為同一專案
candidate_bc9faf44c209,花蓮縣全國水環境清淨河面,2019,2023,5,4,31853962,花蓮縣政府,108年度花蓮縣全國水環境清淨河面計畫委託技術服務；109年度花蓮縣全國水環境清淨河面計畫委託技術服務；110年度花蓮縣全國水環境清淨河面計畫」；113年度花蓮縣全國水環境清淨河面計畫委託技術服務,同機關且標題核心相同，尚待人工確認是否為同一專案
candidate_1e3411822e23,達固部灣撒固兒部落聚會所,2024,2026,3,2,31648918,花蓮縣政府,達固部灣撒固兒部落聚會所興建工程；達固部灣撒固兒部落聚會所興建工程(第一次變更設計),同機關且標題核心相同，尚待人工確認是否為同一專案
candidate_1c4fc0554441,花蓮縣衛生局婦幼照護營養券開口契約採購,2024,2026,3,3,31570200,花蓮縣衛生局,113年花蓮縣衛生局婦幼照護營養券開口契約採購案；113年花蓮縣衛生局婦幼照護營養券開口契約採購案後續擴充；115年花蓮縣衛生局婦幼照護營養券開口契約採購案,同機關且標題核心相同，尚待人工確認是否為同一專案
candidate_3513011572f9,本鄉各集會所活動中心公有建築物含老人館等設施修繕開口契約,2011,2020,10,10,31429615,花蓮縣秀林鄉公所,本鄉各集會所活動中心公有建築物(含老人館)等設施修繕工程(開口契約)；本鄉各集會所活動中心公有建築物（含老人館）等設施修繕工程（開口契約）；103年本鄉各集會所活動中心公有建築物（含老人館）等設施修繕工程（開口契約）；本鄉各集會所活動中心公有建築物（含老人館）等設施修繕工程（開口契約第二期）；104年本鄉各集會所活動中心公有建築物（含老人館）等設施修繕工程（開口契約）；106年本鄉各集會所活動中心公有建築物(含老人館)等設施修繕工程（開口契約）；107年度本鄉各集會所活動中心公有建築物(含老人館)等設施修繕工程(開口契約)；108年本鄉各集會所活動中心公有建築物(含老人館)等設施修繕工程(開口契約)；109年本鄉各集會所活動中心公有建築物(含老人館)等設施修繕工程(開口契約),同機關且標題核心相同，尚待人工確認是否為同一專案
candidate_897577315ac2,花蓮縣垃圾轉運監督稽查評估,2017,2023,7,5,31342071,花蓮縣環境保護局,106年度花蓮縣垃圾轉運監督稽查評估計畫；109年度花蓮縣垃圾轉運監督稽查評估計畫；110年度花蓮縣垃圾轉運監督稽查評估計畫；110年度花蓮縣垃圾轉運監督稽查評估計畫第一次契約變更；112年度花蓮縣垃圾轉運監督稽查評估計畫,同機關且標題核心相同，尚待人工確認是否為同一專案
candidate_69e0b8f94067,知卡宣親水設施,2014,2015,2,2,31110000,花蓮縣政府,知卡宣親水設施工程；知卡宣親水設施工程第二期,同機關且標題核心相同，尚待人工確認是否為同一專案
candidate_3e753b0f6714,2026世界俱樂部龍舟錦標賽CCWC龍舟艇庫興建,2025,2026,2,2,31061704,花蓮縣政府,2026世界俱樂部龍舟錦標賽（CCWC）龍舟艇庫興建計畫；2026世界俱樂部龍舟錦標賽（CCWC）龍舟艇庫興建計畫-第一次變更設計,同機關且標題核心相同，尚待人工確認是否為同一專案
candidate_bbe7d9734c78,花蓮縣交通號誌災害搶險搶修開口契約,2013,2024,12,7,30940873,花蓮縣政府,102年度花蓮縣交通號誌災害搶險搶修工程(開口契約)；108年度花蓮縣交通號誌災害搶險搶修工程 (開口契約)；109年度花蓮縣交通號誌災害搶險搶修工程(開口契約)；110年度花蓮縣交通號誌災害搶險搶修工程(開口契約)；111年度花蓮縣交通號誌災害搶險搶修工程(開口契約)；112年度花蓮縣交通號誌災害搶險搶修工程(開口契約)；113年度花蓮縣交通號誌災害搶險搶修工程(開口契約),同機關且標題核心相同，尚待人工確認是否為同一專案
candidate_8d55392d90fd,花蓮縣橋梁修復第二標開口契約,2022,2025,4,2,30765603,花蓮縣政府,花蓮縣111年度橋梁修復工程第二標(開口契約)；花蓮縣114年度橋梁修復工程第二標(開口契約),同機關且標題核心相同，尚待人工確認是否為同一專案
candidate_48f52093f1d5,帶狀皰疹病毒疫苗,2022,2024,3,3,30600000,花蓮縣衛生局,111年帶狀皰疹病毒疫苗；111年帶狀皰疹病毒疫苗後續擴充；113年度帶狀皰疹病毒疫苗,同機關且標題核心相同，尚待人工確認是否為同一專案
candidate_cd7b30a94868,花蓮縣壽豐鄉池南部落聚會所,2024,2025,2,2,30585567,花蓮縣政府,花蓮縣壽豐鄉池南部落聚會所興建工程規劃設計監造；花蓮縣壽豐鄉池南部落聚會所興建工程,同機關且標題核心相同，尚待人工確認是否為同一專案
candidate_07e8f5a15288,接待貴賓兩岸交流餐飲採購開口契約,2015,2020,6,7,30500000,花蓮縣政府,104年度接待貴賓暨兩岸交流－餐飲採購(開口契約)；105年度接待貴賓暨兩岸交流－餐飲採購(開口契約)；106年度接待貴賓暨兩岸交流－餐飲採購(開口契約)；107年度接待貴賓暨兩岸交流－餐飲採購(開口契約)；108年度接待貴賓暨兩岸交流-餐飲採購(開口契約)；109年度接待貴賓暨兩岸交流－餐飲採購(開口契約),同機關且標題核心相同，尚待人工確認是否為同一專案
candidate_053e49292fd3,花蓮縣老人身心障礙者緊急救援連線服務,2012,2025,14,8,30341381,花蓮縣政府,花蓮縣老人及身心障礙者緊急救援連線服務；112年花蓮縣老人及身心障礙者緊急救援連線服務；113年花蓮縣老人及身心障礙者緊急救援連線服務；114年花蓮縣老人及身心障礙者緊急救援連線服務；115年花蓮縣老人及身心障礙者緊急救援連線服務,同機關且標題核心相同，尚待人工確認是否為同一專案
candidate_17d42b388b96,花蓮縣農業開口契約,2020,2021,2,2,30324000,花蓮縣政府,110年度花蓮縣農業工程委託技術服務工作開口契約；111年花蓮縣農業工程委託技術服務工作開口契約,同機關且標題核心相同，尚待人工確認是否為同一專案
candidate_63a0f349f29f,花蓮市區路面申挖修補回復,2013,2014,2,2,30030000,花蓮縣花蓮市公所,102年花蓮市區路面申挖修補回復工程；103年花蓮市區路面申挖修補回復工程,同機關且標題核心相同，尚待人工確認是否為同一專案
candidate_b71c84fea010,花蓮縣環境保護局花蓮縣移動污染源稽查管制執行停車怠速熄火宣導管制,2014,2016,3,3,29950000,花蓮縣環境保護局,花蓮縣環境保護局103年度花蓮縣移動污染源稽查管制暨執行停車怠速熄火宣導及管制計畫；花蓮縣環境保護局104年度花蓮縣移動污染源稽查管制暨執行停車怠速熄火宣導及管制計畫；花蓮縣環境保護局105年度花蓮縣移動污染源稽查管制暨執行停車怠速熄火宣導及管制計畫,同機關且標題核心相同，尚待人工確認是否為同一專案
candidate_7273a8c249d5,壽豐鄉公共小型開口契約,2025,2026,2,2,29950000,花蓮縣壽豐鄉公所,壽豐鄉114年度公共工程小型工程(開口契約)；壽豐鄉115年度公共工程小型工程(開口契約),同機關且標題核心相同，尚待人工確認是否為同一專案
candidate_2e4e82f9bbb4,花蓮縣政府委託經營管理花蓮縣青少年福利服務中心,2013,2026,14,9,29857000,花蓮縣政府,花蓮縣政府委託經營管理花蓮縣青少年福利服務中心；110年度花蓮縣政府委託經營管理「花蓮縣青少年福利服務中心」；花蓮縣政府委託經營管理「111年度花蓮縣青少年福利服務中心」；花蓮縣政府委託經營管理「112年度花蓮縣青少年福利服務中心」；花蓮縣政府委託經營管理「113年度花蓮縣青少年福利服務中心」；花蓮縣政府委託經營管理「113年度花蓮縣青少年福利服務中心」（後續擴充）；花蓮縣政府委託經營管理115年花蓮縣青少年福利服務中心,同機關且標題核心相同，尚待人工確認是否為同一專案
candidate_af0be71e6f01,花蓮縣號誌標誌標線改善汰換開口契約,2021,2022,2,3,29779546,花蓮縣政府,110年花蓮縣號誌及標誌標線改善汰換工程(開口契約)；110年花蓮縣號誌及標誌標線改善汰換工程(開口契約)後續擴充；110年花蓮縣號誌及標誌標線改善汰換工程（開口契約）第二次後續擴充(契約變更),同機關且標題核心相同，尚待人工確認是否為同一專案
candidate_4ea2df8e36b5,至花蓮縣風災災後復建設計監造技術服務,2024,2025,2,2,29421043,花蓮縣政府,112年度至113年度花蓮縣(風災)災後復建工程設計監造技術服務；112年度至113年度花蓮縣(風災)災後復建工程設計監造技術服務(契約變更),同機關且標題核心相同，尚待人工確認是否為同一專案
candidate_978fbf4f71a3,花64線2K+000~22K+500危險路段道路友善改善委託設計監造技術服務工作,2019,2020,2,2,29376470,花蓮縣政府,花64線2K+000~22K+500危險路段及道路友善改善工程委託設計與監造技術服務工作；花64線2K+000~22K+500危險路段及道路友善改善工程委託設計監造技術服務工作,同機關且標題核心相同，尚待人工確認是否為同一專案
candidate_3d404dc9ecf1,七星潭海岸風景區公共設施,2010,2011,2,2,29340000,花蓮縣政府,99年度「七星潭海岸風景區公共設施興建工程」；100年度「七星潭海岸風景區公共設施工程」,同機關且標題核心相同，尚待人工確認是否為同一專案
candidate_0b4c1a678a95,吉安鄉慈雲山火化場火化爐具增設空氣污染防治設備,2010,2012,3,3,29009444,花蓮縣吉安鄉公所,吉安鄉慈雲山火化場火化爐具增設空氣污染防治設備工程；100年度吉安鄉慈雲山火化場火化爐具增設空氣污染防治設備工程；101年度吉安鄉慈雲山火化場火化爐具增設空氣污染防治設備工程,同機關且標題核心相同，尚待人工確認是否為同一專案
candidate_15c9ffaae383,下半年度光復鄉公共,2024,2025,2,2,28950000,花蓮縣光復鄉公所,113年下半年度暨114年度光復鄉公共工程委託技術服務；114年下半年度光復鄉公共工程委託技術服務,同機關且標題核心相同，尚待人工確認是否為同一專案
candidate_7af5d366c333,美崙山景觀,2012,2013,2,3,28811350,花蓮縣政府,美崙山景觀工程第一期委託監造技術服務工作；美崙山景觀工程第一期；美崙山景觀工程第二期,同機關且標題核心相同，尚待人工確認是否為同一專案
candidate_14ca2c5a772a,花蓮購物節委託執行,2023,2026,4,7,28623645,花蓮縣政府,112年度「花蓮購物節」委託執行勞務採購案；113年度「花蓮購物節」委託執行勞務採購案；113年度花蓮購物節委託執行勞務採購案第二次契約變更；114年度花蓮購物節委託執行勞務採購；114年度花蓮購物節委託執行勞務採購案第二次契約變更；115年度花蓮購物節委託執行勞務採購；115年度花蓮購物節委託執行勞務採購案第1次契約變更,同機關且標題核心相同，尚待人工確認是否為同一專案
candidate_7b642b00492e,吉寶竿根努夷部落文化聚會所,2019,2020,2,2,28560000,花蓮縣花蓮市公所,吉寶竿、根努夷部落文化聚會所興建工程規劃設計；吉寶竿根努夷部落文化聚會所興建工程案,同機關且標題核心相同，尚待人工確認是否為同一專案
candidate_b2b3cdf3a343,2023花蓮太平洋燈會整體活動規劃執行,2022,2023,2,3,28514575,花蓮縣政府,2023花蓮太平洋燈會整體活動規劃執行案；「2023花蓮太平洋燈會整體活動規劃執行案」(第一次契約變更)；「2023花蓮太平洋燈會整體活動規劃執行案」(第二次契約變更),同機關且標題核心相同，尚待人工確認是否為同一專案
candidate_727da6169fc8,花蓮縣政府身心障礙者支持性就業服務,2018,2026,9,15,28262827,花蓮縣政府,花蓮縣政府107年身心障礙者支持性就業服務計畫；花蓮縣政府109年度身心障礙者支持性就業服務計畫；花蓮縣政府110年度身心障礙者支持性就業服務計畫；花蓮縣政府110年度身心障礙者支持性就業服務計畫(後續擴充案)；花蓮縣政府110年度身心障礙者支持性就業服務計畫 (第一次契約變更)；花蓮縣政府111年度身心障礙者支持性就業服務計畫；花蓮縣政府112年度身心障礙者支持性就業服務計畫(後續擴充案)；花蓮縣政府112年度身心障礙者支持性就業服務計畫後續擴充契約變更案；花蓮縣政府113年度身心障礙者支持性就業服務計畫；花蓮縣政府113年度身心障礙者支持性就業服務計畫契約變更案；花蓮縣政府113年度身心障礙者支持性就業服務計畫契約變更後續擴充案；花蓮縣政府115年度身心障礙者支持性就業服務計畫,同機關且標題核心相同，尚待人工確認是否為同一專案
candidate_a6f5628f2237,玉里鎮土木設計監造技術服務開口契約,2024,2025,2,3,28120000,花蓮縣玉里鎮公所,玉里鎮113年度土木工程設計監造技術服務開口契約；玉里鎮114年度土木工程設計監造技術服務開口契約；玉里鎮114年度土木工程設計監造技術服務第二期開口契約,同機關且標題核心相同，尚待人工確認是否為同一專案
candidate_f037032a2c80,花蓮縣北區農水路野溪水土保持設施搶修險開口契約,2014,2026,13,7,28111222,花蓮縣政府,花蓮縣北區農水路、野溪、水土保持設施搶修(險)工程 (開口契約)；花蓮縣北區農水路、野溪、水土保持設施搶修(險)工程(開口契約)；112年度花蓮縣北區農水路、野溪、水土保持設施搶修(險)工程(開口契約)；113年度花蓮縣北區農水路、野溪、水土保持設施搶修(險)工程(開口契約)；114年度花蓮縣北區農水路、野溪、水土保持設施搶修(險)工程(開口契約)；115年度花蓮縣北區農水路、野溪、水土保持設施搶修(險)工程(開口契約),同機關且標題核心相同，尚待人工確認是否為同一專案
candidate_4eb8d3ceb4dc,秀林鄉北區委託設計監造技術服務開口契約,2017,2026,10,7,28110000,花蓮縣秀林鄉公所,秀林鄉107年度北區工程委託設計監造技術服務(開口契約)；秀林鄉108年度北區工程委託設計監造技術服務(開口契約)；秀林鄉110年度北區工程委託設計監造技術服務(開口契約)；秀林鄉113年度北區工程委託設計監造技術服務(開口契約)；秀林鄉114年度北區工程委託設計監造技術服務(開口契約)；秀林鄉114年度北區工程委託設計監造技術服務第二期(開口契約)；秀林鄉115年度北區工程委託設計監造技術服務(開口契約),同機關且標題核心相同，尚待人工確認是否為同一專案
candidate_06750e3d090f,知卡宣公園複合式親水區域營造,2018,2019,2,2,28018500,花蓮縣政府,知卡宣公園複合式親水區域營造工程委託技術服務；知卡宣公園複合式親水區域營造工程,同機關且標題核心相同，尚待人工確認是否為同一專案
candidate_9341081a35e0,吉安鄉委託設計監造技術服務開口契約,2018,2021,4,5,27902370,花蓮縣吉安鄉公所,吉安鄉107年度第二次工程委託設計監造技術服務(開口契約)；吉安鄉108年度工程委託設計監造技術服務(開口契約)；吉安鄉109年度工程委託設計監造技術服務(開口契約)；吉安鄉109年度工程委託設計監造技術服務(開口契約第二期)；吉安鄉110年度工程委託設計監造技術服務(開口契約),同機關且標題核心相同，尚待人工確認是否為同一專案
candidate_11bfc315f701,壽豐鄉客家文化生活廣場環境設施改善,2023,2024,2,2,27770000,花蓮縣壽豐鄉公所,壽豐鄉客家文化生活廣場環境設施改善工程計畫,同機關且標題核心相同，尚待人工確認是否為同一專案
candidate_6ed83545ea08,萬榮鄉公共,2023,2024,2,3,27743000,花蓮縣萬榮鄉公所,112年度萬榮鄉公共工程委託技術服務；113年度萬榮鄉公共工程委託技術服務；114年度萬榮鄉公共工程委託技術服務,同機關且標題核心相同，尚待人工確認是否為同一專案
candidate_7f5e9fa46978,花蓮縣縣管河川防汛道路區域中小排水搶險修,2010,2015,6,7,27675800,花蓮縣政府,花蓮縣縣管河川、防汛道路、區域與中小排水搶險（修）工程；花蓮縣縣管河川、防汛道路、區域與中小排水搶險(修)工程；花蓮縣縣管河川、防汛道路、區域中小排水搶險(修)工程,同機關且標題核心相同，尚待人工確認是否為同一專案
candidate_30a677da977a,花蓮市區災害搶修開口契約,2019,2026,8,8,27650000,花蓮縣花蓮市公所,108年度花蓮市區災害搶修開口契約工程；109年度花蓮市區災害搶修工程開口契約；110年度花蓮市區災害搶修工程開口契約；111年度花蓮市區災害搶修開口契約工程；112年度花蓮市區災害搶修開口契約工程；113年度花蓮市區災害搶修開口契約工程；114年度花蓮市區災害搶修開口契約工程；115年度花蓮市區災害搶修開口契約工程,同機關且標題核心相同，尚待人工確認是否為同一專案
candidate_0ab3354ed264,花蓮旅遊觀光期刊推廣行銷,2012,2026,15,10,27550000,花蓮縣政府,101年花蓮旅遊觀光期刊推廣行銷計畫；102年花蓮旅遊觀光期刊推廣行銷計畫案；103年花蓮旅遊觀光期刊推廣行銷計畫；105年花蓮旅遊觀光期刊推廣行銷計畫案；107年花蓮旅遊觀光期刊推廣行銷計畫；109年花蓮旅遊觀光期刊推廣行銷計畫案；110年花蓮旅遊觀光期刊推廣行銷計畫；111年花蓮旅遊觀光期刊推廣行銷計畫；112年花蓮旅遊觀光期刊推廣行銷計畫；115年花蓮旅遊觀光期刊推廣行銷計畫,同機關且標題核心相同，尚待人工確認是否為同一專案
candidate_f70c1899c235,吉安鄉災害搶修開口契約,2015,2026,12,12,27498000,花蓮縣吉安鄉公所,吉安鄉104年度災害搶修工程(開口契約)；吉安鄉105年度災害搶修工程(開口契約)；吉安鄉106年度災害搶修工程(開口契約)；吉安鄉107年度災害搶修工程(開口契約)；吉安鄉108年度災害搶修工程(開口契約)；吉安鄉109年度災害搶修工程(開口契約)；吉安鄉110年度災害搶修工程(開口契約)；吉安鄉111年度災害搶修工程(開口契約)；吉安鄉112年度災害搶修工程(開口契約)；吉安鄉113年度災害搶修工程(開口契約)；吉安鄉114年度災害搶修工程(開口契約)；吉安鄉115年度災害搶修工程(開口契約),同機關且標題核心相同，尚待人工確認是否為同一專案
candidate_62efdcfabd3b,花蓮縣雨水下水道維護第二標開口契約,2018,2025,8,5,27400000,花蓮縣政府,107年度花蓮縣雨水下水道維護工程第二標(開口契約)；108年度花蓮縣雨水下水道維護工程第二標(開口契約)；109年度花蓮縣雨水下水道維護工程第二標(開口契約)；110年度花蓮縣雨水下水道維護工程第二標(開口契約)；114年度花蓮縣雨水下水道維護工程第二標(開口契約),同機關且標題核心相同，尚待人工確認是否為同一專案
candidate_65628e8d2d89,花蓮縣地方稅務局A棟B棟辦公廳舍耐震能力補強,2025,2026,2,2,27250000,花蓮縣地方稅務局,花蓮縣地方稅務局A棟及B棟辦公廳舍耐震能力補強工程；花蓮縣地方稅務局A棟及B棟辦公廳舍耐震能力補強工程第1次變更設計,同機關且標題核心相同，尚待人工確認是否為同一專案
candidate_48bb5f3a8678,花蓮縣一般廢棄物監督稽查,2024,2026,3,5,27108160,花蓮縣環境保護局,113年度花蓮縣一般廢棄物監督稽查計畫；113年度花蓮縣一般廢棄物監督稽查計畫第一次契約變更；114年度花蓮縣一般廢棄物監督稽查計畫；114年度花蓮縣一般廢棄物監督稽查計畫第一次契約變更；115年度花蓮縣一般廢棄物監督稽查計畫,同機關且標題核心相同，尚待人工確認是否為同一專案
candidate_21662ba2f333,花蓮縣國中小教室資訊設備大型顯示器投影機採購,2018,2019,2,2,27094960,花蓮縣政府,花蓮縣國中小教室資訊設備大型顯示器及投影機採購案；108年度花蓮縣國中小教室資訊設備大型顯示器及投影機採購案,同機關且標題核心相同，尚待人工確認是否為同一專案
candidate_d45ccacf633c,公共委外設計監造勞務委任採購開口契約,2011,2013,3,3,27075000,花蓮縣玉里鎮公所,100年度公共工程委外設計、監造勞務委任採購案(開口契約)；101年度公共工程委外設計、監造勞務委任採購案(開口契約)；102年度公共工程委外設計、監造勞務委任採購案(開口契約),同機關且標題核心相同，尚待人工確認是否為同一專案
candidate_f7a6dc732e3a,太平洋洄瀾之心寵物公園遊具土木水電設施維護天然災害搶修險開口契約,2025,2026,2,3,27069981,花蓮縣政府,114年度太平洋暨洄瀾之心與寵物公園遊具、土木水電設施維護及天然災害搶修(險)工程(開口契約)；114年度太平洋暨洄瀾之心與寵物公園遊具、土木水電設施維護及天然災害搶修(險)工程(開口契約)-第一次變更設計；115年度太平洋暨洄瀾之心與寵物公園遊具、土木水電設施維護及天然災害搶修(險)工程(開口契約),同機關且標題核心相同，尚待人工確認是否為同一專案
candidate_9a9fcccd13da,2024花蓮太平洋燈會整體活動規劃執行,2023,2024,2,3,26981940,花蓮縣政府,2024花蓮太平洋燈會整體活動規劃執行案；2024花蓮太平洋燈會整體活動規劃執行案(第一次契約變更)；2024花蓮太平洋燈會整體活動規劃執行案(第二次契約變更),同機關且標題核心相同，尚待人工確認是否為同一專案
candidate_04b0616bbe61,花蓮縣政府辦公廳舍周邊環境天然災害搶險搶修開口契約,2013,2022,10,10,26898978,花蓮縣政府,花蓮縣政府102年度辦公廳舍及周邊環境天然災害搶險搶修工程開口契約；花蓮縣政府103年度辦公廳舍及周邊環境天然災害搶險搶修工程開口契約；花蓮縣政府104年度辦公廳舍及周邊環境天然災害搶險搶修工程開口契約；花蓮縣政府105年度辦公廳舍及周邊環境天然災害搶險搶修工程開口契約；花蓮縣政府106年度辦公廳舍及周邊環境天然災害搶險搶修工程開口契約；花蓮縣政府107年度辦公廳舍及周邊環境天然災害搶險搶修工程開口契約；花蓮縣政府108年度辦公廳舍及周邊環境天然災害搶險搶修工程開口契約；花蓮縣政府109年度辦公廳舍及周邊環境天然災害搶險搶修工程開口契約；花蓮縣政府110年度辦公廳舍及周邊環境天然災害搶險搶修工程開口契約；111年度花蓮縣政府辦公廳舍及周邊環境天然災害搶險搶修工程開口契約,同機關且標題核心相同，尚待人工確認是否為同一專案
candidate_63498061d6f3,壽豐鄉委託設計監造技術服務,2017,2019,3,3,26646036,花蓮縣壽豐鄉公所,壽豐鄉106年度工程委託設計及監造技術服務；壽豐鄉107年度工程委託設計及監造技術服務；壽豐鄉108年度工程委託設計及監造技術服務,同機關且標題核心相同，尚待人工確認是否為同一專案
candidate_d69d0703a04d,中區道路改善第一標開口契約,2020,2022,3,3,26516808,花蓮縣政府,109年度中區道路改善工程第一標(開口契約)；110年度中區道路改善工程第一標(開口契約)；111年度中區道路改善工程第一標(開口契約),同機關且標題核心相同，尚待人工確認是否為同一專案
candidate_d8254467fc7b,全鄉道路橋樑破損養護開口契約,2013,2024,12,19,26343446,花蓮縣新城鄉公所,102年全鄉道路橋樑破損養護工程開口契約；103年度全鄉道路橋樑破損養護工程開口契約；105年度全鄉道路橋樑破損養護工程開口契約；105年度全鄉道路橋樑破損養護第二期工程開口契約；106年度全鄉道路橋樑破損養護工程開口契約；106年度全鄉道路橋樑破損養護工程第二期開口契約；107年度全鄉道路橋樑破損養護工程開口契約；108年度全鄉道路橋樑破損養護工程開口契約；109年度全鄉道路橋樑破損養護工程開口契約；110年度全鄉道路橋樑破損養護工程開口契約；111年度全鄉道路橋樑破損養護工程開口契約；112年度全鄉道路橋樑破損養護工程開口契約；112年度全鄉道路橋樑破損養護工程開口契約(第1次契約變更)；112年度全鄉道路橋樑破損養護工程開口契約(第2次契約變更)；112年度全鄉道路橋樑破損養護工程開口契約(第3次契約變更)；113年度全鄉道路橋樑破損養護工程開口契約,同機關且標題核心相同，尚待人工確認是否為同一專案
candidate_559a7c2d875f,花蓮縣低碳永續家園建構推動,2019,2023,5,5,26310000,花蓮縣環境保護局,108年花蓮縣低碳永續家園建構推動計畫；109年花蓮縣低碳永續家園建構推動計畫；110年花蓮縣低碳永續家園建構推動計畫；111年花蓮縣低碳永續家園建構推動計畫；112年花蓮縣低碳永續家園建構推動計畫,同機關且標題核心相同，尚待人工確認是否為同一專案
candidate_3b4b3e53fe9d,花蓮縣環保餐具清洗中心續接,2023,2025,3,2,25995906,花蓮縣環境保護局,花蓮縣環保餐具清洗中心續接工程；花蓮縣環保餐具清洗中心續接工程第一次契約變更,同機關且標題核心相同，尚待人工確認是否為同一專案
candidate_07bc51d5cd85,村鄰長政令宣導文康訓練活動採購,2016,2025,10,10,25930350,花蓮縣吉安鄉公所,105年度村鄰長政令宣導暨文康訓練活動採購案；106年度村鄰長政令宣導暨文康訓練活動計畫採購案；107年度村鄰長政令宣導暨文康訓練活動計畫採購案；108年度村鄰長政令宣導暨文康訓練活動計畫採購案；109年度村鄰長政令宣導暨文康訓練活動計畫採購案；110年度村鄰長政令宣導暨文康訓練活動計畫採購案；111年度村鄰長政令宣導暨文康訓練活動計畫採購；112年度村鄰長政令宣導暨文康訓練活動計畫採購案；113年度村鄰長政令宣導暨文康訓練活動採購案；114年度村鄰長政令宣導暨文康訓練活動採購案,同機關且標題核心相同，尚待人工確認是否為同一專案
candidate_fc7373bd857c,花蓮縣沿岸漁業漁港區設施緊急搶修險開口契約,2012,2016,5,5,25849000,花蓮縣政府,花蓮縣沿岸漁業及漁港區設施緊急搶修( 險 )工程(開口契約),同機關且標題核心相同，尚待人工確認是否為同一專案
candidate_6eea9d937576,瑞穗鄉既有市區道路景觀人本環境改善,2010,2012,3,2,25740000,花蓮縣瑞穗鄉公所,瑞穗鄉既有市區道路景觀與人本環境改善工程；瑞穗鄉既有市區道路景觀與人本環境改善計畫,同機關且標題核心相同，尚待人工確認是否為同一專案
candidate_083c99f8bbea,秀林鄉南區委託設計監造技術服務開口契約,2019,2026,8,6,25390000,花蓮縣秀林鄉公所,秀林鄉108年度南區工程委託設計監造技術服務(開口契約)；秀林鄉110年度南區工程委託設計監造技術服務(開口契約)；秀林鄉113年度南區工程委託設計監造技術服務(開口契約)；秀林鄉114年度南區工程委託設計監造技術服務(開口契約)；秀林鄉114年度南區工程委託設計監造技術服務第二期(開口契約)；秀林鄉115年度南區工程委託設計監造技術服務(開口契約),同機關且標題核心相同，尚待人工確認是否為同一專案
candidate_560c20fa0fe9,花蓮縣政府委託辦理花蓮縣兒童發展中心,2019,2024,6,7,25333000,花蓮縣政府,花蓮縣政府委託辦理花蓮縣兒童發展中心；花蓮縣政府委託辦理「花蓮縣兒童發展中心」；花蓮縣政府委託辦理「花蓮縣兒童發展中心」(後續擴充)；花蓮縣政府委託辦理「114年度花蓮縣兒童發展中心」（後續擴充案）,同機關且標題核心相同，尚待人工確認是否為同一專案
candidate_a04e976e1235,秀林鄉中區委託設計監造技術服務開口契約,2019,2026,8,6,25260000,花蓮縣秀林鄉公所,秀林鄉108年度中區工程委託設計監造技術服務(開口契約)；秀林鄉110年度中區工程委託設計監造技術服務(開口契約)；秀林鄉113年度中區工程委託設計監造技術服務(開口契約)；秀林鄉114年度中區工程委託設計監造技術服務(開口契約)；秀林鄉114年度中區工程委託設計監造技術服務第二期(開口契約)；秀林鄉115年度中區工程委託設計監造技術服務(開口契約),同機關且標題核心相同，尚待人工確認是否為同一專案
candidate_1338676e4f32,花蓮縣災後復建開口契約,2014,2015,2,2,25226250,花蓮縣政府,花蓮縣103年度災後復建工程委託技術服務開口契約；花蓮縣104年度災後復建工程委託技術服務開口契約,同機關且標題核心相同，尚待人工確認是否為同一專案
candidate_e1a17adf7a6e,花蓮縣義民祭文化活動,2019,2025,7,7,25200000,花蓮縣政府,108年花蓮縣義民祭文化活動委託專業服務勞務採購案；109年花蓮縣義民祭文化活動委託專業服務案；110年花蓮縣義民祭文化活動委託專業服務案；111年花蓮縣義民祭文化活動委託專業服務案；112年花蓮縣義民祭文化活動委託專業服務案；113年花蓮縣義民祭文化活動委託專業服務案；114年花蓮縣義民祭文化活動委託專業服務案,同機關且標題核心相同，尚待人工確認是否為同一專案
candidate_3141f184c145,花蓮縣政府委託辦理花蓮縣發展遲緩兒童社區療育服務,2024,2026,3,3,25124290,花蓮縣政府,花蓮縣政府委託辦理 「花蓮縣發展遲緩兒童社區療育服務」；花蓮縣政府委託辦理「114年度花蓮縣發展遲緩兒童社區療育服務」（後續擴充案）；花蓮縣政府委託辦理「115年度花蓮縣發展遲緩兒童社區療育服務」,同機關且標題核心相同，尚待人工確認是否為同一專案
candidate_40ebdf3a75da,公共委託技術服務開口契約,2015,2017,3,3,25060205,花蓮縣卓溪鄉公所,104年度公共工程委託規劃設計監造技術服務開口契約；105年度公共工程委託規劃設計監造技術服務開口契約；106年度公共工程委託規劃設計監造技術服務開口契約,同機關且標題核心相同，尚待人工確認是否為同一專案
candidate_cf4eaa1f5e70,花蓮縣集團結婚活動採購,2022,2026,5,5,24850000,花蓮縣政府,花蓮縣111年集團結婚活動採購；花蓮縣112年集團結婚活動採購案；花蓮縣113年集團結婚活動採購案；花蓮縣114年集團結婚活動採購案；花蓮縣115年集團結婚活動採購案,同機關且標題核心相同，尚待人工確認是否為同一專案
candidate_285268ec4c5b,花蓮縣部落永續建設藍圖規劃安全防減災,2023,2025,3,3,24800000,花蓮縣政府,112年花蓮縣部落永續建設藍圖規劃－安全防（減）災委託專業服務案；113年花蓮縣部落永續建設藍圖規劃-安全防(減)災委託專業服務案；114年花蓮縣部落永續建設藍圖規劃－安全防（減）災委託專業服務案,同機關且標題核心相同，尚待人工確認是否為同一專案
candidate_1375d8bf0c17,壽豐鄉災害搶險搶修開口契約,2013,2026,14,15,24746000,花蓮縣壽豐鄉公所,壽豐鄉102年度災害搶險、搶修工程（開口契約）；壽豐鄉103年度災害搶險、搶修工程（開口契約）；壽豐鄉104年度災害搶險、搶修工程（開口契約）；壽豐鄉105年度災害搶險、搶修工程（開口契約）；壽豐鄉106年度災害搶險、搶修工程（開口契約）；壽豐鄉107年度災害搶險、搶修工程（開口契約）；壽豐鄉108年度災害搶險、搶修工程(開口契約)；壽豐鄉109年度災害搶險、搶修工程(開口契約)；壽豐鄉110年度災害搶險、搶修工程(開口契約)；壽豐鄉111年度災害搶險、搶修工程(開口契約)；壽豐鄉112年度災害搶險、搶修工程(開口契約)；壽豐鄉113年度災害搶險、搶修工程(開口契約)；壽豐鄉113年度第二期災害搶險、搶修工程(開口契約)；壽豐鄉114年度災害搶險、搶修工程(開口契約)；壽豐鄉115年度災害搶險、搶修工程(開口契約),同機關且標題核心相同，尚待人工確認是否為同一專案
candidate_90e97d45d22d,2022太平洋燈會整體活動規劃執行,2021,2022,2,3,24702840,花蓮縣政府,2022太平洋燈會整體活動規劃執行案；2022太平洋燈會整體活動規劃執行案-第一次契約變更；2022太平洋燈會整體活動規劃執行案-第二次契約變更,同機關且標題核心相同，尚待人工確認是否為同一專案
candidate_e61920ed403d,花蓮縣空氣污染等陳情件快速查處管制,2012,2015,4,3,24600000,花蓮縣環境保護局,102年度花蓮縣空氣污染等陳情案件快速查處管制計畫；104年度花蓮縣空氣污染等陳情案件快速查處管制計畫；105年度花蓮縣空氣污染等陳情案件快速查處管制計畫,同機關且標題核心相同，尚待人工確認是否為同一專案
candidate_b0348e1be240,編號鄉道市區道路重要路段養護,2010,2026,17,9,24567000,花蓮縣鳳林鎮公所,99年度編號鄉道及市區道路重要路段養護工程；108年度編號鄉道及市區道路重要路段養護工程；109年度編號鄉道及市區道路重要路段養護工程；110年度編號鄉道及市區道路重要路段養護工程；111年度編號鄉道市區道路重要路段養護工程；112年度編號鄉道及市區道路重要路段養護工程；113年度編號鄉道及市區道路重要路段養護工程；114年度編號鄉道及市區道路重要路段養護工程；115年度編號鄉道及市區道路重要路段養護工程,同機關且標題核心相同，尚待人工確認是否為同一專案
candidate_b096d236092b,道路橋樑改善綠美化,2021,2025,5,4,24543000,花蓮縣鳳林鎮公所,道路橋樑改善工程及綠美化工程；111年度道路橋樑改善工程及綠美化工程；112年度道路橋樑改善工程及綠美化工程；114年度道路橋樑改善工程及綠美化工程,同機關且標題核心相同，尚待人工確認是否為同一專案
candidate_a0b7cf4eac99,縣境景觀綠美化開口契約,2015,2016,2,2,24520000,花蓮縣政府,縣境景觀綠美化工程(開口契約)；105年度縣境景觀綠美化工程(開口契約),同機關且標題核心相同，尚待人工確認是否為同一專案
candidate_69e838723228,美崙山公園環境景觀設施二期改善委託規劃設計監造技術服務開口契約,2024,2026,3,3,24483490,花蓮縣政府,美崙山公園環境景觀設施二期改善計畫委託規劃暨設計監造技術服務(開口契約)；美崙山公園環境景觀設施二期改善計畫委託規劃暨設計監造技術服務(開口契約)-第2次契約變更,同機關且標題核心相同，尚待人工確認是否為同一專案
candidate_0a1104702194,網路輿情分析整合行銷服務,2019,2026,8,8,24468000,花蓮縣政府,108年網路輿情分析暨整合行銷服務案；109年網路輿情分析暨整合行銷服務案；110年網路輿情分析暨整合行銷服務案；111年網路輿情分析暨整合行銷服務案；112年網路輿情分析暨整合行銷服務案；113年網路輿情分析暨整合行銷服務案；114年網路輿情分析暨整合行銷服務案；115年網路輿情分析暨整合行銷服務案,同機關且標題核心相同，尚待人工確認是否為同一專案
candidate_9579c1144cf4,東華大學周邊道路瓶頸危險路口改善,2025,2026,2,2,24457347,花蓮縣政府,東華大學周邊道路瓶頸及危險路口改善工程,同機關且標題核心相同，尚待人工確認是否為同一專案
candidate_9ccba4b4b510,花蓮縣南區農水路野溪水土保持設施搶修險開口契約,2014,2026,13,7,24423114,花蓮縣政府,花蓮縣南區農水路、野溪、水土保持設施搶修(險)工程 (開口契約)；花蓮縣南區農水路、野溪、水土保持設施搶修(險)工程(開口契約)；112年度花蓮縣南區農水路、野溪、水土保持設施搶修(險)工程(開口契約)；113年度花蓮縣南區農水路、野溪、水土保持設施搶修(險)工程(開口契約)；114年度花蓮縣南區農水路、野溪、水土保持設施搶修(險)工程(開口契約)；115年度花蓮縣南區農水路、野溪、水土保持設施搶修(險)工程(開口契約),同機關且標題核心相同，尚待人工確認是否為同一專案
candidate_d5826362d4a4,花蓮縣犬貓3合1絕育工作,2016,2023,8,7,24403330,花蓮縣政府,花蓮縣105年度犬貓3合1絕育工作勞務採購；花蓮縣106年度犬貓3合1絕育工作勞務採購；花蓮縣107年度犬貓3合1絕育工作；花蓮縣108年度犬貓3合1絕育工作勞務採購；花蓮縣109年度犬貓3合1絕育工作勞務採購；花蓮縣110年度犬貓3合1絕育工作勞務採購；花蓮縣112年度犬貓3合1絕育工作勞務採購,同機關且標題核心相同，尚待人工確認是否為同一專案
candidate_e70030498aee,家庭處遇服務方,2023,2025,3,3,24320000,花蓮縣政府,112年度家庭處遇服務方案；113年度家庭處遇服務方案；114年度家庭處遇服務方案,同機關且標題核心相同，尚待人工確認是否為同一專案
candidate_14a1a242c08d,花蓮縣政府委辦失業者職業訓練,2018,2026,9,4,24198405,花蓮縣政府,花蓮縣政府委辦107年度失業者職業訓練；花蓮縣政府委辦「114年度失業者職業訓練」；花蓮縣政府委辦「115年度失業者職業訓練」,同機關且標題核心相同，尚待人工確認是否為同一專案
candidate_8c7e5233c472,光復親子館花蓮縣光復鄉托育資源中心,2021,2023,3,3,24099800,花蓮縣政府,光復親子館-花蓮縣光復鄉托育資源中心；光復親子館-花蓮縣光復鄉托育資源中心（後續擴充）,同機關且標題核心相同，尚待人工確認是否為同一專案
candidate_19c242526f50,花蓮縣新建圖書館委託專管理監造技術服務,2020,2021,2,2,24026774,花蓮縣政府,花蓮縣新建圖書館工程委託專案管理暨監造技術服務；花蓮縣新建圖書館工程委託專案管理暨監造技術服務契約變更,同機關且標題核心相同，尚待人工確認是否為同一專案
candidate_2dfae354a5b3,花蓮市各項設計監造,2010,2015,6,8,23770500,花蓮縣花蓮市公所,花蓮市99年度各項工程設計監造；花蓮市100年度各項工程設計監造；花蓮市101年度各項工程設計監造；第二次花蓮市101年度各項工程設計監造；花蓮市102年度各項工程設計監造；花蓮市103年度各項工程設計監造；花蓮市104年度各項工程設計監造；花蓮市105年度各項工程設計監造,同機關且標題核心相同，尚待人工確認是否為同一專案
candidate_d673420c1e92,七星潭風景區自行車道等區域災害搶險搶修開口契約,2012,2023,12,12,23585215,花蓮縣政府,101年度「七星潭風景區、自行車道等區域災害搶險搶修開口契約」；102年度「七星潭風景區、自行車道等區域災害搶險搶修開口契約」；103年度「七星潭風景區、自行車道等區域災害搶險搶修開口契約」；104年度七星潭風景區、自行車道等區域災害搶險搶修開口契約；105年度「七星潭風景區、自行車道等區域災害搶險搶修開口契約」；106年度「七星潭風景區、自行車道等區域災害搶險搶修開口契約」；107年度「七星潭風景區、自行車道等區域災害搶險搶修開口契約」；108年度「七星潭風景區、自行車道等區域」災害搶險搶修開口契約；109年度「七星潭風景區、自行車道等區域」災害搶險搶修開口契約；110年度『七星潭風景區、自行車道等區域』災害搶險搶修開口契約；111年度「七星潭風景區、自行車道等區域」災害搶險搶修開口契約；112年度「七星潭風景區、自行車道等區域」災害搶險搶修開口契約,同機關且標題核心相同，尚待人工確認是否為同一專案
candidate_2100b4f8d392,花蓮市建築類委託設計監造技術服務開口契約,2017,2021,5,4,23580000,花蓮縣花蓮市公所,花蓮市106年度建築類委託設計監造技術服務開口契約；花蓮市107年度建築類委託設計監造技術服務開口契約；花蓮市110年度建築類委託設計監造技術服務開口契約；花蓮市111年度建築類委託設計監造技術服務開口契約,同機關且標題核心相同，尚待人工確認是否為同一專案
candidate_066df978e4a6,花蓮縣資源回收推動宣導活動工作,2019,2021,3,3,23570000,花蓮縣環境保護局,108年度花蓮縣資源回收推動與宣導活動工作計畫；109年度花蓮縣資源回收推動與宣導活動工作計畫；110年度花蓮縣資源回收推動與宣導活動工作計畫,同機關且標題核心相同，尚待人工確認是否為同一專案
candidate_b8737083b235,戶役政資訊系統電腦軟硬體設備維護,2016,2025,10,10,23462740,花蓮縣政府,105年度戶役政資訊系統電腦軟硬體設備維護；106年度戶役政資訊系統電腦軟硬體設備維護；107年度戶役政資訊系統電腦軟硬體設備維護；109年度戶役政資訊系統電腦軟硬體設備維護；110年度戶役政資訊系統電腦軟硬體設備維護後續擴充案；111年度戶役政資訊系統電腦軟硬體設備維護；112年度戶役政資訊系統電腦軟硬體設備維護後續擴充案；113年度戶役政資訊系統電腦軟硬體設備維護；114年戶役政資訊系統電腦軟硬體設備維護；115年度戶役政資訊系統電腦軟硬體設備維護,同機關且標題核心相同，尚待人工確認是否為同一專案
candidate_ad85d907dfcb,秀林鄉中區委託設計監造技術服務,2012,2020,9,8,23460000,花蓮縣秀林鄉公所,秀林鄉101年度中區工程委託設計監造技術服務；秀林鄉102年度中區工程委託設計監造技術服務；秀林鄉103年度中區工程委託設計監造技術服務；秀林鄉104年度中區工程委託設計監造技術服務；秀林鄉105年度中區工程委託設計監造技術服務；秀林鄉106年度中區工程委託設計監造技術服務；秀林鄉107年度中區工程委託設計監造技術服務；秀林鄉109年度中區工程委託設計監造技術服務,同機關且標題核心相同，尚待人工確認是否為同一專案
candidate_834bdc7c5000,花蓮縣幸福花蓮三節生活物資發放採購,2012,2014,3,2,23400000,花蓮縣政府,花蓮縣102年度「幸福花蓮」三節生活物資發放採購案；花蓮縣103年度「幸福花蓮」三節生活物資發放採購案,同機關且標題核心相同，尚待人工確認是否為同一專案
candidate_8e3adb0cd441,來東海岸聚落群作客xmipalafangkita,2015,2016,2,2,23388400,花蓮縣政府,來東海岸聚落群作客xmipalafang kita；105年度來東海岸聚落群作客x mipalafang kita計畫,同機關且標題核心相同，尚待人工確認是否為同一專案
candidate_c90768fb7e8b,新城鄉各村新設維護路燈開口契約,2020,2025,6,4,23353543,花蓮縣新城鄉公所,109年度新城鄉各村新設及維護路燈工程開口契約；113年度新城鄉各村新設及維護路燈工程開口契約；114年度新城鄉各村新設及維護路燈開口契約；115年度新城鄉各村新設及維護路燈開口契約,同機關且標題核心相同，尚待人工確認是否為同一專案
candidate_9b0531eb1340,花蓮火車站後站左側機車停車場委託經營管理,2013,2023,11,3,23228280,花蓮縣政府,花蓮火車站後站左側機車停車場委託經營管理,同機關且標題核心相同，尚待人工確認是否為同一專案
candidate_683eda179f87,全鄉各村道路設施其他基礎改善開口契約,2012,2017,6,7,23216000,花蓮縣卓溪鄉公所,101年度全鄉各村道路設施及其他基礎改善工程開口契約；102年度全鄉各村道路設施及其他基礎改善工程開口契約；102年度全鄉各村道路設施及其他基礎改善工程開口契約(第二次)；103年度全鄉各村道路設施及其他基礎改善工程開口契約；104年度全鄉各村道路設施及其他基礎改善工程開口契約；105年度全鄉各村道路設施及其他基礎改善工程開口契約；106年度全鄉各村道路設施及其他基礎改善工程(開口契約),同機關且標題核心相同，尚待人工確認是否為同一專案
candidate_27afbba65094,花蓮縣愛戀花蓮幸福一生集團結婚活動,2016,2021,6,5,23185000,花蓮縣政府,花蓮縣105年「愛戀花蓮 幸福一生」集團結婚活動；花蓮縣106年「愛戀花蓮 幸福一生」集團結婚活動；花蓮縣107年「愛戀花蓮 幸福一生」集團結婚活動；花蓮縣108年「愛戀花蓮 幸福一生」集團結婚活動勞務採購案；花蓮縣110年愛戀花蓮幸福一生集團結婚活動,同機關且標題核心相同，尚待人工確認是否為同一專案
candidate_ae0ce586621f,資訊機房網路資安設備保固維護服務,2016,2025,10,10,23171409,花蓮縣政府,105年資訊機房網路暨資安設備保固維護服務案；106年資訊機房網路暨資安設備保固維護服務案；108年資訊機房網路暨資安設備保固維護服務案；「109年資訊機房網路暨資安設備保固維護服務案」；「110年資訊機房網路暨資安設備保固維護服務案」；「111年資訊機房網路暨資安設備保固維護服務案」；112年資訊機房網路暨資安設備保固維護服務案；113年資訊機房網路暨資安設備保固維護服務案；114年資訊機房網路暨資安設備保固維護服務案；115年資訊機房網路暨資安設備保固維護服務案,同機關且標題核心相同，尚待人工確認是否為同一專案
candidate_c4fa192abe29,花蓮縣資源回收稽查查核推動,2017,2020,4,3,23109000,花蓮縣環境保護局,107年度花蓮縣資源回收稽查及查核推動計畫；108年度花蓮縣資源回收稽查與查核推動計畫；109年度花蓮縣資源回收稽查與查核推動計畫,同機關且標題核心相同，尚待人工確認是否為同一專案
candidate_f971cc81336c,美崙溪環境維護工作開口契約,2016,2021,6,6,23030000,花蓮縣政府,105年度美崙溪環境維護工作(開口契約)；106年度美崙溪環境維護工作(開口契約)；107年度美崙溪環境維護工作(開口契約)；108年度美崙溪環境維護工作(開口契約)；109年度美崙溪環境維護工作(開口契約)；110年度美崙溪環境維護工作(開口契約),同機關且標題核心相同，尚待人工確認是否為同一專案
candidate_aab629dcb8e2,富里鄉公共委託設計監造技術服務開口契約,2013,2018,6,5,22948000,花蓮縣富里鄉公所,富里鄉102年度公共工程委託設計監造技術服務案(開口契約)；富里鄉103年度公共工程委託設計監造技術服務案(開口契約)；富里鄉104年度公共工程委託設計監造技術服務案(開口契約)；富里鄉105年度公共工程委託設計監造技術服務案(開口契約)；富里鄉107年度公共工程委託設計監造技術服務開口契約,同機關且標題核心相同，尚待人工確認是否為同一專案
candidate_3adddbb21842,花蓮縣災害應變中心含異地備援資訊系統設計設備統包,2015,2017,3,2,22945000,花蓮縣消防局,花蓮縣災害應變中心(含異地備援)資訊系統設計暨設備統包案；花蓮縣災害應變中心(含異地備援)資訊系統設計暨設備統包案第3次契約變更案,同機關且標題核心相同，尚待人工確認是否為同一專案
candidate_4b1f06ed98fb,花蓮縣洄瀾國際文教會館變更使用執照等相關改善,2024,2025,2,2,22864223,花蓮縣政府,花蓮縣洄瀾國際文教會館變更使用執照等相關改善工程；花蓮縣洄瀾國際文教會館變更使用執照等相關改善工程-第一次變更設計,同機關且標題核心相同，尚待人工確認是否為同一專案
candidate_f1328f9fef17,新城鄉公所耐震補強,2020,2021,2,2,22730000,花蓮縣新城鄉公所,新城鄉公所耐震補強計畫；新城鄉公所耐震補強計畫(第二期),同機關且標題核心相同，尚待人工確認是否為同一專案
candidate_3390fe8a3b0b,全鄉簡易自來水管線整修開口契約,2012,2026,15,13,22729000,花蓮縣卓溪鄉公所,101年度全鄉簡易自來水管線整修工程開口契約；104年度全鄉簡易自來水管線整修工程開口契約；105年度全鄉簡易自來水管線整修工程開口契約；106年度全鄉簡易自來水管線整修工程開口契約；107年度全鄉簡易自來水管線整修工程開口契約；108年度全鄉簡易自來水管線整修工程開口契約；109年度全鄉簡易自來水管線整修工程開口契約；110年度全鄉簡易自來水管線整修工程開口契約；111年度全鄉簡易自來水管線整修工程開口契約；112年度全鄉簡易自來水管線整修工程開口契約；113年度全鄉簡易自來水管線整修工程開口契約；114年度全鄉簡易自來水管線整修工程開口契約；115年度全鄉簡易自來水管線整修工程開口契約,同機關且標題核心相同，尚待人工確認是否為同一專案
candidate_1748bc676494,公共委託技術服務一式,2011,2013,3,3,22670000,花蓮縣卓溪鄉公所,100年度公共工程委託規劃設計監造技術服務一式；101年度公共工程委託規劃設計監造技術服務一式；102年度公共工程委託規劃設計監造技術服務一式,同機關且標題核心相同，尚待人工確認是否為同一專案
candidate_89491c74bcc0,花蓮縣中區農水路野溪水土保持設施搶修險開口契約,2014,2026,13,6,22630347,花蓮縣政府,花蓮縣中區農水路、野溪、水土保持設施搶修(險)工程 (開口契約)；花蓮縣中區農水路、野溪、水土保持設施搶修(險)工程(開口契約)；113年度花蓮縣中區農水路、野溪、水土保持設施搶修(險)工程(開口契約)；114年度花蓮縣中區農水路、野溪、水土保持設施搶修(險)工程(開口契約)；115年度花蓮縣中區農水路、野溪、水土保持設施搶修(險)工程(開口契約),同機關且標題核心相同，尚待人工確認是否為同一專案
candidate_77923f379495,新城鄉各項委外設計監造服務開口契約,2012,2025,14,14,22606600,花蓮縣新城鄉公所,新城鄉101年度各項工程委外設計監造服務開口契約；新城鄉102年度各項工程委外設計監造服務開口契約；新城鄉103年度各項工程委外設計監造服務開口契約；新城鄉104年度各項工程委外設計監造服務開口契約；新城鄉106年度各項工程委外設計監造服務開口契約；新城鄉107年度各項工程委外設計監造服務開口契約；新城鄉109年度各項工程委外設計監造服務開口契約；新城鄉110年度各項工程委外設計監造服務開口契約(第二期)；新城鄉111年度各項工程委外設計監造服務開口契約；新城鄉111年度各項工程委外設計監造服務開口契約(第二期)；新城鄉112年度各項工程委外設計監造服務開口契約；新城鄉113年度各項工程委外設計監造服務開口契約；新城鄉114年度各項工程委外設計監造服務開口契約；新城鄉115年度各項工程委外設計監造服務開口契約,同機關且標題核心相同，尚待人工確認是否為同一專案
candidate_d82ad99df532,編號鄉道市區重要路段養護,2011,2015,5,5,22457000,花蓮縣鳳林鎮公所,100年度編號鄉道及市區重要路段養護工程；101年度編號鄉道及市區重要路段養護工程；102年度編號鄉道及市區重要路段養護工程；103年度編號鄉道及市區重要路段養護工程；104年編號鄉道及市區重要路段養護工程,同機關且標題核心相同，尚待人工確認是否為同一專案
candidate_f8db8e8f86e5,花蓮縣道路設施標誌標線整修開口契約,2014,2020,7,7,22362000,花蓮縣政府,103年度花蓮縣道路設施(標誌、標線)整修工程（開口契約）；104年度花蓮縣道路設施(標誌、標線)整修工程（開口契約）；105年度花蓮縣道路設施(標誌、標線)整修工程（開口契約）；106年度花蓮縣道路設施(標誌、標線)整修工程（開口契約）；107年度花蓮縣道路設施(標誌、標線)整修工程（開口契約）；108年度花蓮縣道路設施(標誌、標線)整修工程(開口契約)；109年度花蓮縣道路設施(標誌、標線)整修工程(開口契約),同機關且標題核心相同，尚待人工確認是否為同一專案
candidate_4add46de42b8,花蓮縣忠烈祠建築周邊環境軟硬體設施改善,2025,2026,2,2,22341513,花蓮縣政府,花蓮縣忠烈祠建築及周邊環境軟硬體設施改善(第一期)；花蓮縣忠烈祠建築及周邊環境軟硬體設施改善(第一期)(第一次契約變更),同機關且標題核心相同，尚待人工確認是否為同一專案
candidate_57d7ce471260,花蓮縣瑞穗鄉K幹線雨水下水道,2022,2023,2,2,22260000,花蓮縣政府,111年度花蓮縣瑞穗鄉K幹線雨水下水道新建工程；111年度花蓮縣瑞穗鄉K幹線雨水下水道新建工程-第一次變更設計,同機關且標題核心相同，尚待人工確認是否為同一專案
candidate_0c4cb51abe07,水箱消防車採購,2010,2011,2,2,22198000,花蓮縣政府,水箱消防車採購案,同機關且標題核心相同，尚待人工確認是否為同一專案
candidate_15d6ec0a46ae,花蓮市區路燈增設路燈災害搶修,2010,2014,5,5,22178490,花蓮縣花蓮市公所,99年度花蓮市區路燈增設工程暨路燈災害搶修；100年度花蓮市區路燈增設工程暨路燈災害搶修；101年度花蓮市區路燈增設工程暨路燈災害搶修；102年度花蓮市區路燈增設工程暨路燈災害搶修；103年度花蓮市區路燈增設工程暨路燈災害搶修,同機關且標題核心相同，尚待人工確認是否為同一專案
candidate_73589c684d23,全鄉公共建設開口契約,2017,2026,10,10,22112300,花蓮縣吉安鄉公所,全鄉公共建設工程(開口契約)；107年度全鄉公共建設工程(開口契約)；108年度全鄉公共建設工程(開口契約)；109年度全鄉公共建設工程(開口契約)；110年度全鄉公共建設工程(開口契約)；111年度全鄉公共建設工程(開口契約)；112年度全鄉公共建設工程(開口契約)；113年度全鄉公共建設工程(開口契約)；114年度全鄉公共建設工程(開口契約)；115年度全鄉公共建設工程(開口契約),同機關且標題核心相同，尚待人工確認是否為同一專案
candidate_1e41b48ed5b8,編號鄉道市區道路重要路段養護開口契約,2014,2022,9,9,22020000,花蓮縣瑞穗鄉公所,編號鄉道及市區道路重要路段養護工程(開口契約)；104年度編號鄉道及市區道路重要路段養護工程(開口契約)；105年度編號鄉道及市區道路重要路段養護工程(開口契約)；106年度編號鄉道及市區道路重要路段養護工程(開口契約)；107年度編號鄉道及市區道路重要路段養護工程(開口契約)；108年度編號鄉道及市區道路重要路段養護工程(開口契約)；109年度編號鄉道及市區道路重要路段養護工程(開口契約)；110年度編號鄉道及市區道路重要路段養護工程(開口契約)；111年度編號鄉道及市區道路重要路段養護工程(開口契約),同機關且標題核心相同，尚待人工確認是否為同一專案
candidate_5aa319b9d6f8,花蓮縣政府委託經營管理洄瀾親子館─花蓮縣托育資源中心,2019,2022,4,3,21980000,花蓮縣政府,花蓮縣政府「委託經營管理洄瀾親子館─花蓮縣托育資源中心」；花蓮縣政府「委託經營管理109年度洄瀾親子館─花蓮縣托育資源中心」,同機關且標題核心相同，尚待人工確認是否為同一專案
candidate_0f83bcc65662,花蓮縣資源回收推動宣導活動,2014,2016,3,3,21919999,花蓮縣環境保護局,103年度花蓮縣資源回收推動與宣導活動計畫；104年度花蓮縣資源回收推動與宣導活動計畫；105年度花蓮縣資源回收推動與宣導活動計畫,同機關且標題核心相同，尚待人工確認是否為同一專案
candidate_83952e985c37,轄內路燈照明設備維修路燈新設,2010,2025,16,14,21844000,花蓮縣鳳林鎮公所,99年度轄內路燈照明設備維修及路燈新設工程；100年度轄內路燈照明設備維修及路燈新設工程；101年度轄內路燈照明設備維修及路燈新設工程；102年度轄內路燈照明設備維修及路燈新設工程；103年度轄內路燈照明設備維修及路燈新設工程；104年度轄內路燈照明設備維修及路燈新設工程；105年度轄內路燈照明設備維修及路燈新設工程；106年度轄內路燈照明設備維修及路燈新設工程；107年度轄內路燈照明設備維修及路燈新設工程；108年度轄內路燈照明設備維修及路燈新設工程；109年度轄內路燈照明設備維修及路燈新設工程；110年度轄內路燈照明設備維修及路燈新設工程；113年度轄內路燈照明設備維修及路燈新設工程；114年度轄內路燈照明設備維修及路燈新設工程,同機關且標題核心相同，尚待人工確認是否為同一專案
candidate_2649fd26d97b,縣政宣導臉書LINE@推廣採購,2019,2023,5,5,21802000,花蓮縣政府,108年度縣政宣導臉書暨LINE@推廣採購案；109年度縣政宣導臉書暨LINE@推廣採購案；110年度縣政宣導臉書暨LINE@推廣採購案；111年度縣政宣導臉書暨LINE@推廣採購案；112年度縣政宣導臉書暨LINE@推廣採購案,同機關且標題核心相同，尚待人工確認是否為同一專案
candidate_b37c602df5fd,花蓮縣焚化再生粒料作為水泥生料使用,2020,2022,3,3,21605250,花蓮縣政府,109年度「花蓮縣焚化再生粒料作為水泥生料使用計畫」；110年度「花蓮縣焚化再生粒料作為水泥生料使用計畫」勞務採購案；111年度「花蓮縣焚化再生粒料作為水泥生料使用計畫」勞務採購案,同機關且標題核心相同，尚待人工確認是否為同一專案
candidate_91349694d4ee,兩潭自行車道南濱斷點串連建置,2015,2016,2,2,21556000,花蓮縣政府,兩潭自行車道南濱斷點串連建置工程；兩潭自行車道南濱斷點串連建置工程委託監造技術服務工作,同機關且標題核心相同，尚待人工確認是否為同一專案
candidate_93aa8a417e95,花蓮縣政府駐臺灣花蓮地方法院家庭暴力事件服務處,2016,2026,11,8,21548976,花蓮縣政府,105年度花蓮縣政府駐臺灣花蓮地方法院家庭暴力事件服務處；109年度花蓮縣政府駐臺灣花蓮地方法院家庭暴力事件服務處計畫；111年度花蓮縣政府駐臺灣花蓮地方法院家庭暴力事件服務處計畫；112年花蓮縣政府駐臺灣花蓮地方法院家庭暴力事件服務處；113年度花蓮縣政府駐臺灣花蓮地方法院家庭暴力事件服務處計畫；113年度花蓮縣政府駐臺灣花蓮地方法院家庭暴力事件服務處計畫---後續擴充(114年度)；113年度花蓮縣政府駐臺灣花蓮地方法院家庭暴力事件服務處計畫-後續擴充(114年度)；115年度花蓮縣政府駐臺灣花蓮地方法院家庭暴力事件服務處計畫,同機關且標題核心相同，尚待人工確認是否為同一專案
candidate_2e3ae9b41f7d,花蓮縣強韌臺灣大規模風災震災整備協作,2023,2026,4,4,21510000,花蓮縣消防局,「花蓮縣112年強韌臺灣大規模風災震災整備與協作計畫」委託專業服務案；「花蓮縣113年強韌臺灣大規模風災震災整備與協作計畫」委託專業服務案；「花蓮縣114年強韌臺灣大規模風災震災整備與協作計畫」委託專業服務案；「花蓮縣115年強韌臺灣大規模風災震災整備與協作計畫」委託專業服務案,同機關且標題核心相同，尚待人工確認是否為同一專案
candidate_dfd821f244d4,花蓮縣路面改善開口契約,2016,2018,3,3,21491184,花蓮縣政府,104年度花蓮縣路面改善工程(開口契約)；105年度花蓮縣路面改善工程(開口契約)；107年度花蓮縣路面改善工程(開口契約),同機關且標題核心相同，尚待人工確認是否為同一專案
candidate_dc51164e4b03,花蓮縣水污染防治推動畜牧糞尿沼渣沼液作為農地肥分使用綠能沼氣回收再利用異味削減輔導,2021,2022,2,2,21473000,花蓮縣環境保護局,110年度花蓮縣水污染防治計畫暨推動畜牧糞尿沼渣沼液作為農地肥分使用及綠能沼氣回收再利用暨異味削減輔導計畫；111年度花蓮縣水污染防治計畫暨推動畜牧糞尿沼渣沼液作為農地肥分使用及綠能沼氣回收再利用暨異味削減輔導計畫,同機關且標題核心相同，尚待人工確認是否為同一專案
candidate_97ca306e93ba,原住民族部落含聯絡道環境飲用水災害搶險搶修開口契約,2015,2025,11,11,21138412,花蓮縣政府,104年度原住民族部落工程『含聯絡道、環境飲(用)水工程』災害搶險搶修開口契約；105年度原住民族部落工程『含聯絡道、環境飲（用）水工程』災害搶險搶修開口契約；106年度原住民族部落工程『含聯絡道、環境飲（用）水工程』災害搶險搶修開口契約；107年度原住民族部落工程「含聯絡道、環境飲（用）水工程」災害搶險搶修開口契約；108年度原住民族部落工程「含聯絡道、環境飲（用）水工程」災害搶險搶修開口契約；109年度原住民族部落工程『含聯絡道、環境飲(用)水工程』災害搶險搶修開口契約；109年度原住民族部落工程「含聯絡道、環境飲（用）水工程」災害搶險搶修開口契約（110年度後續擴充）；111年度原住民族部落工程「含聯絡道、環境飲（用）水工程」災害搶險搶修開口契約；112年度原住民族部落工程「含聯絡道、環境飲（用）水工程」災害搶險搶修開口契約；113年度原住民族部落工程「含聯絡道、環境飲（用）水工程」災害搶險搶修開口契約；114年度原住民族部落工程『含聯絡道、環境飲(用)水工程』災害搶險搶修開口契約,同機關且標題核心相同，尚待人工確認是否為同一專案
candidate_26a22865b523,花蓮縣政府地政資訊系統設備維護,2012,2020,9,10,20759300,花蓮縣政府,花蓮縣政府101年地政資訊系統設備維護；花蓮縣政府102年地政資訊系統設備維護；花蓮縣政府103年地政資訊系統設備維護；花蓮縣政府104年地政資訊系統設備維護；花蓮縣政府105年地政資訊系統設備維護；花蓮縣政府106年地政資訊系統設備維護；花蓮縣政府107年地政資訊系統設備維護；花蓮縣政府108年地政資訊系統設備維護；花蓮縣政府109年地政資訊系統設備維護；花蓮縣政府110年地政資訊系統設備維護,同機關且標題核心相同，尚待人工確認是否為同一專案
candidate_12139643b52a,新城鄉災害搶修搶險開口契約,2013,2026,14,12,20750000,花蓮縣新城鄉公所,102年度新城鄉災害搶修搶險工程開口契約；104年度新城鄉災害搶修搶險工程開口契約；105年度新城鄉災害搶修搶險工程開口契約；106年度新城鄉災害搶修搶險工程開口契約；108年度新城鄉災害搶修搶險工程開口契約；109年度新城鄉災害搶修搶險工程開口契約；110年度新城鄉災害搶修搶險工程開口契約；111年度新城鄉災害搶修搶險工程開口契約；112年度新城鄉災害搶修搶險工程開口契約；113年度新城鄉災害搶修搶險工程開口契約；114年度新城鄉災害搶修搶險工程開口契約；115年度新城鄉災害搶修搶險工程開口契約,同機關且標題核心相同，尚待人工確認是否為同一專案
candidate_1e359d21755e,太平洋音樂基地維運,2024,2026,3,4,20650000,花蓮縣文化局,113年太平洋音樂基地維運案；114年太平洋音樂基地維運案；「太平洋音樂基地維運」委託專業服務,同機關且標題核心相同，尚待人工確認是否為同一專案
candidate_ae9486169d2c,太平洋洄瀾之心公園植栽設施搶修險開口契約,2016,2023,8,8,20599850,花蓮縣政府,105年度太平洋及洄瀾之心公園植栽、設施搶修(險)工程(開口契約)；106年度太平洋及洄瀾之心公園植栽、設施搶修(險)工程(開口契約)；107年度太平洋及洄瀾之心公園植栽、設施搶修(險)工程(開口契約)；108年度太平洋及洄瀾之心公園植栽、設施搶修(險)工程(開口契約)；109年度太平洋及洄瀾之心公園植栽、設施搶修(險)工程(開口契約)；110年度太平洋及洄瀾之心公園植栽、設施搶修(險)工程(開口契約)；111年度太平洋及洄瀾之心公園植栽、設施搶修(險)工程(開口契約)；112年度太平洋及洄瀾之心公園植栽、設施搶修(險)工程(開口契約),同機關且標題核心相同，尚待人工確認是否為同一專案
candidate_90d50d074803,原住民族文創產業聚落空間景觀,2023,2024,2,2,20351583,花蓮縣政府,原住民族文創產業聚落空間景觀工程；原住民族文創產業聚落空間景觀工程(第一次變更設計),同機關且標題核心相同，尚待人工確認是否為同一專案
candidate_906d1cc7b0dd,花蓮縣政府辦理原住民族地區部落公共委託設計監造服務,2010,2013,4,2,20250000,花蓮縣政府,花蓮縣政府辦理99年度原住民族地區部落公共工程委託設計及監造服務；花蓮縣政府辦理102年度原住民族地區部落公共工程委託設計及監造服務,同機關且標題核心相同，尚待人工確認是否為同一專案
candidate_e11d920429a0,花蓮市區災害搶修,2010,2018,9,9,20130000,花蓮縣花蓮市公所,99年度花蓮市區災害搶修工程；100年度花蓮市區災害搶修工程；101年度花蓮市區災害搶修工程；102年度花蓮市區災害搶修工程；103年度花蓮市區災害搶修工程；104年度花蓮市區災害搶修工程；105年度花蓮市區災害搶修工程；106年度花蓮市區災害搶修工程；107年度花蓮市區災害搶修工程,同機關且標題核心相同，尚待人工確認是否為同一專案
candidate_88079b46fcc6,重機械維修,2014,2026,13,18,20097200,花蓮縣花蓮市公所,重機械維修；重機械維修第3次後續擴充；重機械維修第1次後續擴充；重機械維修第2次後續擴充,同機關且標題核心相同，尚待人工確認是否為同一專案
candidate_29ed66001abf,交通號誌災害搶險搶修開口契約,2012,2018,7,6,20047451,花蓮縣政府,101年度交通號誌災害搶險搶修工程(開口契約)；103年度交通號誌災害搶險搶修工程(開口契約)；104年度交通號誌災害搶險搶修工程(開口契約)；105年度交通號誌災害搶險搶修工程(開口契約)；106年度交通號誌災害搶險搶修工程(開口契約)；107年度交通號誌災害搶險搶修工程(開口契約),同機關且標題核心相同，尚待人工確認是否為同一專案
candidate_7c94edd87559,花蓮縣海灘岸漂流木打撈清理搶修險開口契約,2014,2021,8,8,20003549,花蓮縣政府,103年度花蓮縣海灘(岸)漂流木打撈清理搶修(險)勞務採購開口契約；104年度花蓮縣海灘(岸)漂流木打撈清理搶修(險)勞務採購開口契約；105年度花蓮縣海灘（岸）漂流木打撈清理搶修(險)勞務採購開口契約；106年度花蓮縣海灘(岸)漂流木打撈清理搶修(險)勞務採購開口契約；107年度花蓮縣海灘(岸)漂流木打撈清理搶修(險)勞務採購開口契約；108年度花蓮縣海灘（岸）漂流木打撈清理搶修(險)勞務採購開口契約；109年度花蓮縣海灘（岸）漂流木打撈清理搶修(險)勞務採購開口契約；110年度花蓮縣海灘（岸）漂流木打撈清理搶修(險)勞務採購開口契約,同機關且標題核心相同，尚待人工確認是否為同一專案
candidate_a7596b0b7f92,花蓮縣警察局路口錄影監視系統設備維護修開口合約採購,2020,2021,2,2,19900000,花蓮縣政府,花蓮縣警察局109年度路口錄影監視系統設備維護（修）開口合約採購案；花蓮縣警察局110年路口錄影監視系統設備維護（修）開口合約採購案,同機關且標題核心相同，尚待人工確認是否為同一專案
candidate_4a763116f6d0,花蓮市都市雨水下水道清淤開口契約,2021,2025,5,6,19887720,花蓮縣花蓮市公所,110年度花蓮市都市計畫雨水下水道清淤工程(開口契約)；111年度花蓮市都市計畫雨水下水道清淤工程(開口契約)；112年度花蓮市都市計畫雨水下水道清淤工程(開口契約)；113年度花蓮市都市計畫雨水下水道清淤工程(開口契約)；114年度花蓮市都市計畫雨水下水道清淤工程(開口契約)；115年度花蓮市都市計畫雨水下水道清淤工程(開口契約),同機關且標題核心相同，尚待人工確認是否為同一專案
candidate_8ba836db046f,壽豐鄉公共委託監造技術服務,2020,2022,3,3,19863500,花蓮縣壽豐鄉公所,壽豐鄉109年度公共工程委託規劃設計及監造技術服務；壽豐鄉110年度公共工程委託規劃設計及監造技術服務；壽豐鄉111年度公共工程委託規劃設計及監造技術服務,同機關且標題核心相同，尚待人工確認是否為同一專案
candidate_2ffdef2e30a1,花蓮縣環保志義工環境教育體驗學習,2024,2026,3,4,19766800,花蓮縣環境保護局,113年度花蓮縣環保志(義)工環境教育體驗學習計畫；114年度花蓮縣環保志(義)工環境教育體驗學習計畫；115年度花蓮縣環保志(義)工環境教育體驗學習計畫,同機關且標題核心相同，尚待人工確認是否為同一專案
candidate_a5a8c33ca59f,花蓮縣電動機車推廣設置,2016,2022,7,7,19740000,花蓮縣環境保護局,花蓮縣電動機車推廣設置計畫；107年度花蓮縣電動機車推廣設置計畫；108年度花蓮縣電動機車推廣設置計畫；109年度花蓮縣電動機車推廣設置計畫；110年度花蓮縣電動機車推廣設置計畫；111年度花蓮縣電動機車推廣設置計畫；112年度花蓮縣電動機車推廣設置計畫,同機關且標題核心相同，尚待人工確認是否為同一專案
candidate_adf4dc0b59ff,193線道路改善開口契約,2014,2024,11,4,19677000,花蓮縣政府,102年度193線道路改善工程(開口契約)；103年度193線道路改善工程(開口契約)；104年度193線道路改善工程(開口契約)；113年度193線道路改善工程(開口契約),同機關且標題核心相同，尚待人工確認是否為同一專案
candidate_3df0261b7ca1,花蓮縣垃圾源頭減量推動,2020,2021,2,3,19622000,花蓮縣環境保護局,109年度花蓮縣垃圾源頭減量推動計畫；110年度花蓮縣垃圾源頭減量推動計畫；110年度花蓮縣垃圾源頭減量推動計畫第2次契約變更,同機關且標題核心相同，尚待人工確認是否為同一專案
candidate_2928db5b4868,花蓮縣玉里地政事務所委託辦理富里鄉地籍圖重測,2015,2016,2,2,19600000,花蓮縣玉里地政事務所,花蓮縣玉里地政事務所委託辦理富里鄉地籍圖重測,同機關且標題核心相同，尚待人工確認是否為同一專案
candidate_032fa5d168f0,花蓮縣東昌護岸洄瀾灣連接自行車道,2010,2011,2,2,19370000,花蓮縣吉安鄉公所,花蓮縣東昌護岸洄瀾灣連接自行車道工程,同機關且標題核心相同，尚待人工確認是否為同一專案
candidate_261f65adc84f,知卡宣綠森林親水公園夏季戲水活動,2017,2025,9,4,19305000,花蓮縣政府,106年度知卡宣綠森林親水公園夏季戲水活動委託專業服務案；2023年知卡宣綠森林親水公園夏季戲水活動委託專業服務案；2024年知卡宣綠森林親水公園夏季戲水活動委託專業服務案；2025年知卡宣綠森林親水公園夏季戲水活動委託專業服務案,同機關且標題核心相同，尚待人工確認是否為同一專案
candidate_8fefb4cd3763,花蓮縣環境保護局花蓮縣固定污染源稽查管制,2011,2012,2,2,19265645,花蓮縣政府,花蓮縣環境保護局「100年度花蓮縣固定污染源稽查管制計畫」；花蓮縣環境保護局「101年度花蓮縣固定污染源稽查管制計畫」,同機關且標題核心相同，尚待人工確認是否為同一專案
candidate_b4a1848ee4f8,全鄉道路設施其他基礎設施改善開口契約,2013,2021,9,7,19235000,花蓮縣光復鄉公所,102年度全鄉道路設施及其他基礎設施改善工程開口契約；103年度全鄉道路設施及其他基礎設施改善工程開口契約；104年度全鄉道路設施及其他基礎設施改善工程開口契約；105年度全鄉道路設施及其他基礎設施改善工程開口契約；106年度全鄉道路設施及其他基礎設施改善工程開口契約；108年度全鄉道路設施及其他基礎設施改善工程開口契約；110年度全鄉道路設施及其他基礎設施改善工程開口契約,同機關且標題核心相同，尚待人工確認是否為同一專案
candidate_733295abb353,靜浦部落新建Arawan鋼棚,2025,2026,2,2,19202316,花蓮縣豐濱鄉公所,靜浦部落新建Arawan鋼棚新建工程；靜浦部落新建Arawan鋼棚新建工程變更設計,同機關且標題核心相同，尚待人工確認是否為同一專案
candidate_12464129fbeb,創新創業嘉年華採購,2024,2025,2,2,19200000,花蓮縣政府,創新創業嘉年華委託專業服務採購；2025年創新創業嘉年華委託專業服務採購,同機關且標題核心相同，尚待人工確認是否為同一專案
candidate_728b73a36073,花蓮縣消防局高壓空氣灌充機5台,2024,2026,3,3,19194000,花蓮縣消防局,花蓮縣消防局113年度高壓空氣灌充機5台；花蓮縣消防局114年度高壓空氣灌充機5台後續擴充案；花蓮縣消防局115年度高壓空氣灌充機5台後續擴充案,同機關且標題核心相同，尚待人工確認是否為同一專案
candidate_4dcfa0edcbf1,花蓮縣立體育場太昌游泳池整建,2020,2022,3,2,19174207,花蓮縣政府,花蓮縣立體育場太昌游泳池整建工程,同機關且標題核心相同，尚待人工確認是否為同一專案
candidate_5002ac0d2dee,花蓮市清潔隊清潔車輛維修電機部分,2012,2025,14,19,19134000,花蓮縣花蓮市公所,花蓮市清潔隊清潔車輛維修（電機部分）；花蓮市清潔隊清潔車輛維修(電機部分)；花蓮市清潔隊清潔車輛維修(電機部分)第1次後續擴充；花蓮市清潔隊清潔車輛維修(電機部分)第2次後續擴充；花蓮市清潔隊清潔車輛維修(電機部分)第3次後續擴充；花蓮市清潔隊清潔車輛維修（電機部分）第3次後續擴充；花蓮市清潔隊清潔車輛維修（電機部分）第1次後續擴充；花蓮市清潔隊清潔車輛維修（電機部分）第2次後續擴充,同機關且標題核心相同，尚待人工確認是否為同一專案
candidate_8b201af947d1,花蓮市美崙山生態園區環境改善,2022,2023,2,3,19063592,花蓮縣政府,花蓮市美崙山生態園區環境改善工程；花蓮市美崙山生態園區環境改善工程第一次變更設計,同機關且標題核心相同，尚待人工確認是否為同一專案
candidate_791ef87c5f30,全鄉道路維護整修緊急搶修,2012,2016,5,5,18970000,花蓮縣吉安鄉公所,全鄉道路維護、整修及緊急搶修工程,同機關且標題核心相同，尚待人工確認是否為同一專案
candidate_941441e5fbcf,花蓮菸葉廠園區建物緊急修復二期統包,2023,2024,2,2,18928000,花蓮縣文化局,花蓮菸葉廠園區建物緊急修復二期計畫統包工程；花蓮菸葉廠園區建物緊急修復二期計畫統包工程(第1次變更設計),同機關且標題核心相同，尚待人工確認是否為同一專案
candidate_a9ef96b16b3e,玉里鎮土木設計監造技術服務開口契約三,2025,2026,2,2,18905000,花蓮縣玉里鎮公所,玉里鎮114年度土木工程設計監造技術服務開口契約(三)；玉里鎮115年度土木工程設計監造技術服務開口契約(三),同機關且標題核心相同，尚待人工確認是否為同一專案
candidate_f992037c32a1,花蓮縣新城鄉E幹線雨水下水道,2024,2025,2,2,18755608,花蓮縣政府,花蓮縣新城鄉E幹線雨水下水道新建工程；花蓮縣新城鄉E幹線雨水下水道新建工程-第一次變更設計,同機關且標題核心相同，尚待人工確認是否為同一專案
candidate_eca97e4d54c4,花蓮縣萬榮鄉公共委託規畫設計監造技術服務,2019,2021,3,2,18727800,花蓮縣萬榮鄉公所,109年度花蓮縣萬榮鄉公共工程委託規畫設計及監造技術服務；110年度花蓮縣萬榮鄉公共工程委託規畫設計及監造技術服務,同機關且標題核心相同，尚待人工確認是否為同一專案
candidate_34f0db43bceb,花蓮溪箭瑛大橋上游段疏濬,2021,2022,2,2,18678192,花蓮縣政府,花蓮溪箭瑛大橋上游段疏濬工程；花蓮溪箭瑛大橋上游段疏濬工程第一次契約變更,同機關且標題核心相同，尚待人工確認是否為同一專案
candidate_2ea2e5e9fa3e,原住民族地區部落公共,2017,2024,8,5,18675000,花蓮縣政府,106年度「原住民族地區部落公共工程規劃設計監造」；107年度「原住民族地區部落公共工程規劃設計監造」；108年度原住民族地區部落公共工程規劃設計監造；111年度原住民族地區部落公共工程規劃設計監造；113年度原住民族地區部落公共工程規劃設計監造,同機關且標題核心相同，尚待人工確認是否為同一專案
candidate_679a716cd512,全鄉反射鏡街路牌道路標線標誌設置維護開口契約,2017,2026,10,10,18392000,花蓮縣吉安鄉公所,全鄉反射鏡、街路牌、道路標線標誌設置及維護工程(開口契約)；107年度「全鄉反射鏡、街路牌、道路標線標誌設置及維護工程(開口契約)」；107年度「全鄉反射鏡、街路牌、道路標線標誌設置及維護工程第二期(開口契約)」；108年度「全鄉反射鏡、街路牌、道路標線標誌設置及維護工程(開口契約)」；109年度「全鄉反射鏡、街路牌、道路標線標誌設置及維護工程(開口契約)」；110年度「全鄉反射鏡、街路牌、道路標線標誌設置及維護工程(開口契約)」；111年度「全鄉反射鏡、街路牌、道路標線標誌設置及維護工程(開口契約)」；112年度「全鄉反射鏡、街路牌、道路標線標誌設置及維護工程(開口契約)」；113年度「全鄉反射鏡、街路牌、道路標線標誌設置及維護工程(開口契約)」；115年度全鄉反射鏡、街路牌、道路標線標誌設置及維護工程(開口契約),同機關且標題核心相同，尚待人工確認是否為同一專案
candidate_b802a7c5caa4,花蓮縣推動水污染防治高有機污染廢水資源化水污染源稽查管制綠能沼氣回收再利用異味削減輔導,2024,2025,2,2,18300000,花蓮縣環境保護局,113年度花蓮縣推動水污染防治、高有機污染廢水資源化、水污染源稽查管制暨綠能沼氣回收再利用暨異味削減輔導計畫；114年度花蓮縣推動水污染防治、高有機污染廢水資源化、水污染源稽查管制暨綠能沼氣回收再利用暨異味削減輔導計畫,同機關且標題核心相同，尚待人工確認是否為同一專案
candidate_02a2370a7b7e,本鄉瀝青路面改善,2018,2022,5,4,18230000,花蓮縣秀林鄉公所,本鄉瀝青路面改善工程；107年度本鄉瀝青路面改善工程；110年本鄉瀝青路面改善工程；111年本鄉瀝青路面改善工程,同機關且標題核心相同，尚待人工確認是否為同一專案
candidate_130a7656468e,花蓮設計中心委託,2022,2024,3,3,18200000,花蓮縣文化局,111年花蓮設計中心委託案；112年花蓮設計中心委託案；113年花蓮設計中心委託案,同機關且標題核心相同，尚待人工確認是否為同一專案
candidate_50197fce3407,花蓮縣強化獨居老人關懷服務,2023,2026,4,4,18140560,花蓮縣政府,112年花蓮縣強化獨居老人關懷服務勞務採購案；113年花蓮縣強化獨居老人關懷服務勞務採購案；花蓮縣強化獨居老人關懷服務勞務採購案；115年花蓮縣強化獨居老人關懷服務勞務採購案,同機關且標題核心相同，尚待人工確認是否為同一專案
candidate_10fdc46059bd,花蓮縣考古博物館防水整修,2023,2024,2,3,18132832,花蓮縣文化局,花蓮縣考古博物館防水及整修工程；花蓮縣考古博物館防水及整修工程(第一次變更設計)；花蓮縣考古博物館防水及整修工程(第二次變更設計),同機關且標題核心相同，尚待人工確認是否為同一專案
candidate_de42d60765a3,花蓮縣資源循環暢通循環體系推動,2024,2026,3,3,18130000,花蓮縣環境保護局,114年度花蓮縣資源循環暨暢通循環體系推動計畫；115年度花蓮縣資源循環暨暢通循環體系推動計畫,同機關且標題核心相同，尚待人工確認是否為同一專案
candidate_e84c81a798ba,花蓮縣政府花蓮地區水資源回收中心0403震災復建,2025,2026,2,4,18099841,花蓮縣政府,花蓮縣政府花蓮地區水資源回收中心0403震災復建工程；花蓮縣政府花蓮地區水資源回收中心0403震災復建工程-第二次變更設計；花蓮縣政府花蓮地區水資源回收中心0403震災復建工程-第三次變更設計,同機關且標題核心相同，尚待人工確認是否為同一專案
candidate_46e286cdcaa2,花蓮縣政府縣政宣導農民曆春聯設計印製,2019,2025,7,5,18094016,花蓮縣政府,花蓮縣政府109年縣政宣導農民曆暨春聯設計印製案；花蓮縣政府110年縣政宣導農民曆暨春聯設計印製案；花蓮縣政府111年縣政宣導農民曆暨春聯設計印製案；花蓮縣政府113年縣政宣導農民曆暨春聯設計印製案；花蓮縣政府115年縣政宣導農民曆暨春聯設計印製案,同機關且標題核心相同，尚待人工確認是否為同一專案
candidate_8f732f08bcb0,社區營造輔導團,2018,2025,8,8,18037000,花蓮縣文化局,107年社區營造輔導團；108年社區營造輔導團；109年社區營造輔導團；110年社區營造輔導團；111年社區營造輔導團；112年社區營造輔導團；113年社區營造輔導團；114年社區營造輔導團,同機關且標題核心相同，尚待人工確認是否為同一專案
candidate_cb9d78743c9f,花蓮縣重大污染源管制,2021,2026,6,3,18030000,花蓮縣環境保護局,111年度花蓮縣重大污染源管制計畫；112年度花蓮縣重大污染源管制計畫；115年度花蓮縣重大污染源管制計畫,同機關且標題核心相同，尚待人工確認是否為同一專案
candidate_095d190438f5,花蓮縣警察局路口錄影監視系統設備維護緊急搶修開口合約採購,2017,2018,2,2,18030000,花蓮縣政府,花蓮縣警察局106年路口錄影監視系統設備維護暨緊急搶修開口合約採購案；花蓮縣警察局107年路口錄影監視系統設備維護暨緊急搶修開口合約採購案,同機關且標題核心相同，尚待人工確認是否為同一專案
candidate_a8e7df503b8b,磯崎村高山部落道路改善,2023,2024,2,2,17907824,花蓮縣豐濱鄉公所,磯崎村高山部落道路改善工程,同機關且標題核心相同，尚待人工確認是否為同一專案
candidate_a6939a1e1e03,開口契約南區,2012,2013,2,3,17903340,花蓮縣萬榮鄉公所,101年度工程委託技術服務開口契約(南區)；102年度工程委託技術服務開口契約(南區)；103年度工程委託技術服務開口契約(南區),同機關且標題核心相同，尚待人工確認是否為同一專案
candidate_32e4c6115881,花蓮縣環境保護局花蓮縣空氣污染等陳情件快速查處管制,2012,2014,3,2,17800000,花蓮縣環境保護局,花蓮縣環境保護局「101年度花蓮縣空氣污染等陳情案件快速查處管制計畫」；花蓮縣環境保護局103年度花蓮縣空氣污染等陳情案件快速查處管制計畫,同機關且標題核心相同，尚待人工確認是否為同一專案
candidate_183840ac16fa,鎮內道路改善,2016,2017,2,2,17789189,花蓮縣玉里鎮公所,鎮內道路改善工程；105年度「鎮內道路改善工程(後續擴充)」,同機關且標題核心相同，尚待人工確認是否為同一專案
candidate_45ede7619963,日出大道藝文基地,2023,2026,4,3,17740000,花蓮縣文化局,112年日出大道藝文基地計畫；114年日出大道藝文基地計畫；115年日出大道藝文基地計畫,同機關且標題核心相同，尚待人工確認是否為同一專案
candidate_6e51dff3529e,駐臺灣花蓮地方法院家事服務中心,2015,2026,12,8,17643000,花蓮縣政府,駐臺灣花蓮地方法院家事服務中心；106年度駐臺灣花蓮地方法院家事服務中心；109年度駐臺灣花蓮地方法院家事服務中心計畫；111年度駐臺灣花蓮地方法院家事服務中心計畫；112年度駐臺灣花蓮地方法院家事服務中心計畫；113年度駐臺灣花蓮地方法院家事服務中心計畫；113年度駐臺灣花蓮地方法院家事服務中心計畫---後續擴充(114年度)；115年度駐臺灣花蓮地方法院家事服務中心計畫,同機關且標題核心相同，尚待人工確認是否為同一專案
candidate_508a2836c4a9,開口契約北區,2012,2013,2,3,17640000,花蓮縣萬榮鄉公所,101年度工程委託技術服務開口契約(北區)；102年度工程委託技術服務開口契約(北區)；103年度工程委託技術服務開口契約(北區),同機關且標題核心相同，尚待人工確認是否為同一專案
candidate_cfe945557102,花蓮縣環境保護局花蓮縣營建稽查噪音管制,2014,2015,2,2,17640000,花蓮縣環境保護局,花蓮縣環境保護局104年度花蓮縣營建工程稽查暨噪音管制計畫；花蓮縣環境保護局105年度花蓮縣營建工程稽查暨噪音管制計畫,同機關且標題核心相同，尚待人工確認是否為同一專案
candidate_51bddc340f4d,國福里活動中心周邊整體改善,2021,2025,5,5,17496000,花蓮縣花蓮市公所,國福里活動中心暨周邊整體改善第十一期工程；國福里活動中心暨周邊整體改善第十二期工程；國福里活動中心暨周邊整體改善第十三期工程；國福里活動中心暨周邊整體改善第十四期工程；國福里活動中心暨周邊整體改善第十五期工程,同機關且標題核心相同，尚待人工確認是否為同一專案
candidate_fb55d2500d4c,花蓮縣優質公廁美質環境推動,2021,2024,4,4,17435000,花蓮縣環境保護局,110年度花蓮縣優質公廁及美質環境推動計畫；111年度花蓮縣優質公廁及美質環境推動計畫；112年度花蓮縣優質公廁及美質環境推動計畫；113年度花蓮縣優質公廁及美質環境推動計畫,同機關且標題核心相同，尚待人工確認是否為同一專案
candidate_d1c8629f845a,花蓮縣消防局水庫消防車1輛,2023,2026,4,2,17430000,花蓮縣消防局,花蓮縣消防局112年度水庫消防車1輛；花蓮縣消防局115年度水庫消防車1輛後續擴充案,同機關且標題核心相同，尚待人工確認是否為同一專案
candidate_2be8f7c014c4,花蓮縣災後復建設計監造技術服務開口契約,2013,2014,2,2,17393500,花蓮縣政府,花蓮縣102年度災後復建工程設計、監造技術服務開口契約；花蓮縣99年度災後復建工程設計監造技術服務開口契約,同機關且標題核心相同，尚待人工確認是否為同一專案
candidate_a21b45c7705e,花蓮市區道路排水改善,2012,2013,2,4,17320000,花蓮縣花蓮市公所,花蓮市區道路排水改善工程；第二次花蓮市區道路排水改善工程；102年度花蓮市區道路排水改善工程；102年度第二次花蓮市區道路排水改善工程,同機關且標題核心相同，尚待人工確認是否為同一專案
candidate_0ce8d6b53dc5,花蓮縣結核病胸部X光篩檢,2017,2022,6,5,17304000,花蓮縣政府,106年花蓮縣結核病胸部X光篩檢；108年花蓮縣結核病胸部X光篩檢；花蓮縣109年結核病胸部X光篩檢；花蓮縣110年結核病胸部X光篩檢；花蓮縣111年結核病胸部X光篩檢,同機關且標題核心相同，尚待人工確認是否為同一專案
candidate_23e8b48f8691,接待蒞縣交流參訪貴賓餐飲採購開口契約,2021,2026,6,4,17202500,花蓮縣政府,110年度接待蒞縣交流參訪貴賓-餐飲採購(開口契約)；110年度接待蒞縣交流參訪貴賓-餐飲採購(開口契約)後續擴充案；112年度接待蒞縣交流參訪貴賓-餐飲採購(開口契約)；115年度接待蒞縣交流參訪貴賓-餐飲採購(開口契約),同機關且標題核心相同，尚待人工確認是否為同一專案
candidate_257a4284b1ba,秀林鄉交通安全設施開口契約,2012,2026,15,15,17162300,花蓮縣秀林鄉公所,秀林鄉交通安全設施工程（開口契約）；104年秀林鄉交通安全設施工程(開口契約)；105年度秀林鄉交通安全設施工程(開口契約)；106年度秀林鄉交通安全設施工程(開口契約)；107年度秀林鄉交通安全設施工程(開口契約)；108年度秀林鄉交通安全設施工程(開口契約)；109年度秀林鄉交通安全設施工程(開口契約；110年度秀林鄉交通安全設施工程(開口契約)；111年度秀林鄉交通安全設施工程(開口契約)；112年度秀林鄉交通安全設施工程(開口契約)；113年度秀林鄉交通安全設施工程(開口契約)；114年度秀林鄉交通安全設施工程(開口契約)；115年度秀林鄉交通安全設施工程(開口契約),同機關且標題核心相同，尚待人工確認是否為同一專案
candidate_b919c53c9825,花蓮縣公共設施管線委託建置工作,2021,2025,5,5,17146839,花蓮縣政府,花蓮縣公共設施管線第六期計畫委託建置工作；花蓮縣公共設施管線第八期計畫委託建置工作；花蓮縣公共設施管線第七期計畫委託建置工作；花蓮縣公共設施管線第十期計畫委託建置工作；花蓮縣公共設施管線第十一期計畫委託建置工作,同機關且標題核心相同，尚待人工確認是否為同一專案
candidate_6c58135a2923,花蓮縣新城鄉康樂村活動中心,2020,2022,3,2,17130000,花蓮縣新城鄉公所,花蓮縣新城鄉康樂村活動中心第一期興建工程,同機關且標題核心相同，尚待人工確認是否為同一專案
candidate_e9f882c5cc6d,洄瀾漫波兩潭兩鐵路線周邊環境改善,2023,2024,2,2,17127637,花蓮縣政府,洄瀾漫波兩潭兩鐵路線周邊環境改善工程；洄瀾漫波兩潭兩鐵路線周邊環境改善工程-第一次變更設計,同機關且標題核心相同，尚待人工確認是否為同一專案
candidate_b9fe5e378af8,加強公務和諧連繫蝴蝶蘭花盆栽高架花籃採購開口契約,2019,2026,8,6,17112650,花蓮縣政府,108年度加強公務和諧連繫-蝴蝶蘭花盆栽、高架花籃採購(開口契約)；110年度加強公務和諧連繫-蝴蝶蘭花盆栽、高架花籃採購(開口契約)；111年度加強公務和諧連繫-蝴蝶蘭花盆栽、高架花籃採購(開口契約)；112年度加強公務和諧連繫-蝴蝶蘭花盆栽、高架花籃採購(開口契約)；114年度加強公務和諧連繫－蝴蝶蘭花盆栽、高架花籃採購(開口契約)；114年度加強公務和諧連繫－蝴蝶蘭花盆栽、高架花籃採購(開口契約)後續擴充案,同機關且標題核心相同，尚待人工確認是否為同一專案
candidate_578fa9edeb7c,花蓮縣政府委託經營管理花蓮縣居家托育服務中心,2017,2026,10,4,17100473,花蓮縣政府,花蓮縣政府委託經營管理花蓮縣居家托育服務中心；花蓮縣政府委託經營管理「114年度花蓮縣居家托育服務中心」；花蓮縣政府委託經營管理「115年度花蓮縣居家托育服務中心」,同機關且標題核心相同，尚待人工確認是否為同一專案
candidate_0b1ee3bddbba,測量儀器相關配件採購,2024,2026,3,3,17079600,花蓮縣政府,113年度測量儀器及相關配件採購案；「114年度測量儀器及相關配件」採購案；115年度測量儀器及相關配件採購案,同機關且標題核心相同，尚待人工確認是否為同一專案
candidate_6ffbb01f4dfa,花蓮縣資源循環源頭減量稽查管制,2023,2024,2,2,17000000,花蓮縣環境保護局,112年度花蓮縣資源循環暨源頭減量稽查管制計畫；113年度花蓮縣資源循環暨源頭減量稽查管制計畫,同機關且標題核心相同，尚待人工確認是否為同一專案
candidate_e18e79f8a2ea,花蓮縣政府委託辦理花蓮縣兒童發展通報轉介個管理中心,2020,2024,5,3,16948000,花蓮縣政府,花蓮縣政府委託辦理109年「花蓮縣兒童發展通報轉介暨個案管理中心」；花蓮縣政府委託辦理110年花蓮縣兒童發展通報轉介暨個案管理中心；花蓮縣政府委託辦理「114年度花蓮縣兒童發展通報轉介暨個案管理中心」（後續擴充案）,同機關且標題核心相同，尚待人工確認是否為同一專案
candidate_c958f73c80dd,花蓮縣警察局外勤員警制服採購,2016,2026,11,4,16902277,花蓮縣警察局,花蓮縣警察局105年度外勤員警制服採購案；花蓮縣警察局111年度外勤員警制服採購案；花蓮縣警察局112年度外勤員警制服採購案；花蓮縣警察局115年度外勤員警制服採購案,同機關且標題核心相同，尚待人工確認是否為同一專案
candidate_8c327e608fe6,編號鄉道市區道路重要路段養護,2011,2026,16,15,16819000,花蓮縣秀林鄉公所,編號鄉道及市區道路重要路段養護工程；106年度編號鄉道及市區道路重要路段養護工程；107年度編號鄉道及市區道路重要路段養護工程；108年度編號鄉道及市區道路重要路段養護工程；109年度編號鄉道及市區道路重要路段養護工程；110年度編號鄉道及市區道路重要路段養護工程；111年度編號鄉道及市區道路重要路段養護工程；112年度編號鄉道及市區道路重要路段養護工程；113年度編號鄉道及市區道路重要路段養護工程；114年度編號鄉道及市區道路重要路段養護工程；115年度編號鄉道及市區道路重要路段養護工程,同機關且標題核心相同，尚待人工確認是否為同一專案
candidate_98ec4cb3c82a,瑞穗鄉轄內基礎建設改善開口契約,2025,2026,2,2,16755000,花蓮縣瑞穗鄉公所,114年瑞穗鄉轄內基礎建設改善工程(開口契約)；115年瑞穗鄉轄內基礎建設改善工程(開口契約),同機關且標題核心相同，尚待人工確認是否為同一專案
candidate_c2ca76997c7e,花蓮縣政府各宗教花蓮祭天祈福遶境活動,2015,2020,6,5,16717100,花蓮縣政府,花蓮縣政府104年度各宗教花蓮祭天祈福暨遶境活動；花蓮縣政府106年度各宗教花蓮祭天祈福暨遶境活動；花蓮縣政府107年度各宗教花蓮祭天祈福暨遶境活動；花蓮縣政府108年度各宗教花蓮祭天祈福暨遶境活動；花蓮縣政府109年度各宗教花蓮祭天祈福暨遶境活動,同機關且標題核心相同，尚待人工確認是否為同一專案
candidate_9f81955bafeb,壽豐鄉公共委託規劃設計監造技術服務,2024,2025,2,2,16660000,花蓮縣壽豐鄉公所,壽豐鄉113年度公共工程委託規劃、設計及監造技術服務；壽豐鄉114年度公共工程委託規劃、設計及監造技術服務,同機關且標題核心相同，尚待人工確認是否為同一專案
candidate_76c943970e34,萬榮鄉中區基礎建設,2020,2023,4,4,16615900,花蓮縣萬榮鄉公所,109年度萬榮鄉中區基礎建設工程；110年度萬榮鄉中區基礎建設工程；111年度萬榮鄉中區基礎建設工程；112年度萬榮鄉中區基礎建設工程,同機關且標題核心相同，尚待人工確認是否為同一專案
candidate_4a5a352eaaad,花蓮縣國中小校園高枝樹木修剪開口契約,2020,2026,7,3,16600000,花蓮縣吉安鄉宜昌國民小學,花蓮縣國中小校園高枝樹木修剪勞務採購(開口契約)；花蓮縣國中小校園高枝樹木修剪勞務採購(開口契約)後續擴充；花蓮縣115年度國中小校園高枝樹木修剪勞務採購(開口契約),同機關且標題核心相同，尚待人工確認是否為同一專案
candidate_73eada3d8be6,花蓮縣環保局花蓮縣垃圾減量資源回收推動宣導活動,2011,2012,2,2,16545379,花蓮縣政府,花蓮縣環保局「100年度花蓮縣垃圾減量、資源回收推動暨宣導活動計畫」；花蓮縣環保局「101年度花蓮縣垃圾減量、資源回收推動暨宣導活動計畫」,同機關且標題核心相同，尚待人工確認是否為同一專案
candidate_01110efb5361,花蓮縣立體育場災害搶險搶修開口契約,2014,2025,12,8,16539704,花蓮縣政府,花蓮縣立體育場103年度災害搶險搶修開口契約勞務採購；花蓮縣立體育場104年度災害搶險搶修開口契約勞務採購；花蓮縣立體育場105年度災害搶險搶修開口契約勞務採購；花蓮縣立體育場106年度災害搶險搶修開口契約勞務採購；花蓮縣立體育場108年度災害搶險搶修開口契約勞務採購；花蓮縣立體育場110年度災害搶險搶修開口契約勞務採購；花蓮縣立體育場112年度災害搶險搶修開口契約勞務採購；花蓮縣立體育場114年度災害搶險搶修開口契約勞務採購,同機關且標題核心相同，尚待人工確認是否為同一專案
candidate_d560d4eb5370,花蓮縣消防局電動油壓破壞器材組5組,2024,2026,3,2,16500000,花蓮縣消防局,花蓮縣消防局113年電動油壓破壞器材組5組；花蓮縣消防局115年電動油壓破壞器材組5組,同機關且標題核心相同，尚待人工確認是否為同一專案
candidate_f5ba11d30f74,壽豐鄉公共委託規劃設計監造技術服務開口契約二,2024,2025,2,2,16491440,花蓮縣壽豐鄉公所,壽豐鄉113年度公共工程委託規劃、設計及監造技術服務(開口契約二)；壽豐鄉114年度公共工程委託規劃、設計及監造技術服務(開口契約二),同機關且標題核心相同，尚待人工確認是否為同一專案
candidate_ea8abf2a5b9b,花蓮市區景觀燈等照明設施修繕開口契約,2019,2026,8,8,16405286,花蓮縣花蓮市公所,108年度花蓮市區景觀燈等照明設施修繕工程 (開口契約)；109年度花蓮市區景觀燈等照明設施修繕工程 (開口契約)；110年度花蓮市區景觀燈等照明設施修繕工程 (開口契約)；111年度花蓮市區景觀燈等照明設施修繕工程 (開口契約)；112年度花蓮市區景觀燈等照明設施修繕工程 (開口契約)；113年度花蓮市區景觀燈等照明設施修繕工程 (開口契約)；114年度花蓮市區景觀燈等照明設施修繕工程 (開口契約)；115年度花蓮市區景觀燈等照明設施修繕工程 (開口契約),同機關且標題核心相同，尚待人工確認是否為同一專案
candidate_6f832bfc2ab3,美崙山公園廁所工具間等老舊設施整建,2024,2025,2,3,16374807,花蓮縣政府,美崙山公園廁所及工具間等老舊設施整建工程；美崙山公園廁所及工具間等老舊設施整建工程(第1次變更設計)；美崙山公園廁所及工具間等老舊設施整建工程(第2次變更設計),同機關且標題核心相同，尚待人工確認是否為同一專案
candidate_337a19a7bdc2,花蓮縣美質環境推動,2025,2026,2,2,16370000,花蓮縣環境保護局,花蓮縣114年度「美質環境推動計畫」；花蓮縣115年度「美質環境推動計畫」,同機關且標題核心相同，尚待人工確認是否為同一專案
candidate_295cca218b8e,花蓮縣海洋環境整體管理維護,2021,2023,3,3,16360000,花蓮縣環境保護局,花蓮縣110年度海洋環境整體管理及維護計畫；花蓮縣111年海洋環境整體管理及維護計畫；花蓮縣112年海洋環境整體管理及維護計畫,同機關且標題核心相同，尚待人工確認是否為同一專案
candidate_53fa5a97d719,《洄瀾文訊》《奇萊有誌》出版,2020,2025,6,6,16340000,花蓮縣文化局,110年《洄瀾文訊》暨《奇萊有誌》出版計畫勞務採購案；110年《洄瀾文訊》暨《奇萊有誌》出版計畫勞務採購-111年後續擴充；110年《洄瀾文訊》暨《奇萊有誌》出版計畫勞務採購案-112年後續擴充；113年《洄瀾文訊》暨《奇萊有誌》出版計畫勞務採購案；114年《洄瀾文訊》暨《奇萊有誌》出版計畫勞務採購案；115年《洄瀾文訊》暨《奇萊有誌》出版計畫勞務採購案,同機關且標題核心相同，尚待人工確認是否為同一專案
candidate_49b4b55f56db,鳳林鎮各項委託測設監造開口契約,2025,2026,2,2,16309000,花蓮縣鳳林鎮公所,113年度鳳林鎮各項工程委託測設及監造開口契約；115年度鳳林鎮各項工程委託測設及監造開口契約,同機關且標題核心相同，尚待人工確認是否為同一專案
candidate_60d0a7e7ceec,花蓮縣環境保護局災害搶險修開口契約,2013,2021,9,9,16296100,花蓮縣政府,花蓮縣環境保護局102年災害搶險(修)工程開口契約；花蓮縣環境保護局103年災害搶險(修)工程開口契約；花蓮縣環境保護局104年災害搶險(修)工程開口契約；花蓮縣環境保護局105年災害搶險(修)工程開口契約；花蓮縣環境保護局106年災害搶險(修)工程開口契約；花蓮縣環境保護局107年災害搶險(修)工程開口契約；花蓮縣環境保護局108年災害搶險(修)工程開口契約；花蓮縣環境保護局109年度災害搶險(修)工程開口契約；花蓮縣環境保護局110年度災害搶險(修)工程開口契約,同機關且標題核心相同，尚待人工確認是否為同一專案
candidate_5157e5b53b4b,花蓮縣環境保護局花蓮縣空氣污染防制綜合管理,2011,2012,2,2,16238022,花蓮縣政府,花蓮縣環境保護局「100年度花蓮縣空氣污染防制綜合管理計畫」；花蓮縣環境保護局「101年度花蓮縣空氣污染防制綜合管理計畫」,同機關且標題核心相同，尚待人工確認是否為同一專案
candidate_a50d6d2b52ef,花蓮縣警察局內外勤人員透氣式勤務服採購,2020,2024,5,2,16152325,花蓮縣警察局,花蓮縣警察局109年度內外勤人員透氣式勤務服採購案；花蓮縣警察局113年度內外勤人員透氣式勤務服採購案,同機關且標題核心相同，尚待人工確認是否為同一專案
candidate_8ea1b7c82583,加強公務和諧連繫摸彩品家電用品財物採購開口契約,2021,2023,3,3,16050000,花蓮縣政府,110年度加強公務和諧連繫－摸彩品－家電用品財物採購(開口契約)；110年度加強公務和諧連繫-摸彩品-家電用品財物採購(開口契約)後續擴充案；112年度加強公務和諧連繫-摸彩品-家電用品財物採購(開口契約),同機關且標題核心相同，尚待人工確認是否為同一專案
candidate_481feeb0d6b3,使用牌照稅房屋稅地價稅娛樂稅開徵作業委託印製投遞催繳等作業採購,2017,2019,3,3,15995000,花蓮縣地方稅務局,「106年使用牌照稅、房屋稅、地價稅、娛樂稅開徵作業委託印製、投遞及催繳等作業」採購案；「107年使用牌照稅、房屋稅、地價稅及娛樂稅開徵作業委託印製、投遞及催繳等作業」採購案；「108年使用牌照稅、房屋稅、地價稅及娛樂稅開徵作業委託印製投遞及催繳等作業」採購案,同機關且標題核心相同，尚待人工確認是否為同一專案
candidate_a0ece0026444,石梯漁港災害復建,2017,2018,2,2,15975000,花蓮縣政府,石梯漁港災害復建工程；106年度石梯漁港災害復建工程,同機關且標題核心相同，尚待人工確認是否為同一專案
candidate_9f54c45f41a8,瑞穗鄉災害搶修搶險開口契約,2019,2026,8,8,15973689,花蓮縣瑞穗鄉公所,瑞穗鄉108年災害搶修及搶險工程(開口契約)；瑞穗鄉109年災害搶修及搶險工程(開口契約)；瑞穗鄉110年度災害搶修及搶險工程(開口契約)；瑞穗鄉111年度災害搶修及搶險工程(開口契約)；瑞穗鄉112年度災害搶修及搶險工程(開口契約)；瑞穗鄉113年度災害搶修及搶險工程（開口契約）；瑞穗鄉114年度災害搶修及搶險工程(開口契約)；瑞穗鄉115年度災害搶修及搶險工程(開口契約),同機關且標題核心相同，尚待人工確認是否為同一專案
candidate_2d1cdd45eeb6,土石流防災重機械進駐災害搶修搶險開口契約,2021,2026,6,6,15969000,花蓮縣萬榮鄉公所,110年度土石流防災重機械進駐暨災害搶修搶險工程開口契約；111年度土石流防災重機械進駐暨災害搶修搶險工程開口契約；112年度土石流防災重機械進駐暨災害搶修搶險工程開口契約；113年度土石流防災重機械進駐暨災害搶修搶險工程開口契約；114年度土石流防災重機械進駐暨災害搶修搶險工程開口契約；115年度土石流防災重機械進駐暨災害搶修搶險工程開口契約,同機關且標題核心相同，尚待人工確認是否為同一專案
candidate_20cbc314f627,光復鄉災害搶險搶修開口契約,2013,2026,14,13,15954500,花蓮縣光復鄉公所,102年度光復鄉災害搶險搶修工程開口契約；103年度光復鄉災害搶險搶修開口契約；105年度光復鄉災害搶險搶修開口契約；106年度光復鄉災害搶險搶修工程開口契約；107年度光復鄉災害搶險搶修工程開口契約；108年度光復鄉災害搶險搶修工程開口契約；109年度光復鄉災害搶險搶修工程開口契約；110年度光復鄉災害搶險搶修工程開口契約；111年度光復鄉災害搶險搶修工程開口契約；112年度光復鄉災害搶險搶修工程開口契約；113年度光復鄉災害搶險搶修工程開口契約；114年度光復鄉災害搶險搶修工程開口契約；115年度光復鄉災害搶險搶修工程開口契約,同機關且標題核心相同，尚待人工確認是否為同一專案
candidate_42a0c6f76afb,100噸灌溉蓄水池開口契約,2017,2020,4,5,15950000,花蓮縣政府,106年度100噸灌溉蓄水池工程開口契約；107年度100噸灌溉蓄水池工程開口契約；108年度100噸灌溉蓄水池工程(開口契約)；108年度100噸灌溉蓄水池工程(開口契約)第二期；109年度100噸灌溉蓄水池工程(開口契約),同機關且標題核心相同，尚待人工確認是否為同一專案
candidate_a9477a07b46a,橋梁修復第一標開口契約,2023,2025,3,2,15940000,花蓮縣政府,112年度橋梁修復工程第一標(開口契約)；114年度橋梁修復工程第一標(開口契約),同機關且標題核心相同，尚待人工確認是否為同一專案
candidate_1589a4bddb0b,花蓮縣環境保護局環保餐具清洗中心清洗設備十三槽式洗碗機含熱烘乾冷風段2台,2023,2024,2,2,15898000,花蓮縣環境保護局,「花蓮縣環境保護局環保餐具清洗中心清洗設備— 十三槽式洗碗機（含熱烘乾及冷風段）2 台」；花蓮縣環境保護局環保餐具清洗中心清洗設備- 十三槽式洗碗機(含熱烘乾及冷風段2台)」第1次契約變更,同機關且標題核心相同，尚待人工確認是否為同一專案
candidate_7a0bc4859fad,花蓮縣參加全國性賽事代表隊辦理大型運動會工作人員服裝採購,2024,2025,2,3,15750000,花蓮縣政府,花蓮縣113年參加全國性賽事代表隊及辦理大型運動會工作人員服裝採購；花蓮縣113年參加全國性賽事代表隊及辦理大型運動會工作人員服裝採購案-後續擴充；花蓮縣115年參加全國性賽事代表隊及辦理大型運動會工作人員服裝採購,同機關且標題核心相同，尚待人工確認是否為同一專案
candidate_ea296baa6334,原住民族產業創新價值扶植產業聚落瑞穗產業6級化厚植升級推動,2019,2021,3,4,15634600,花蓮縣瑞穗鄉公所,108年度「原住民族產業創新價值計畫—扶植產業聚落—瑞穗產業6級化厚植升級推動計畫」；原住民族產業創新價值計畫－扶植產業聚落－108年瑞穗產業6級化厚植升級推動計畫；109年度「原住民族產業創新價值計畫—扶植產業聚落—瑞穗產業6級化厚植升級推動計畫」；110年度「原住民族產業創新價值計畫－扶植產業聚落－瑞穗產業6級化厚植升級推動計畫」勞務採購案,同機關且標題核心相同，尚待人工確認是否為同一專案
candidate_90f3f20772fd,縣轄道路設施標誌標線整修開口契約,2018,2023,6,6,15631000,花蓮縣政府,107年度縣轄道路設施(標誌、標線)整修工程（開口契約）；108年度縣轄道路設施(標誌、標線)整修工程（開口契約）；109年度縣轄道路設施(標誌、標線)整修工程（開口契約）；110年度縣轄道路設施(標誌、標線)整修工程（開口契約）；111年度縣轄道路設施(標誌、標線)整修工程（開口契約）；112年度縣轄道路設施(標誌、標線)整修工程（開口契約）,同機關且標題核心相同，尚待人工確認是否為同一專案
candidate_4c4411597393,編號鄉道市區道路重要路段養護,2012,2023,12,7,15610000,花蓮縣玉里鎮公所,編號鄉道及市區道路重要路段養護工程；103年度編號鄉道及市區道路重要路段養護工程；104年度編號鄉道及市區道路重要路段養護工程；105年度編號鄉道及市區道路重要路段養護工程；107年度編號鄉道及市區道路重要路段養護工程；108年度編號鄉道及市區道路重要路段養護工程；112年度編號鄉道及市區道路重要路段養護工程,同機關且標題核心相同，尚待人工確認是否為同一專案
candidate_ed37591828ec,花蓮縣石綿建材廢棄物清除處理,2024,2025,2,3,15528070,花蓮縣環境保護局,113年度花蓮縣「石綿建材廢棄物清除處理計畫」；114年度「花蓮縣石綿建材廢棄物清除處理計畫」；114年度花蓮縣石綿建材廢棄物清除處理計畫,同機關且標題核心相同，尚待人工確認是否為同一專案
candidate_26cbdb757f70,花蓮縣衛生局所屬衛生所成人預防保健長者健檢委託檢驗服務,2015,2016,2,2,15507000,花蓮縣政府,104年花蓮縣衛生局所屬衛生所成人預防保健暨長者健檢委託檢驗服務；105年花蓮縣衛生局所屬衛生所成人預防保健暨長者健檢委託檢驗服務,同機關且標題核心相同，尚待人工確認是否為同一專案
candidate_439cb5d6d6f8,花蓮縣交通委託設計監造開口契約,2022,2025,4,3,15460450,花蓮縣政府,111年度花蓮縣交通工程委託設計監造案(開口契約)；113年度花蓮縣交通工程委託設計監造案(開口契約)；114年度花蓮縣交通工程委託設計監造案(開口契約),同機關且標題核心相同，尚待人工確認是否為同一專案
candidate_b269d8e3f8c2,新城鄉區域排水一般排水清淤,2012,2025,14,17,15441650,花蓮縣新城鄉公所,101年度新城鄉區域排水及一般排水清淤工程；101年度新城鄉區域排水及一般排水清淤工程第二期；103年度新城鄉區域排水及一般排水清淤工程；104年度新城鄉區域排水及一般排水清淤工程；105年度新城鄉區域排水及一般排水清淤工程；106年度新城鄉區域排水及一般排水清淤工程；107年度新城鄉區域排水及一般排水清淤工程；108年度新城鄉區域排水及一般排水清淤工程；108年度新城鄉區域排水及一般排水清淤工程(第二期)；110年度新城鄉區域排水及一般排水清淤工程；110年度新城鄉區域排水及一般排水清淤第二期工程；111年度新城鄉區域排水及一般排水清淤工程；111年度新城鄉區域排水及一般排水清淤第二期工程；113年度新城鄉區域排水及一般排水清淤工程；113年度新城鄉區域排水及一般排水清淤工程(第二期)；114年度新城鄉區域排水及一般排水清淤工程；115年度新城鄉區域排水及一般排水清淤工程,同機關且標題核心相同，尚待人工確認是否為同一專案
candidate_aea5e998f7b6,中華國小游泳池冷改溫二期,2018,2019,2,2,15432273,花蓮縣政府,中華國小游泳池冷改溫二期工程；中華國小游泳池冷改溫二期工程第一次變更設計,同機關且標題核心相同，尚待人工確認是否為同一專案
candidate_53a094c414a8,富里鄉編號鄉道市區道路重要路段養護,2016,2026,11,9,15431400,花蓮縣富里鄉公所,富里鄉105年度編號鄉道及市區道路重要路段養護工程；富里鄉106年度編號鄉道及市區道路重要路段養護工程；富里鄉107年度編號鄉道及市區道路重要路段養護工程；富里鄉108年度編號鄉道及市區道路重要路段養護工程；富里鄉109年度編號鄉道及市區道路重要路段養護工程；富里鄉編號鄉道及市區道路重要路段養護工程；113年富里鄉編號鄉道及市區道路重要路段養護工程；114年度富里鄉編號鄉道及市區道路重要路段養護工程；115年度富里鄉編號鄉道及市區道路重要路段養護工程,同機關且標題核心相同，尚待人工確認是否為同一專案
candidate_5aac239d44a9,縣政宣導刊物,2010,2022,13,5,15388046,花蓮縣政府,99年度縣政宣導刊物委託專業服務案；101年縣政宣導刊物委託專業服務案；102年縣政宣導刊物委託專業服務案；111年縣政宣導刊物委託專業服務案；111年縣政宣導刊物委託專業服務案(後續擴充),同機關且標題核心相同，尚待人工確認是否為同一專案
candidate_de6e44830197,花蓮縣政府縣政宣導農民曆設計印製,2014,2018,5,5,15325250,花蓮縣政府,花蓮縣政府縣政宣導暨104年農民曆設計印製案；花蓮縣政府縣政宣導暨105年農民曆設計印製案；花蓮縣政府縣政宣導暨106年農民曆設計印製案；花蓮縣政府縣政宣導暨107年農民曆設計印製案；花蓮縣政府縣政宣導暨108年農民曆設計印製案,同機關且標題核心相同，尚待人工確認是否為同一專案
candidate_ca37ff1afc32,秀林鄉防範天然災害緊急物資採購開口契約,2017,2026,10,10,15294007,花蓮縣秀林鄉公所,秀林鄉106年度防範天然災害緊急物資採購開口契約；秀林鄉107年度防範天然災害緊急物資採購開口契約；秀林鄉108年度防範天然災害緊急物資採購開口契約；秀林鄉109年度防範天然災害緊急物資採購開口契約；秀林鄉110年度防範天然災害緊急物資採購開口契約；秀林鄉111年度防範天然災害緊急物資採購開口契約；秀林鄉112年度防範天然災害緊急物資採購開口契約；秀林鄉113年度防範天然災害緊急物資採購開口契約；秀林鄉114年度防範天然災害緊急物資採購開口契約；秀林鄉115年度防範天然災害緊急物資採購開口契約,同機關且標題核心相同，尚待人工確認是否為同一專案
candidate_2159037c2e4e,花蓮縣樹木褐根病防治開口契約,2012,2019,8,8,15278000,花蓮縣政府,101年度花蓮縣樹木褐根病防治委託專業服務勞務採購開口契約；102年度花蓮縣樹木褐根病防治委託專業服務勞務採購開口契約；100年度花蓮縣樹木褐根病防治委託專業服務勞務採購開口契約；103年度花蓮縣樹木褐根病防治委託專業服務勞務採購開口契約；104年度花蓮縣樹木褐根病防治委託專業服務勞務採購開口契約；105年度花蓮縣樹木褐根病防治委託專業服務勞務採購開口契約；107年度花蓮縣樹木褐根病防治委託專業服務(開口契約)勞務採購案；108年度花蓮縣樹木褐根病防治委託專業服務(開口契約)勞務採購案,同機關且標題核心相同，尚待人工確認是否為同一專案
candidate_54d3f8366698,知卡宣公園親水區域環境營造,2017,2018,2,2,15249250,花蓮縣政府,知卡宣公園親水區域環境營造工程委託技術服務；知卡宣公園親水區域環境營造工程,同機關且標題核心相同，尚待人工確認是否為同一專案
candidate_dea598d0c35f,花蓮縣文資防護專業服務中心,2018,2025,8,5,15152000,花蓮縣文化局,花蓮縣107年度文資防護專業服務中心；花蓮縣108年度文資防護專業服務中心；112年度花蓮縣文資防護專業服務中心；113年度花蓮縣文資防護專業服務中心；114年度花蓮縣文資防護專業服務中心,同機關且標題核心相同，尚待人工確認是否為同一專案
candidate_48ef033c33c2,花蓮縣北區農路改善開口契約,2018,2020,3,3,15141000,花蓮縣政府,107年度花蓮縣北區農路改善工程(開口契約)；107年度花蓮縣北區農路改善工程(開口契約)-第二期；109年度花蓮縣北區農路改善工程(開口契約),同機關且標題核心相同，尚待人工確認是否為同一專案
candidate_f4fe8fff5e60,花蓮市區域排水一般排水清淤,2012,2026,15,18,15136421,花蓮縣花蓮市公所,101年度花蓮市區域排水及一般排水清淤工程；102年度花蓮市區域排水及一般排水清淤工程；103年度花蓮市區域排水及一般排水清淤工程；104年度花蓮市區域排水及一般排水清淤工程；105年度花蓮市區域排水及一般排水清淤工程；106年度花蓮市區域排水及一般排水清淤工程；107年度花蓮市區域排水及一般排水清淤工程；108年度花蓮市區域排水及一般排水清淤工程；110年度花蓮市區域排水及一般排水清淤工程；111年度花蓮市區域排水及一般排水清淤工程；111年度花蓮市區域排水及一般排水清淤工程第二期；112年度花蓮市區域排水及一般排水清淤工程；112年度花蓮市區域排水及一般排水清淤工程第二期；113年度花蓮市區域排水及一般排水清淤工程；114年度花蓮市區域排水及一般排水清淤工程；114年度花蓮市區域排水及一般排水清淤工程第二期；115年度花蓮市區域排水及一般排水清淤工程；115年度花蓮市區域排水及一般排水清淤工程第二期,同機關且標題核心相同，尚待人工確認是否為同一專案
candidate_ee2cdd1f1ac7,花蓮縣住宅補貼業務,2024,2026,3,2,15100000,花蓮縣政府,花蓮縣住宅補貼業務委託專業服務案；115年度花蓮縣住宅補貼業務委託專業服務案,同機關且標題核心相同，尚待人工確認是否為同一專案
candidate_84bd04f201b2,花蓮縣原住民族部落大學委託經營管理,2011,2013,3,3,14980000,花蓮縣政府,100年度花蓮縣原住民族部落大學委託經營管理勞務採購案；101年度花蓮縣原住民族部落大學委託經營管理勞務採購案；102年度花蓮縣原住民族部落大學委託經營管理勞務採購案,同機關且標題核心相同，尚待人工確認是否為同一專案
candidate_9eb95f948349,花蓮縣下水道災害搶修險開口契約,2016,2026,11,11,14957000,花蓮縣政府,106年度花蓮縣下水道災害搶修(險)工程開口契約；107年度花蓮縣下水道災害搶修(險)工程開口契約；108年度花蓮縣下水道災害搶修(險)工程(開口契約)；109年度花蓮縣下水道災害搶修(險)工程開口契約；110年度花蓮縣下水道災害搶修(險)工程開口契約；111年度花蓮縣下水道災害搶修(險)工程開口契約；112年度花蓮縣下水道災害搶修(險)工程開口契約；113年度花蓮縣下水道災害搶修(險)工程開口契約；114年度花蓮縣下水道災害搶修(險)工程開口契約；115年度花蓮縣下水道災害搶修(險)工程開口契約,同機關且標題核心相同，尚待人工確認是否為同一專案
candidate_d4921c1b9931,花蓮縣節能減碳推動宣導執行績效評比,2013,2014,2,3,14954996,花蓮縣環境保護局,102年度花蓮縣節能減碳推動及宣導執行績效評比計畫；103年度花蓮縣節能減碳推動及宣導執行績效評比計畫；104年度花蓮縣節能減碳推動及宣導執行績效評比計畫,同機關且標題核心相同，尚待人工確認是否為同一專案
candidate_10660af44489,花蓮縣立霧溪河川環境改善揚塵抑制,2022,2026,5,2,14860000,花蓮縣政府,111年度花蓮縣立霧溪河川環境改善與揚塵抑制計畫委託技術服務案；115年度花蓮縣立霧溪河川環境改善與揚塵抑制計畫,同機關且標題核心相同，尚待人工確認是否為同一專案
candidate_af09db1f183f,壽豐鄉建築委託設計監造技術服務,2020,2021,2,2,14845198,花蓮縣壽豐鄉公所,壽豐鄉109年度建築工程委託設計及監造技術服務；壽豐鄉110年度建築工程委託設計及監造技術服務,同機關且標題核心相同，尚待人工確認是否為同一專案
candidate_6cd021d73cfd,吉安鄉建築委託設計監造技術服務開口契約,2018,2020,3,3,14827824,花蓮縣吉安鄉公所,吉安鄉107年度建築工程委託設計監造技術服務(開口契約)；吉安鄉108年度建築工程委託設計監造技術服務(開口契約)；吉安鄉109年度建築工程委託設計監造技術服務(開口契約),同機關且標題核心相同，尚待人工確認是否為同一專案
candidate_3e204c16f35c,編號鄉道市區道路重要路段養護,2010,2025,16,6,14805000,花蓮縣瑞穗鄉公所,編號鄉道及市區道路重要路段養護工程；112年度編號鄉道及市區道路重要路段養護工程；113年度編號鄉道及市區道路重要路段養護工程,同機關且標題核心相同，尚待人工確認是否為同一專案
candidate_7dbb86e50c6e,萬榮鄉北區基層建設,2020,2025,6,5,14783500,花蓮縣萬榮鄉公所,109年度萬榮鄉北區基層建設工程；110年度萬榮鄉北區基層建設工程；112年度萬榮鄉北區基層建設工程；113年度萬榮鄉北區基層建設工程；114年度萬榮鄉北區基層建設工程,同機關且標題核心相同，尚待人工確認是否為同一專案
candidate_5e2f7bdfd710,花蓮縣教師節紀念品商品禮券採購,2023,2026,4,4,14769789,花蓮縣花蓮市明廉國民小學,花蓮縣112年度教師節紀念品(商品禮券)採購案；花蓮縣113年度教師節紀念品(商品禮券)採購案；花蓮縣114年度教師節紀念品(商品禮券)採購案；花蓮縣115年度教師節紀念品(商品禮券)採購案,同機關且標題核心相同，尚待人工確認是否為同一專案
candidate_3323aab0e669,太平洋左岸宜居城市美崙綠網營造保固開口契約,2021,2023,3,2,14731218,花蓮縣政府,太平洋左岸宜居城市-美崙綠網營造計畫-保固工程(開口契約)；太平洋左岸宜居城市-美崙綠網營造計畫-保固工程(開口契約)變更設計,同機關且標題核心相同，尚待人工確認是否為同一專案
candidate_2aa48674bcf6,豐濱鄉加蘭溪上游農路災後復建,2019,2020,2,2,14630000,花蓮縣豐濱鄉公所,豐濱鄉加蘭溪上游農路災後復建工程規劃設計案；豐濱鄉加蘭溪上游農路災後復建工程,同機關且標題核心相同，尚待人工確認是否為同一專案
candidate_3776fbfbeeca,先期114花蓮縣屬學校校園網路設備採購增購,2025,2026,2,2,14528000,花蓮縣政府,先期計畫-114花蓮縣屬學校校園網路設備採購案-第1次增購；先期計畫-114花蓮縣屬學校校園網路設備採購案-第2次增購,同機關且標題核心相同，尚待人工確認是否為同一專案
candidate_8570bd7bdce9,花蓮縣公共設施管線位置調查監驗系統建置委託建置服務工作,2013,2019,7,5,14500000,花蓮縣政府,花蓮縣公共設施管線位置調查(監驗)暨系統建置第一期計畫委託建置服務工作；花蓮縣公共設施管線位置調查(監驗)暨系統建置第二期計畫委託建置服務工作；花蓮縣公共設施管線位置調查(監驗)暨系統建置第三期計畫委託建置服務工作；花蓮縣公共設施管線位置調查(監驗)暨系統建置第四期計畫委託建置服務工作；花蓮縣公共設施管線位置調查(監驗)暨系統建置第五期計畫委託建置服務工作,同機關且標題核心相同，尚待人工確認是否為同一專案
candidate_923045967e89,花蓮縣衛生局保健業務提貨券開口契約採購,2019,2020,2,2,14398521,花蓮縣政府,108年花蓮縣衛生局保健業務提貨券開口契約採購；109年花蓮縣衛生局保健業務提貨券開口契約採購,同機關且標題核心相同，尚待人工確認是否為同一專案
candidate_9646ad3d1167,焚化再生粒料再利用推廣開口契約,2025,2026,2,2,14366000,花蓮縣環境保護局,114年度焚化再生粒料再利用推廣計畫(開口契約),同機關且標題核心相同，尚待人工確認是否為同一專案
candidate_9d28323803cc,花蓮縣1999話務中心勞務委外,2023,2025,3,3,14329392,花蓮縣政府,111年花蓮縣1999話務中心勞務委外後續擴充案；113年花蓮縣1999話務中心勞務委外案；113年花蓮縣1999話務中心勞務委外案後續擴充案,同機關且標題核心相同，尚待人工確認是否為同一專案
candidate_477e712d924d,玉里鎮建築非建築設計監造技術服務開口契約,2023,2024,2,2,14260000,花蓮縣玉里鎮公所,玉里鎮112年度建築及非建築工程設計監造技術服務開口契約；玉里鎮113年度建築及非建築工程設計監造技術服務開口契約,同機關且標題核心相同，尚待人工確認是否為同一專案
candidate_4c7b0020588d,花蓮縣政府委託經營管理113花蓮縣吉安公共托嬰中心,2024,2026,3,2,14214000,花蓮縣政府,花蓮縣政府委託經營管理「113-115年度花蓮縣吉安公共托嬰中心」,同機關且標題核心相同，尚待人工確認是否為同一專案
candidate_8c549766b3cf,一般型救護車採購,2012,2016,5,5,14129000,花蓮縣政府,一般型救護車採購案；102年一般型救護車採購案；103年一般型救護車採購案；104年一般型救護車採購案；105年一般型救護車採購案,同機關且標題核心相同，尚待人工確認是否為同一專案
candidate_3e5178b6680a,老人保護預防性服務獨居中高風險老人個關懷,2017,2026,10,10,14064422,花蓮縣政府,106年度老人保護預防性服務-獨居及中高風險老人個案關懷計畫；老人保護預防性服務-獨居及中高風險老人個案關懷計畫；老人保護預防性服務-獨居及中高風險老人個案關懷計畫案,同機關且標題核心相同，尚待人工確認是否為同一專案
candidate_8dae96ffcd37,花蓮縣都市空間資訊應用管理系統改版圖資維運,2021,2024,4,2,14025000,花蓮縣政府,花蓮縣都市計畫空間資訊應用管理系統改版暨圖資維運第一期計畫案；花蓮縣都市計畫空間資訊應用管理系統改版暨圖資維運第三期計畫案,同機關且標題核心相同，尚待人工確認是否為同一專案
candidate_c52de7c585f1,花蓮縣重要寺廟教會堂文史調查研究,2020,2024,5,2,14000000,花蓮縣政府,花蓮縣重要寺廟、教會堂文史調查研究計畫勞務採購案；113年花蓮縣重要寺廟、教會堂文史調查研究計畫,同機關且標題核心相同，尚待人工確認是否為同一專案
candidate_2fdfb8dade78,七星潭海洋漁村風貌營造,2010,2011,2,2,13998268,花蓮縣政府,99年度「七星潭海洋漁村風貌營造計畫」工程；100年度「七星潭海洋漁村風貌營造計畫第二期工程」,同機關且標題核心相同，尚待人工確認是否為同一專案
candidate_bdeeac34588a,七星潭風景區兩潭兩鐵自行車道等區域環境清潔維護管理工作,2015,2018,4,4,13942620,花蓮縣政府,104年度七星潭風景區、兩潭、兩鐵自行車道等區域環境清潔維護管理工作；105年度七星潭風景區、兩潭、兩鐵自行車道等區域環境清潔維護管理工作；106年度「七星潭風景區、兩潭、兩鐵自行車道等區域環境清潔維護管理工作」；107年度「七星潭風景區、兩潭、兩鐵自行車道等區域環境清潔維護管理工作」,同機關且標題核心相同，尚待人工確認是否為同一專案
candidate_db56789de96b,花蓮縣資源循環稽查管制,2025,2026,2,2,13900000,花蓮縣環境保護局,114年度花蓮縣資源循環稽查管制計畫；115年度花蓮縣資源循環稽查管制計畫,同機關且標題核心相同，尚待人工確認是否為同一專案
candidate_86c9fbc6a496,拉署旦部落文化聚會所,2021,2022,2,2,13881364,花蓮縣花蓮市公所,拉署旦部落文化聚會所興建工程,同機關且標題核心相同，尚待人工確認是否為同一專案
candidate_7850dd22dcba,長良里吉哈蓋部落道路改善,2022,2023,2,2,13868031,花蓮縣政府,長良里吉哈蓋部落道路改善工程；長良里吉哈蓋部落道路改善工程第一次變更設計,同機關且標題核心相同，尚待人工確認是否為同一專案
candidate_da61ec296002,花蓮縣水患自主防災社區委託維運服務,2019,2026,8,7,13860000,花蓮縣政府,109年度花蓮縣水患自主防災社區委託維運服務計畫；110年度花蓮縣水患自主防災社區委託維運服務計畫；111年度花蓮縣水患自主防災社區委託維運服務計畫；112年度花蓮縣水患自主防災社區委託維運服務計畫；113年度花蓮縣水患自主防災社區委託維運服務計畫；114年度花蓮縣水患自主防災社區委託維運服務計畫；115年度花蓮縣水患自主防災社區委託維運服務計畫,同機關且標題核心相同，尚待人工確認是否為同一專案
candidate_e5fd5e500799,花蓮縣政府委託經營管理111花蓮縣社區公共托育家園花蓮市鳳林玉里鎮,2022,2023,2,2,13743983,花蓮縣政府,花蓮縣政府委託經營管理「111-112年度花蓮縣社區公共托育家園(花蓮市、鳳林及玉里鎮)」,同機關且標題核心相同，尚待人工確認是否為同一專案
candidate_c2e9825489ea,卓溪鄉農業灌溉清疏引水道整修開口契約,2019,2026,8,7,13733800,花蓮縣卓溪鄉公所,108年度卓溪鄉農業灌溉清疏及引水道整修工程開口契約；109年度卓溪鄉農業灌溉清疏及引水道整修工程開口契約；110年度卓溪鄉農業灌溉清疏及引水道整修工程開口契約；111年度卓溪鄉農業灌溉清疏及引水道整修工程開口契約；112年度卓溪鄉農業灌溉清疏及引水道整修工程開口契約；113年度卓溪鄉農業灌溉清疏及引水道整修工程開口契約；115年度卓溪鄉農業灌溉清疏及引水道整修工程開口契約,同機關且標題核心相同，尚待人工確認是否為同一專案
candidate_0f244c2a8524,白端部落聚會所,2011,2017,7,2,13728000,花蓮縣卓溪鄉公所,白端部落聚會所興建工程,同機關且標題核心相同，尚待人工確認是否為同一專案
candidate_52ab96c1cd89,新城鄉巴扶以善文化健康站周邊道路改善,2022,2023,2,2,13720000,花蓮縣新城鄉公所,新城鄉巴扶以善文化健康站周邊道路改善工程；新城鄉巴扶以善文化健康站周邊道路改善工程(第二期),同機關且標題核心相同，尚待人工確認是否為同一專案
candidate_57b19dfbb960,吉安青春基地瑞穗社會福利館耐震補強,2023,2024,2,2,13633689,花蓮縣政府,吉安青春基地及瑞穗社會福利館耐震補強工程；吉安青春基地及瑞穗社會福利館耐震補強工程-第一次變更設計,同機關且標題核心相同，尚待人工確認是否為同一專案
candidate_c4b59dbb8526,花蓮縣結核病胸部X光篩檢,2022,2025,4,4,13623000,花蓮縣衛生局,花蓮縣112年結核病胸部X光篩檢；花蓮縣113年結核病胸部X光篩檢；花蓮縣114年結核病胸部X光篩檢；花蓮縣115年結核病胸部X光篩檢,同機關且標題核心相同，尚待人工確認是否為同一專案
candidate_8631f0b40188,推展市政公關蝴蝶蘭花盆栽高架花籃採購開口契約,2020,2025,6,7,13590060,花蓮縣花蓮市公所,109年度推展市政公關-蝴蝶蘭花盆栽及高架花籃採購(開口契約)；110年度推展市政公關-蝴蝶蘭花盆栽及高架花籃採購(開口契約)；111年度推展市政公關-蝴蝶蘭花盆栽及高架花籃採購(開口契約)；112年度推展市政公關-蝴蝶蘭花盆栽及高架花籃採購(開口契約)；112年度推展市政公關-蝴蝶蘭花盆栽及高架花籃採購(開口契約)後續擴充；114年度推展市政公關-蝴蝶蘭花盆栽及高架花籃採購(開口契約)；115年度推展市政公關-蝴蝶蘭花盆栽及高架花籃採購(開口契約),同機關且標題核心相同，尚待人工確認是否為同一專案
candidate_e3463714f6fc,臺北車站廣告服務開口契約,2024,2026,3,3,13500000,花蓮縣政府,113年臺北車站廣告服務案(開口契約)；114年臺北車站廣告服務案(開口契約)；115年臺北車站廣告服務案(開口契約),同機關且標題核心相同，尚待人工確認是否為同一專案
candidate_be69b8f7421c,花蓮市區路燈增設路燈汰舊換新,2015,2018,4,3,13487574,花蓮縣花蓮市公所,105年度花蓮市區路燈增設暨路燈汰舊換新工程；106年度花蓮市區路燈增設暨路燈汰舊換新工程；107年度花蓮市區路燈增設暨路燈汰舊換新工程,同機關且標題核心相同，尚待人工確認是否為同一專案
candidate_dad2d19d3ec6,農路改善農業灌溉農村建設等,2014,2015,2,2,13451340,花蓮縣政府,103年度農路改善、農業灌溉及農村建設等工程委託技術服務工作；104年度農路改善、農業灌溉及農村建設等工程委託技術服務工作,同機關且標題核心相同，尚待人工確認是否為同一專案
candidate_543e817a71a2,清潔車輛維修車輛採購開口合約,2019,2026,8,8,13396900,花蓮縣玉里鎮公所,「108年度清潔車輛維修(車輛)採購案」(開口合約)；「109年度清潔車輛維修(車輛)採購案」(開口合約)；110年度清潔車輛維修(車輛)採購案(開口合約)；111年度清潔車輛維修(車輛)採購案(開口合約)；112年度清潔車輛維修(車輛)採購案(開口合約)；113年度清潔車輛維修(車輛)採購案(開口合約)；114年度清潔車輛維修(車輛)採購案(開口合約)；115年度清潔車輛維修(車輛)採購案(開口合約),同機關且標題核心相同，尚待人工確認是否為同一專案
candidate_00282a646645,富里鄉災害搶修開口契約,2012,2023,12,9,13382000,花蓮縣富里鄉公所,富里鄉101年度災害搶修工程(開口契約)；富里鄉102年度災害搶修工程(開口契約)；富里鄉103年度災害搶修工程（開口契約）；富里鄉105年度災害搶修工程（開口契約）；富里鄉107年度災害搶修工程（開口契約）；富里鄉109年度災害搶修工程（開口契約）；富里鄉110年度災害搶修工程（開口契約）；富里鄉111年度災害搶修工程（開口契約）；富里鄉112年度災害搶修工程（開口契約）,同機關且標題核心相同，尚待人工確認是否為同一專案
candidate_e2ee72eb48f6,全鄉各村道路其他基礎設施改善開口契約,2024,2026,3,4,13376000,花蓮縣卓溪鄉公所,113年度全鄉各村道路及其他基礎設施改善工程開口契約；114年度全鄉各村道路及其他基礎設施改善工程開口契約第一期；114年度全鄉各村道路及其他基礎設施改善工程開口契約第二期；115年度全鄉各村道路及其他基礎設施改善工程開口契約,同機關且標題核心相同，尚待人工確認是否為同一專案
candidate_96f3f6e0ff65,太平洋公園天然災害機電設備搶修搶險開口合約,2016,2023,8,8,13360000,花蓮縣政府,105年度太平洋公園天然災害(機電)設備搶修搶險(開口合約)工程；106年度太平洋公園天然災害(機電)設備搶修搶險(開口合約)工程；107年度太平洋公園天然災害(機電)設備搶修搶險(開口合約)工程；108年度太平洋公園天然災害(機電)設備搶修搶險(開口合約)工程；109年度太平洋公園天然災害(機電)設備搶修搶險(開口合約)工程；110年度太平洋公園天然災害(機電)設備搶修搶險(開口合約)工程；111年度太平洋公園天然災害(機電)設備搶修搶險(開口合約)工程；112年度太平洋公園天然災害(機電)設備搶修搶險(開口合約)工程,同機關且標題核心相同，尚待人工確認是否為同一專案
candidate_6389ccb4da2a,花蓮縣南區農路改善開口契約,2020,2021,2,2,13334840,花蓮縣政府,109年度花蓮縣南區農路改善工程(開口契約)；110年度花蓮縣南區農路改善工程(開口契約),同機關且標題核心相同，尚待人工確認是否為同一專案
candidate_569bebe19063,花蓮縣下水道污水管線維護開口契約,2012,2013,2,2,13278000,花蓮縣政府,花蓮縣下水道污水管線維護工程(開口契約)；102年度花蓮縣下水道污水管線維護工程(開口契約),同機關且標題核心相同，尚待人工確認是否為同一專案
candidate_3ae902092d99,花蓮縣政府國家紀念日元旦國慶日懸掛國旗財物採購,2021,2023,3,3,13176935,花蓮縣政府,花蓮縣政府111年國家紀念日(元旦及國慶日)懸掛國旗財物採購；花蓮縣政府112年國家紀念日(元旦及國慶日)懸掛國旗財物採購；花蓮縣政府113年國家紀念日(元旦及國慶日)懸掛國旗財物採購案,同機關且標題核心相同，尚待人工確認是否為同一專案
candidate_f304b8dbcb2c,花蓮縣政府委託經營管理花蓮縣新秀公共托嬰中心,2024,2026,3,4,13165121,花蓮縣政府,花蓮縣政府委託經營管理「113年度花蓮縣新秀公共托嬰中心」；花蓮縣政府委託經營管理「114年度花蓮縣新秀公共托嬰中心」；花蓮縣政府委託經營管理「115年度花蓮縣新秀公共托嬰中心」,同機關且標題核心相同，尚待人工確認是否為同一專案
candidate_f6b83f25a0ee,花蓮縣警察局路口錄影監視系統設備維護緊急搶修採購,2015,2016,2,2,13133000,花蓮縣政府,花蓮縣警察局104年路口錄影監視系統設備維護暨緊急搶修採購案；花蓮縣警察局105年路口錄影監視系統設備維護暨緊急搶修採購案,同機關且標題核心相同，尚待人工確認是否為同一專案
candidate_b859e4c2d342,花蓮市都市雨水下水道清淤,2012,2019,8,9,13092445,花蓮縣花蓮市公所,花蓮市都市計畫雨水下水道清淤工程；第二次花蓮市都市計畫雨水下水道清淤工程；102年度花蓮市都市計畫雨水下水道清淤工程；103年度花蓮市都市計畫雨水下水道清淤工程；花蓮市都市計畫雨水下水道清淤工程（第二期）；104年度花蓮市都市計畫雨水下水道清淤工程；105年度花蓮市都市計畫雨水下水道清淤工程；107年度花蓮市都市計畫雨水下水道清淤工程；108年度花蓮市都市計畫雨水下水道清淤工程,同機關且標題核心相同，尚待人工確認是否為同一專案
candidate_442c863fae04,市區行道樹含專業修剪養護病蟲害防治移植綠美化災害搶修土石流等災害重機械搶修開口契約,2018,2025,8,5,13080000,花蓮縣花蓮市公所,107年度市區行道樹(含專業修剪養護、病蟲害防治、移植綠美化及災害搶修)與土石流等災害重機械搶修開口契約；111年度市區行道樹(含專業修剪養護、病蟲害防治、移植綠美化及災害搶修)與土石流等災害重機械搶修開口契約；111年度市區行道樹(含專業修剪養護、病蟲害防治、移植綠美化及災害搶修)與土石流等災害重機械搶修開口契約-後續擴充；113年度市區行道樹(含專業修剪養護、病蟲害防治、移植綠美化及災害搶修)與土石流等災害重機械搶修開口契約；114年度市區行道樹(含專業修剪養護、病蟲害防治、移植綠美化及災害搶修)與土石流等災害重機械搶修開口契約,同機關且標題核心相同，尚待人工確認是否為同一專案
candidate_222ac838176b,花蓮縣智慧福利服務行動躍升,2019,2021,3,3,13073056,花蓮縣政府,108年花蓮縣智慧福利服務行動躍升計畫案；花蓮縣109年智慧福利服務行動躍升計畫；花蓮縣110年智慧福利服務行動躍升計畫,同機關且標題核心相同，尚待人工確認是否為同一專案
candidate_36819ae01db6,陽光電城整體裝修,2014,2015,2,2,12940168,花蓮縣政府,陽光電城整體裝修工程(第一期)；陽光電城整體裝修工程(第二期),同機關且標題核心相同，尚待人工確認是否為同一專案
candidate_206eb55688f2,花蓮縣文化局天然災害搶修開口契約,2014,2021,8,9,12900000,花蓮縣政府,103年度花蓮縣文化局天然災害搶修工程開口契約；104年度花蓮縣文化局天然災害搶修工程開口契約；105年度花蓮縣文化局天然災害搶修工程開口契約；106年度花蓮縣文化局天然災害搶修工程開口契約；107年度花蓮縣文化局天然災害搶修工程開口契約；108年度花蓮縣文化局天然災害搶修工程開口契約；109年度花蓮縣文化局天然災害搶修工程開口契約；110年度花蓮縣文化局天然災害搶修工程開口契約；111年度花蓮縣文化局天然災害搶修工程開口契約,同機關且標題核心相同，尚待人工確認是否為同一專案
candidate_8ad51ea3d785,壽豐鄉路燈照明維修開口契約,2011,2019,9,6,12730600,花蓮縣壽豐鄉公所,壽豐鄉100年度路燈照明維修(開口契約)；壽豐鄉105年度路燈照明維修(開口契約)；壽豐鄉106年度路燈照明維修(開口契約)；壽豐鄉107年度路燈照明維修(開口契約)；壽豐鄉108年路燈照明維修(開口契約)；壽豐鄉109年路燈照明維修(開口契約),同機關且標題核心相同，尚待人工確認是否為同一專案
candidate_a4594c934a36,花蓮縣原住民族海洋文化推廣,2024,2026,3,3,12700000,花蓮縣政府,「113年花蓮縣原住民族海洋文化推廣計畫」勞務採購案；「114年花蓮縣原住民族海洋文化推廣計畫」勞務採購案；「115年花蓮縣原住民族海洋文化推廣計畫」勞務採購案,同機關且標題核心相同，尚待人工確認是否為同一專案
candidate_580f831b62c7,卓溪部落聚會所,2011,2014,4,2,12668000,花蓮縣卓溪鄉公所,卓溪部落聚會所興建工程,同機關且標題核心相同，尚待人工確認是否為同一專案
candidate_e2e20a41fc10,花蓮縣政府委託經營管理花蓮縣花蓮市公共托嬰中心,2024,2026,3,4,12605232,花蓮縣政府,花蓮縣政府委託經營管理「113年度花蓮縣花蓮市公共托嬰中心」；花蓮縣政府委託經營管理「114年度花蓮縣花蓮市公共托嬰中心」；花蓮縣政府委託經營管理「115年度花蓮縣花蓮市公共托嬰中心」,同機關且標題核心相同，尚待人工確認是否為同一專案
candidate_96882961736e,全縣13鄉鎮市水利設施第二階段清淤疏浚維護等開口契約,2024,2026,3,3,12560000,花蓮縣政府,113年度全縣13鄉鎮市水利設施第二階段清淤疏浚維護等工程(開口契約)；114年度全縣13鄉鎮市水利設施第二階段清淤疏浚維護等工程(開口契約)；115年度全縣13鄉鎮市水利設施第二階段清淤疏浚維護等工程(開口契約),同機關且標題核心相同，尚待人工確認是否為同一專案
candidate_e0be45b2951a,新城鄉各村維護搶修路燈開口契約,2022,2023,2,2,12350000,花蓮縣新城鄉公所,111年度新城鄉各村維護及搶修路燈開口契約；112年度新城鄉各村維護及搶修路燈開口契約,同機關且標題核心相同，尚待人工確認是否為同一專案
candidate_8d2c31bb92a1,花蓮縣身心障礙福利服務中心經營管理,2019,2022,4,4,12300000,花蓮縣政府,花蓮縣身心障礙福利服務中心經營管理計畫；花蓮縣身心障礙福利服務中心經營管理；112年花蓮縣身心障礙福利服務中心經營管理,同機關且標題核心相同，尚待人工確認是否為同一專案
candidate_34b2df6f7634,編號鄉道市區道路重要路段養護,2010,2023,14,11,12286000,花蓮縣光復鄉公所,編號鄉道及市區道路重要路段養護工程；102年度編號鄉道及市區道路重要路段養護工程；106年度編號鄉道及市區道路重要路段養護工程；109年度編號鄉道及市區道路重要路段養護工程；110年度編號鄉道及市區道路重要路段養護工程；112年度編號鄉道及市區道路重要路段養護工程,同機關且標題核心相同，尚待人工確認是否為同一專案
candidate_d778d6aff9c2,縣政建設重要活動報紙廣告宣傳開口契約,2017,2024,8,10,12257508,花蓮縣政府,106年縣政建設暨重要活動報紙廣告宣傳案(開口契約)；107年縣政建設暨重要活動報紙廣告宣傳案(開口契約)；108年縣政建設暨重要活動報紙廣告宣傳案(開口契約)；109年縣政建設暨重要活動報紙廣告宣傳案(開口契約)；110年縣政建設暨重要活動報紙廣告宣傳案(開口契約)；111年縣政建設暨重要活動報紙廣告宣傳案(開口契約)；112年縣政建設暨重要活動報紙廣告宣傳案(開口契約)；113年縣政建設暨重要活動報紙廣告宣傳案(開口契約)；114年縣政建設暨重要活動報紙廣告宣傳案(開口契約),同機關且標題核心相同，尚待人工確認是否為同一專案
candidate_67cfa298e553,加強公務和諧連繫食品飲料禮盒財物採購開口契約,2019,2024,6,6,12242000,花蓮縣政府,108年度加強公務和諧連繫-食品飲料禮盒財物採購(開口契約)；110年度加強公務和諧連繫－食品飲料禮盒財物採購(開口契約)；110年度加強公務和諧連繫-食品飲料禮盒財物採購(開口契約)後續擴充案；111年度加強公務和諧連繫-食品飲料禮盒財物採購(開口契約)；112年度加強公務和諧連繫-食品飲料禮盒財物採購(開口契約)；114年度加強公務和諧連繫-食品飲料禮盒財物採購(開口契約),同機關且標題核心相同，尚待人工確認是否為同一專案
candidate_0a6595559c7d,花蓮縣警察局玉里分局所屬廳舍整修,2023,2026,4,5,12238000,花蓮縣警察局,花蓮縣警察局玉里分局所屬廳舍整修工程；花蓮縣警察局114年度玉里分局所屬廳舍整修工程；花蓮縣警察局115年度玉里分局所屬廳舍整修工程,同機關且標題核心相同，尚待人工確認是否為同一專案
candidate_0a5a745d78ff,兒童少年結束家外安置後續追蹤輔導服務方,2016,2024,9,5,12200000,花蓮縣政府,105年度兒童及少年結束家外安置後續追蹤輔導服務方案；107年度兒童及少年結束家外安置後續追蹤輔導服務方案；109年兒童及少年結束家外安置後續追蹤輔導服務方案；112年度兒童及少年結束家外安置後續追蹤輔導服務方案；113年度兒童及少年結束家外安置後續追蹤輔導服務方案,同機關且標題核心相同，尚待人工確認是否為同一專案
candidate_1912df6a8de4,委外設計監造勞務委任採購開口契約二,2018,2019,2,2,12185000,花蓮縣玉里鎮公所,107年度工程委外設計、監造勞務委任採購案(開口契約)(二)；108年度工程委外設計、監造勞務委任採購案(開口契約)(二),同機關且標題核心相同，尚待人工確認是否為同一專案
candidate_5ed20e67bdf6,縣政成果影像拍攝後製建檔,2015,2025,11,10,12180600,花蓮縣政府,104年縣政成果影像拍攝後製建檔案；105年縣政成果影像拍攝後製建檔案；108年縣政成果影像拍攝後製建檔案；109年縣政成果影像拍攝後製建檔案；110年縣政成果影像拍攝後製建檔案；111年縣政成果影像拍攝後製建檔案；112年縣政成果影像拍攝後製建檔案；113年縣政成果影像拍攝後製建檔案；114年縣政成果影像拍攝後製建檔案；115年縣政成果影像拍攝後製建檔案,同機關且標題核心相同，尚待人工確認是否為同一專案
candidate_57c1eb75392f,花蓮縣客家產業技藝博覽會活動規劃執行,2024,2025,2,2,12150000,花蓮縣政府,113年花蓮縣客家產業暨技藝博覽會活動規劃暨執行案；114年花蓮縣客家產業暨技藝博覽會活動規劃暨執行案,同機關且標題核心相同，尚待人工確認是否為同一專案
candidate_48dce505c1ec,花蓮縣機關學校公文管理系統維護服務,2022,2026,5,5,12140990,花蓮縣政府,111年度花蓮縣機關學校公文管理系統維護服務案；112年度花蓮縣機關學校公文管理系統維護服務案；113年度花蓮縣機關學校公文管理系統維護服務案；114年度花蓮縣機關學校公文管理系統維護服務案；115年度花蓮縣機關學校公文管理系統維護服務案,同機關且標題核心相同，尚待人工確認是否為同一專案
candidate_36c2f997a7b7,都市雨水下水道清淤,2012,2021,10,15,12074650,花蓮縣吉安鄉公所,都市計畫雨水下水道清淤工程；都市計畫雨水下水道清淤第二期工程；都市計畫雨水下水道清淤工程(第二期)；108年度「都市計畫雨水下水道清淤工程(第二期)」；109年度「都市計畫雨水下水道清淤工程」；109年度「都市計畫雨水下水道清淤工程(第二期)」；110年度「都市計畫雨水下水道清淤工程」；110年度「都市計畫雨水下水道清淤工程(第二期)」,同機關且標題核心相同，尚待人工確認是否為同一專案
candidate_c470cf9f3238,花蓮市吉安鄉路面改善開口契約,2015,2016,2,2,12070000,花蓮縣政府,104年度花蓮市、吉安鄉路面改善工程(開口契約)；105年度花蓮市、吉安鄉路面改善工程(開口契約),同機關且標題核心相同，尚待人工確認是否為同一專案
candidate_6b9f384338e1,改善運動訓練環境採購,2014,2025,12,8,12055050,花蓮縣政府,103年度改善運動訓練環境採購；104年度改善運動訓練環境採購；105年改善運動訓練環境採購；106年度改善運動訓練環境採購；109年改善運動訓練環境採購；110年度改善運動訓練環境採購；112年度改善運動訓練環境採購；114年度改善運動訓練環境採購,同機關且標題核心相同，尚待人工確認是否為同一專案
candidate_1d62bbfe2b2d,花蓮縣政府辦理原住民族地區部落簡水系統輔導管理委託服務,2013,2014,2,2,12050000,花蓮縣政府,花蓮縣政府辦理102年度原住民族地區部落簡水系統輔導管理計畫委託服務；花蓮縣政府辦理103年度原住民族地區部落簡水系統輔導管理計畫委託服務,同機關且標題核心相同，尚待人工確認是否為同一專案
candidate_9d44b951e434,花蓮縣下水道營運管理系統建置服務,2020,2022,3,2,12041250,花蓮縣政府,花蓮縣下水道營運管理系統建置計畫服務；花蓮縣下水道營運管理系統建置計畫服務案(第1次後續擴充),同機關且標題核心相同，尚待人工確認是否為同一專案
candidate_fa1443e74cab,20172018太平洋觀光節活動規劃執行,2017,2018,2,2,12004400,花蓮縣政府,2017-2018太平洋觀光節活動規劃執行案；2017-2018太平洋觀光節活動規劃執行案-第一次契約變更,同機關且標題核心相同，尚待人工確認是否為同一專案
candidate_1affdff917c1,加強公務和諧連繫–摸彩品–家電用品採購開口契約,2024,2025,2,2,12000000,花蓮縣政府,114年度加強公務和諧連繫–摸彩品–家電用品採購(開口契約)；114年度加強公務和諧連繫–摸彩品–家電用品採購(開口契約)後續擴充案,同機關且標題核心相同，尚待人工確認是否為同一專案
candidate_60fc23c2c3fc,國道高速公路宣傳服務,2021,2025,5,6,11996200,花蓮縣政府,110年國道高速公路宣傳服務案；111年國道高速公路宣傳服務案；112年國道高速公路宣傳服務案；113年國道高速公路宣傳服務案；114年國道高速公路宣傳服務案；114年國道高速公路宣傳服務案後續擴充,同機關且標題核心相同，尚待人工確認是否為同一專案
candidate_faa8443a195e,台灣城鄉風貌整體規劃示範推動建築物騎樓整平示範,2011,2012,2,2,11940000,花蓮縣花蓮市公所,台灣城鄉風貌整體規劃示範計畫-推動建築物騎樓整平示範計畫,同機關且標題核心相同，尚待人工確認是否為同一專案
candidate_9b176e268c4f,壽豐鄉編號鄉道市區道路重要路段養護開口契約,2014,2020,7,5,11908000,花蓮縣壽豐鄉公所,103年度壽豐鄉編號鄉道及市區道路重要路段養護工程（開口契約）；107年度壽豐鄉編號鄉道及市區道路重要路段養護工程(開口契約)；108年度壽豐鄉編號鄉道及市區道路重要路段養護工程(開口契約)；109年度壽豐鄉編號鄉道及市區道路重要路段養護工程(開口契約)；109年度壽豐鄉編號鄉道及市區道路重要路段養護工程(開口契約)第二期,同機關且標題核心相同，尚待人工確認是否為同一專案
candidate_aafc411c7aee,花蓮縣新型臨時性防洪設施財物採購,2020,2021,2,2,11849890,花蓮縣政府,109年度花蓮縣新型臨時性防洪設施財物採購；110年度花蓮縣新型臨時性防洪設施財物採購,同機關且標題核心相同，尚待人工確認是否為同一專案
candidate_2410d4639b05,花蓮縣寺廟祈福購置鮮花花禮組財物採購開口契約,2020,2024,5,4,11815000,花蓮縣政府,花蓮縣109年寺廟祈福購置鮮花花禮組財物採購開口契約；花蓮縣110年寺廟祈福購置鮮花花禮組財物採購開口契約；花蓮縣111年寺廟祈福購置鮮花花禮組財物採購開口契約；花蓮縣113年寺廟祈福購置鮮花花禮組財物採購開口契約,同機關且標題核心相同，尚待人工確認是否為同一專案
candidate_73df905937bc,縣道193線7K~22K+500七星潭風景區至花蓮大橋段道路綠帶養護,2024,2025,2,2,11800000,花蓮縣政府,113年度縣道193線7K~22K+500(七星潭風景區至花蓮大橋段)道路綠帶養護；114年度縣道193線7K~22K+500(七星潭風景區至花蓮大橋段)道路綠帶養護,同機關且標題核心相同，尚待人工確認是否為同一專案
candidate_7eda3bd5fd62,花蓮市各項建築委託設計監造開口契約,2023,2024,2,2,11760000,花蓮縣花蓮市公所,花蓮市112年度各項建築工程委託設計監造(開口契約)；花蓮市113年度各項建築工程委託設計監造（開口契約）,同機關且標題核心相同，尚待人工確認是否為同一專案
candidate_bc5dcd68571e,花蓮縣警察局委外辦理煙毒尿液檢驗工作開口契約採購,2020,2026,7,7,11727950,花蓮縣警察局,花蓮縣警察局109年度委外辦理煙毒尿液檢驗工作開口契約採購後續擴充案；花蓮縣警察局110年度委外辦理煙毒尿液檢驗工作開口契約採購後續擴充案；花蓮縣警察局111年度委外辦理煙毒尿液檢驗工作開口契約採購案(第二次後續擴充)；花蓮縣警察局112年度委外辦理煙毒尿液檢驗工作開口契約採購案；花蓮縣警察局113年度委外辦理煙毒尿液檢驗工作開口契約採購案；花蓮縣警察局114年度委外辦理煙毒尿液檢驗工作開口契約採購案；花蓮縣警察局115年度委外辦理煙毒尿液檢驗工作開口契約採購案,同機關且標題核心相同，尚待人工確認是否為同一專案
candidate_97bc26e147f5,花蓮縣水利設施改善委託設計監造技術服務工作開口契約,2021,2023,3,3,11725650,花蓮縣政府,花蓮縣110年度水利設施改善工程委託設計監造技術服務工作(開口契約)；「花蓮縣111年度水利設施改善工程」委託設計監造技術服務工作(開口契約)；花蓮縣112年度水利設施改善工程委託設計監造技術服務工作(開口契約),同機關且標題核心相同，尚待人工確認是否為同一專案
candidate_d4ea09954512,花蓮縣河川底泥品質採樣申報備查,2018,2025,8,7,11702573,花蓮縣政府,107年度花蓮縣河川底泥品質採樣及申報備查計畫委託技術服務；109年度花蓮縣河川底泥品質採樣及申報備查委託技術服務案；110年度花蓮縣河川底泥品質採樣及申報備查計畫委託技術服務案；111年度花蓮縣河川底泥品質採樣及申報備查計畫委託技術服務案；112年度花蓮縣河川底泥品質採樣及申報備查計畫委託技術服務案；113年度花蓮縣河川底泥品質採樣及申報備查計畫委託技術服務案；114年度花蓮縣河川底泥品質採樣及申報備查計畫委託技術服務,同機關且標題核心相同，尚待人工確認是否為同一專案
candidate_657a0b09630f,瑞穗鄉各村公共設施代表小型零星建議開口契約,2014,2017,4,4,11640000,花蓮縣瑞穗鄉公所,瑞穗鄉103年度各村公共設施及代表小型零星建議案工程(開口契約)；瑞穗鄉104年度各村公共設施及代表小型零星建議案工程(開口契約)；瑞穗鄉105年度各村公共設施及代表小型零星建議案工程(開口契約)；瑞穗鄉106年度各村公共設施及代表小型零星建議案工程(開口契約),同機關且標題核心相同，尚待人工確認是否為同一專案
candidate_9d8b6ebf4132,花蓮市立托兒所幼兒餐點供應,2010,2011,2,2,11628000,花蓮縣花蓮市公所,花蓮市立托兒所100年度幼兒餐點供應；花蓮市立托兒所101年度幼兒餐點供應,同機關且標題核心相同，尚待人工確認是否為同一專案
candidate_e462a85f3dc5,都市雨水下水道清淤,2013,2023,11,11,11621600,花蓮縣光復鄉公所,都市計畫雨水下水道清淤工程；107年度都市計畫雨水下水道清淤工程；108年度都市計畫雨水下水道清淤工程；109年度都市計畫雨水下水道清淤工程；110年度都市計畫雨水下水道清淤工程；111年度都市雨水下水道清淤工程；112年度都市計畫雨水下水道清淤工程,同機關且標題核心相同，尚待人工確認是否為同一專案
candidate_08cb0cd55f84,193線道路路面修復開口契約,2011,2014,4,4,11592000,花蓮縣政府,100年度 193線道路路面修復工程(開口契約)；101年度193線道路路面修復工程(開口契約)；102年度193線道路路面修復工程(開口契約)；103年度193線道路路面修復工程(開口契約),同機關且標題核心相同，尚待人工確認是否為同一專案
candidate_bd59a7723e0e,193線53K~110K+600路容整修工作開口契約,2014,2020,7,7,11582800,花蓮縣政府,193線53K~110K+600路容整修工作（開口契約）；193線53K~110K+600路容整修工作(開口契約),同機關且標題核心相同，尚待人工確認是否為同一專案
candidate_2c2481380edc,全鄉路燈維修,2011,2015,5,6,11559695,花蓮縣吉安鄉公所,全鄉路燈維修工程,同機關且標題核心相同，尚待人工確認是否為同一專案
candidate_7ac8f990adf3,花蓮縣地方稅務局稅務行政系統資訊設備維護服務,2020,2026,7,6,11530800,花蓮縣地方稅務局,花蓮縣地方稅務局109年度稅務及行政系統資訊設備維護服務案；花蓮縣地方稅務局「109年度稅務及行政系統資訊設備維護服務案」第1次後續擴充；花蓮縣地方稅務局「109年度稅務及行政系統資訊設備維護服務案」第2次後續擴充；花蓮縣地方稅務局「112年度稅務及行政系統資訊設備維護服務」第1次後續擴充；花蓮縣地方稅務局「112年度稅務及行政系統資訊設備維護服務」第2次後續擴充；花蓮縣地方稅務局115年度稅務及行政系統資訊設備維護服務,同機關且標題核心相同，尚待人工確認是否為同一專案
candidate_d05759e15702,本鄉各村監視器裝設維護修繕採購開口契約,2016,2020,5,7,11456075,花蓮縣秀林鄉公所,105年度本鄉各村監視器裝設維護修繕第二期採購工程（開口契約）；106年本鄉各村監視器裝設維護修繕第二期採購(開口契約)；107年本鄉各村監視器裝設維護修繕第二期採購(開口契約)；107年本鄉各村監視器裝設維護修繕第三期採購(開口契約)；108年本鄉各村監視器裝設維護修繕第二期採購(開口契約)；109年本鄉各村監視器裝設維護修繕採購(開口契約)；109年本鄉各村監視器裝設維護修繕第二期採購(開口契約),同機關且標題核心相同，尚待人工確認是否為同一專案
candidate_6f6847049b5a,國福里周邊整體改善,2017,2020,4,3,11370000,花蓮縣花蓮市公所,國福里周邊整體改善第七期工程；國福里周邊整體改善第九期工程；國福里周邊整體改善第十期工程,同機關且標題核心相同，尚待人工確認是否為同一專案
candidate_5b9e773302c1,花蓮縣強制性親職教育輔導,2017,2026,10,8,11330000,花蓮縣政府,106年度花蓮縣強制性親職教育輔導；107年度花蓮縣強制性親職教育輔導；108年度花蓮縣強制性親職教育輔導；109年度花蓮縣強制性親職教育輔導；112年花蓮縣強制性親職教育輔導；113年度花蓮縣強制性親職教育輔導；114年度花蓮縣強制性親職教育輔導；115年度花蓮縣強制性親職教育輔導,同機關且標題核心相同，尚待人工確認是否為同一專案
candidate_4bcf7a1b30b8,花蓮縣水環境巡守隊經營自然淨化溼地活化,2018,2020,3,3,11300000,花蓮縣環境保護局,107年度花蓮縣水環境巡守隊經營暨自然淨化溼地活化計畫；108年度花蓮縣水環境巡守隊經營暨自然淨化溼地活化計畫；109年度「花蓮縣水環境巡守隊經營暨自然淨化溼地活化計畫」,同機關且標題核心相同，尚待人工確認是否為同一專案
candidate_40f9b5d6d2b4,農路農業灌溉農漁村流域治理水保治山防災等,2016,2017,2,2,11289810,花蓮縣政府,105年農路、農業灌溉、農漁村暨流域治理、水保、治山防災等工程委託技術服務工作；106年農路、農業灌溉、農漁村暨流域治理、水保、治山防災等工程委託技術服務工作,同機關且標題核心相同，尚待人工確認是否為同一專案
candidate_db322ea183d5,花蓮縣光華樂活創意園區後期光榮工業區土壤地下水檢測,2018,2021,4,3,11254414,花蓮縣政府,花蓮縣光華樂活創意園區(後期)及光榮工業區土壤及地下水檢測」委託專業服務案；109年度「花蓮縣光華樂活創意園區（後期）及光榮工業區土壤及地下水檢測」委託專業服務案；110年度花蓮縣光華樂活創意園區(後期)及光榮工業區土壤及地下水檢測委託專業服務案,同機關且標題核心相同，尚待人工確認是否為同一專案
candidate_6d751578f810,花蓮縣文化局天然災害搶修開口契約,2022,2026,5,4,11243848,花蓮縣文化局,112年度花蓮縣文化局天然災害搶修工程開口契約；113年度花蓮縣文化局天然災害搶修工程開口契約；114年度花蓮縣文化局天然災害搶修工程開口契約；115年度花蓮縣文化局天然災害搶修工程開口契約,同機關且標題核心相同，尚待人工確認是否為同一專案
candidate_3ff8fec95574,花崗國中廚房送餐專用風雨走廊,2018,2019,2,2,11240000,花蓮縣政府,花崗國中106年廚房送餐專用風雨走廊新建工程,同機關且標題核心相同，尚待人工確認是否為同一專案
candidate_f4716985de1b,瑞穗鄉轄內基層建設改善開口契約,2021,2024,4,3,11215961,花蓮縣瑞穗鄉公所,110年度瑞穗鄉轄內基層建設改善工程(開口契約)；112年度瑞穗鄉轄內基層建設改善工程(開口契約)；113年瑞穗鄉轄內基層建設改善工程(開口契約),同機關且標題核心相同，尚待人工確認是否為同一專案
candidate_6cdc49b2c0df,花蓮縣農村總合發展花蓮山海廚房綠色餐桌共創平台,2023,2024,2,2,11200000,花蓮縣政府,112年度花蓮縣農村總合發展計畫-花蓮山海廚房綠色餐桌共創平台計畫委託專業服務案；113年度花蓮縣農村總合發展計畫-花蓮山海廚房綠色餐桌共創平台計畫委託專業服務案,同機關且標題核心相同，尚待人工確認是否為同一專案
candidate_61ea342f8255,花蓮縣政府安心旅遊住宿優惠活動委託審查,2020,2021,2,2,11178594,花蓮縣政府,109年花蓮縣政府安心旅遊住宿優惠活動委託審查案；109年花蓮縣政府安心旅遊住宿優惠活動委託審查案-第一次契約變更,同機關且標題核心相同，尚待人工確認是否為同一專案
candidate_29e092d3ee5e,七星潭風景區自行車道等區域環境清潔維護管理工作,2011,2013,3,3,11137080,花蓮縣政府,101年度七星潭風景區、自行車道等區域環境清潔維護管理工作；102年度七星潭風景區、自行車道等區域環境清潔維護管理工作；103年度七星潭風景區、自行車道等區域環境清潔維護管理工作,同機關且標題核心相同，尚待人工確認是否為同一專案
candidate_ce7ef2056ee5,明義國小明義樓校舍耐震補強,2019,2021,3,2,11112370,花蓮縣政府,明義國小明義樓校舍耐震補強工程；明義國小明義樓校舍耐震補強工程第一次變更設計,同機關且標題核心相同，尚待人工確認是否為同一專案
candidate_5b7c96fc11bf,平和部落多功能活動廣場設施,2011,2012,2,2,11070000,花蓮縣壽豐鄉公所,平和部落多功能活動廣場設施第一期工程；平和部落多功能活動廣場設施第二期工程,同機關且標題核心相同，尚待人工確認是否為同一專案
candidate_2d8d97b7b4c0,花蓮縣立花崗國民中學運動場新整建,2014,2015,2,2,11066060,花蓮縣政府,花蓮縣立花崗國民中學運動場新整建工程,同機關且標題核心相同，尚待人工確認是否為同一專案
candidate_8dac034f97f0,花蓮縣軍人忠靈祠納骨設施改善,2021,2022,2,3,11016070,花蓮縣政府,花蓮縣軍人忠靈祠納骨設施改善工程；花蓮縣軍人忠靈祠納骨設施改善工程（第一次變更設計）；花蓮縣軍人忠靈祠納骨設施改善工程(第2期),同機關且標題核心相同，尚待人工確認是否為同一專案
candidate_5927d0cc3902,花蓮縣水環境改善輔導顧問團工作,2018,2019,2,2,11002160,花蓮縣政府,花蓮縣水環境改善輔導顧問團委託專業服務工作；花蓮縣水環境改善輔導顧問團委託專業服務工作(第二期),同機關且標題核心相同，尚待人工確認是否為同一專案
candidate_b6cccc92ff8b,花蓮縣政府委託經營管理洄瀾親子館花蓮縣托育資源中心,2021,2024,4,2,11000000,花蓮縣政府,花蓮縣政府「委託經營管理110年度洄瀾親子館-花蓮縣托育資源中心」(後續擴充案)；花蓮縣政府委託經營管理「113年度洄瀾親子館-花蓮縣托育資源中心」,同機關且標題核心相同，尚待人工確認是否為同一專案
candidate_6ea3355e59c6,花蓮縣都市整合應用系統改版擴充圖資維護更新建置,2017,2018,2,3,11000000,花蓮縣政府,花蓮縣都市計畫整合應用系統改版擴充暨圖資維護更新第一期建置案；花蓮縣都市計畫整合應用系統改版擴充暨圖資維護更新第二期建置案；花蓮縣都市計畫整合應用系統改版擴充暨圖資維護更新第三期建置案,同機關且標題核心相同，尚待人工確認是否為同一專案
candidate_2d3c826174b4,萬榮鄉公所行政大樓辦公廳舍改善,2019,2020,2,2,10967340,花蓮縣萬榮鄉公所,萬榮鄉公所行政大樓辦公廳舍改善工程委託技術服務；萬榮鄉公所行政大樓辦公廳舍改善工程,同機關且標題核心相同，尚待人工確認是否為同一專案
candidate_7d29056882f8,知卡宣景觀亮點營造,2023,2024,2,2,10925360,花蓮縣政府,112年度知卡宣景觀亮點營造工程委託技術服務；知卡宣景觀亮點營造工程,同機關且標題核心相同，尚待人工確認是否為同一專案
candidate_00ade198a38f,花蓮縣清明掃墓便民措施鮮花採購,2015,2020,6,6,10918579,花蓮縣政府,花蓮縣104年度清明掃墓便民措施鮮花採購案；花蓮縣105年度清明掃墓便民措施鮮花採購案；花蓮縣106年度清明掃墓便民措施鮮花採購案；花蓮縣107年度清明掃墓便民措施鮮花採購案；花蓮縣108年度清明掃墓便民措施鮮花採購案；花蓮縣109年度清明掃墓便民措施鮮花採購案,同機關且標題核心相同，尚待人工確認是否為同一專案
candidate_3f07b62e42a7,花蓮縣公共運輸專辦公室,2021,2026,6,5,10880880,花蓮縣政府,111年度花蓮縣公共運輸專案辦公室；111年度花蓮縣公共運輸專案辦公室-112年度後續擴充；113年度花蓮縣公共運輸專案辦公室；113年度花蓮縣公共運輸專案辦公室-114年度後續擴充；113年度花蓮縣公共運輸專案辦公室-115年度後續擴充,同機關且標題核心相同，尚待人工確認是否為同一專案
candidate_b0bca54fd312,太巴塱祭祀廣場部落驛站建構裝修,2021,2023,3,2,10864012,花蓮縣政府,太巴塱祭祀廣場部落驛站建構第二期-裝修工程,同機關且標題核心相同，尚待人工確認是否為同一專案
candidate_9b731ef7c436,本鄉各村運動場設施設備修繕開口契約,2018,2025,8,7,10857000,花蓮縣秀林鄉公所,107年度本鄉 各村運動場設施設備修繕工程(開口契約)；108年本鄉各村運動場設施設備修繕工程(開口契約)；109年度本鄉各村運動場設施設備修繕工程(開口契約)；111年度本鄉各村運動場設施設備修繕工程（開口契約）；112年本鄉各村運動場設施設備修繕工程(開口契約)；113年度本鄉各村運動場設施設備修繕工程（開口契約）；114年度本鄉各村運動場設施設備修繕工程（開口契約）,同機關且標題核心相同，尚待人工確認是否為同一專案
candidate_4a3abb464197,大花蓮建物圖資耐震快速評估整合應用,2022,2025,4,3,10840999,花蓮縣政府,大花蓮建物圖資耐震快速評估暨整合應用 第一期計畫案；大花蓮建物圖資耐震快速評估暨整合應用第二期計畫案；大花蓮建物圖資耐震快速評估暨整合應用第三期計畫案,同機關且標題核心相同，尚待人工確認是否為同一專案
candidate_7ba01d4aec6b,100噸灌溉蓄水池,2013,2016,4,9,10823000,花蓮縣政府,102年度第2期100噸灌溉蓄水池工程；102年度第3期100噸灌溉蓄水池工程；102年度第4期100噸灌溉蓄水池工程；102年度第5期100噸灌溉蓄水池工程；103年度第1期100噸灌溉蓄水池工程；103年度第2期100噸灌溉蓄水池工程；104年度第一期100噸灌溉蓄水池工程；105年度第1期100噸灌溉蓄水池工程；105年度第2期100噸灌溉蓄水池工程,同機關且標題核心相同，尚待人工確認是否為同一專案
candidate_08171f5bb1d1,花蓮大宗農產品媒體整合行銷,2024,2026,3,3,10750000,花蓮縣政府,113年度花蓮大宗農產品媒體整合行銷案；114年度花蓮大宗農產品媒體整合行銷案；115年度花蓮大宗農產品媒體整合行銷案,同機關且標題核心相同，尚待人工確認是否為同一專案
candidate_884b448f70cf,壽豐鄉豐田客家廊道文化生活環境營造,2015,2017,3,2,10730000,花蓮縣壽豐鄉公所,壽豐鄉豐田客家廊道文化生活環境營造工程；壽豐鄉豐田客家廊道文化生活環境營造第2期工程,同機關且標題核心相同，尚待人工確認是否為同一專案
candidate_ab67ccac243b,美崙山公園生態調查,2024,2026,3,3,10700000,花蓮縣政府,美崙山公園生態調查委託專業服務案；114年度美崙山公園生態調查委託專業服務案；114年度美崙山公園生態調查委託專業服務案-第一次契約變更(後續擴充),同機關且標題核心相同，尚待人工確認是否為同一專案
candidate_1d821e96167c,2025太平洋燈會宮廷燈燈籠裝飾,2024,2025,2,2,10677296,花蓮縣政府,2025太平洋燈會宮廷燈暨燈籠裝飾勞務採購案；2025太平洋燈會宮廷燈暨燈籠裝飾勞務採購案(第一次契約變更),同機關且標題核心相同，尚待人工確認是否為同一專案
candidate_6bd76463c26b,卓溪鄉災害搶險搶修開口契約,2010,2014,5,7,10650000,花蓮縣卓溪鄉公所,99年度卓溪鄉災害搶險搶修工程開口契約；100年度卓溪鄉災害搶險搶修工程開口契約；100年度卓溪鄉災害搶險搶修工程開口契約(第二次)；101年度卓溪鄉災害搶險搶修工程開口契約；101年度卓溪鄉災害搶險搶修工程開口契約(第二次)；102年度卓溪鄉災害搶險搶修工程開口契約；103年度卓溪鄉災害搶險搶修工程開口契約,同機關且標題核心相同，尚待人工確認是否為同一專案
candidate_979d698714ec,中央一般性補助辦理施政項目治安防治專建置重要路口監視系統採購,2010,2014,5,2,10648900,花蓮縣政府,99年度「中央一般性補助辦理施政項目治安防治專案－建置重要路口監視系統」採購案；100年度中央一般性補助辦理施政項目治安防治專案-建置重要路口監視系統採購案,同機關且標題核心相同，尚待人工確認是否為同一專案
candidate_3c05cc4ecb53,吉安國中租用學生上下課專車服務,2015,2022,8,8,10610174,花蓮縣政府,吉安國中104年租用學生上下課專車服務；吉安國中105年租用學生上下課專車服務；吉安國中106年租用學生上下課專車服務；吉安國中107年租用學生上下課專車服務；吉安國中108年租用學生上下課專車服務；吉安國中109年租用學生上下課專車服務；吉安國中110年租用學生上下課專車服務；吉安國中111年租用學生上下課專車服務,同機關且標題核心相同，尚待人工確認是否為同一專案
candidate_1929a27a0011,花蓮市各里里內環境消毒噴藥服務,2014,2026,13,13,10589262,花蓮縣花蓮市公所,103年度花蓮市各里里內環境消毒噴藥服務；103年度花蓮市各里里內環境消毒噴藥服務後續擴充；104年度花蓮市各里里內環境消毒噴藥服務；105年度花蓮市各里里內環境消毒噴藥服務；106年度花蓮市各里里內環境消毒噴藥服務；107年度花蓮市各里里內環境消毒噴藥服務；108年度花蓮市各里里內環境消毒噴藥服務；109年度花蓮市各里里內環境消毒噴藥服務；110年度花蓮市各里里內環境消毒噴藥服務；111年度花蓮市各里里內環境消毒噴藥服務；112年度花蓮市各里里內環境消毒噴藥服務；113年度花蓮市各里里內環境消毒噴藥服務；115年度花蓮市各里里內環境消毒噴藥服務,同機關且標題核心相同，尚待人工確認是否為同一專案
candidate_a8c624149ef4,花蓮縣消防局壽豐分隊宿舍增建,2019,2020,2,2,10578000,花蓮縣消防局,花蓮縣消防局壽豐分隊宿舍增建工程；花蓮縣消防局壽豐分隊宿舍增建工程第1次變更設計,同機關且標題核心相同，尚待人工確認是否為同一專案
candidate_927441b6681e,萬榮村西寶溫泉道路改善,2017,2018,2,2,10566000,花蓮縣萬榮鄉公所,萬榮村西寶溫泉道路改善工程；萬榮村西寶溫泉道路改善工程(第二期),同機關且標題核心相同，尚待人工確認是否為同一專案
candidate_ef99bb38c6bc,全縣13鄉鎮市區域排水清淤疏浚維護等開口契約,2014,2018,5,5,10563000,花蓮縣政府,全縣13鄉鎮市區域排水清淤疏浚維護等工程(開口契約)；全縣13鄉鎮市區域排水清淤疏浚維護等工程（開口契約）,同機關且標題核心相同，尚待人工確認是否為同一專案
candidate_52e1393cd57e,消防人員義消人員含救災宣導救護義消制服便服訓練用救助操作服採購,2020,2022,3,3,10541896,花蓮縣消防局,109年度消防人員及義消人員(含救災、宣導、救護義消)制服、便服及訓練用救助操作服採購案；109年度消防人員及義消人員(含救災、宣導、救護義消)制服、便服及訓練用救助操作服採購案後續擴充；111年度消防人員及義消人員(含救災、宣導、救護義消)制服、便服及訓練用救助操作服採購案,同機關且標題核心相同，尚待人工確認是否為同一專案
candidate_cd2a0228301e,花蓮縣漂流木物打撈清運開口契約,2023,2026,4,4,10530000,花蓮縣政府,112年度花蓮縣漂流木(物)打撈清運勞務採購開口契約；113年度花蓮縣漂流木(物)打撈清運勞務採購開口契約；114年度花蓮縣漂流木(物)打撈清運勞務採購開口契約；114年度花蓮縣漂流木(物)打撈清運勞務採購開口契約 (115年度後續擴充),同機關且標題核心相同，尚待人工確認是否為同一專案
candidate_268462f02998,全鄉排水溝蓋損壞更換改善開口契約,2017,2026,10,12,10528000,花蓮縣吉安鄉公所,106年度全鄉排水溝蓋損壞更換改善工程(開口契約)；107年度全鄉排水溝蓋損壞更換改善工程(開口契約)；108年度全鄉排水溝蓋損壞更換改善工程(開口契約)；109年度全鄉排水溝蓋損壞更換改善工程(開口契約)；110年度全鄉排水溝蓋損壞更換改善工程(開口契約)；111年度全鄉排水溝蓋損壞更換改善工程(開口契約)；111年度全鄉排水溝蓋損壞更換改善工程(開口契約)第二期；112年度全鄉排水溝蓋損壞更換改善工程(開口契約)；112年度全鄉排水溝蓋損壞更換改善工程(開口契約)_第二期；113年度全鄉排水溝蓋損壞更換改善工程(開口契約)；114年度全鄉排水溝蓋損壞更換改善工程(開口契約)；115年度全鄉排水溝蓋損壞更換改善工程(開口契約),同機關且標題核心相同，尚待人工確認是否為同一專案
candidate_ca39bf24ec60,花蓮縣政府委託辦理失業者職業訓練,2010,2011,2,3,10434755,花蓮縣政府,花蓮縣政府委託辦理99年度失業者職業訓練；花蓮縣政府委託辦理100年度失業者職業訓練,同機關且標題核心相同，尚待人工確認是否為同一專案
candidate_bee7a2b0ab46,馬遠村基層建設,2022,2026,5,4,10331360,花蓮縣萬榮鄉公所,111年度馬遠村基層建設工程；112年度馬遠村基層建設工程；113年度馬遠村基層建設工程；114年度馬遠村基層建設工程,同機關且標題核心相同，尚待人工確認是否為同一專案
candidate_591b6a14d6ff,花蓮縣移動式抽水機採購,2015,2018,4,2,10320000,花蓮縣政府,104年度花蓮縣移動式抽水機採購案；107年度花蓮縣移動式抽水機採購,同機關且標題核心相同，尚待人工確認是否為同一專案
candidate_25d3f93143b5,全鄉反射鏡街路牌道路標線標誌設置維護,2011,2016,6,6,10307000,花蓮縣吉安鄉公所,全鄉反射鏡、街路牌、道路標線標誌設置及維護工程,同機關且標題核心相同，尚待人工確認是否為同一專案
candidate_98b6f22cfa88,花蓮縣政府公共造產疏濬工地測量委託開口契約,2013,2021,9,8,10301101,花蓮縣政府,102年度花蓮縣政府公共造產疏濬工地測量委託(開口契約)；104年度花蓮縣政府公共造產疏濬工地測量委託(開口契約)；105年度花蓮縣政府公共造產疏濬工地測量委託(開口契約)；106年度花蓮縣政府公共造產疏濬工地測量委託(開口契約)；107年度花蓮縣政府公共造產疏濬工地測量委託(開口契約)；108年度花蓮縣政府公共造產疏濬工地測量委託(開口契約)；109年度花蓮縣政府公共造產疏濬工地測量委託(開口契約)；110年度花蓮縣政府公共造產疏濬工地測量委託(開口契約),同機關且標題核心相同，尚待人工確認是否為同一專案
candidate_80ad1932ef2d,壽豐鄉路燈增設維修開口契約,2024,2026,3,2,10279775,花蓮縣壽豐鄉公所,壽豐鄉114年度路燈增設及維修工程(開口契約)；壽豐鄉115年度路燈增設及維修工程(開口契約),同機關且標題核心相同，尚待人工確認是否為同一專案
candidate_cbd25633cf69,長橋排水應急,2016,2017,2,2,10278000,花蓮縣政府,長橋排水第一期應急工程；長橋排水應急工程,同機關且標題核心相同，尚待人工確認是否為同一專案
candidate_ceccb1ff17f5,花蓮縣義民祭文化活動採購,2016,2018,3,3,10240000,花蓮縣政府,105年花蓮縣義民祭文化活動委託專業服務採購案；106年花蓮縣義民祭文化活動委託專業服務採購案；107年花蓮縣義民祭文化活動委託專業服務採購案,同機關且標題核心相同，尚待人工確認是否為同一專案
candidate_455a1e5993b1,新城鄉順安村雨水下水道,2012,2015,4,2,10230000,花蓮縣政府,新城鄉順安村雨水下水道工程,同機關且標題核心相同，尚待人工確認是否為同一專案
candidate_c2978489dbe5,花蓮縣警察局局本部所屬廳舍整修,2025,2026,2,2,10230000,花蓮縣警察局,花蓮縣警察局局本部及所屬廳舍整修工程；花蓮縣警察局115年度局本部及所屬廳舍整修工程,同機關且標題核心相同，尚待人工確認是否為同一專案
candidate_8d20764c4ba3,民德民勤民立里活動中心增建修繕補強,2012,2013,2,2,10220000,花蓮縣花蓮市公所,民德、民勤、民立里活動中心增建暨修繕補強工程,同機關且標題核心相同，尚待人工確認是否為同一專案
candidate_e2e9125a7b1f,花蓮新創基地團隊輔導,2024,2025,2,3,10200000,花蓮縣政府,113年度「花蓮新創基地團隊輔導」委託專業服務勞務採購案；114年度「花蓮新創基地團隊輔導」委託專業服務勞務採購案；115年度「花蓮新創基地團隊輔導」委託專業服務勞務採購案,同機關且標題核心相同，尚待人工確認是否為同一專案
candidate_bcda2c2eb340,鄉內排水溝新築整修,2012,2018,7,7,10185500,花蓮縣吉安鄉公所,鄉內排水溝新築及整修工程,同機關且標題核心相同，尚待人工確認是否為同一專案
candidate_bf3609690a87,花蓮縣警察局所屬廳舍整修,2023,2024,2,2,10180000,花蓮縣警察局,花蓮縣警察局所屬廳舍整修工程,同機關且標題核心相同，尚待人工確認是否為同一專案
candidate_472eb2375292,台灣好行太魯閣線洄瀾東海岸線行銷,2021,2025,5,7,10174663,花蓮縣政府,110年度台灣好行太魯閣線、洄瀾東海岸線行銷案；110年度台灣好行太魯閣線、洄瀾東海岸線行銷案(第一次契約變更)；111年度台灣好行太魯閣線、洄瀾東海岸線行銷案；112年度台灣好行太魯閣線、洄瀾東海岸線行銷案；113年度台灣好行太魯閣線、洄瀾東海岸線行銷案；113年度台灣好行太魯閣線、洄瀾東海岸線行銷案(第一次契約變更)；114年度台灣好行太魯閣線、洄瀾東海岸線行銷案,同機關且標題核心相同，尚待人工確認是否為同一專案
candidate_20d98c001b10,太昌國小操場整建,2024,2025,2,2,10148835,花蓮縣吉安鄉太昌國民小學,太昌國小操場整建工程；太昌國小操場整建工程-第1次契約變更,同機關且標題核心相同，尚待人工確認是否為同一專案
candidate_8c2604917bd7,花蓮縣原住民族部落大學,2017,2020,4,3,10108000,花蓮縣政府,106年度花蓮縣原住民族部落大學計畫勞務採購案；107年度花蓮縣原住民族部落大學計畫勞務採購案；109年度花蓮縣原住民族部落大學計畫委託專業服務勞務採購案,同機關且標題核心相同，尚待人工確認是否為同一專案
candidate_6c2ae0cdb822,花蓮縣政府辦公廳舍環境清潔維護工作,2020,2025,6,6,10069500,花蓮縣政府,花蓮縣政府109年度辦公廳舍及環境清潔維護工作；花蓮縣政府110年度辦公廳舍及環境清潔維護工作勞務採購案；花蓮縣政府111年度辦公廳舍及環境清潔維護工作；花蓮縣政府111年度辦公廳舍及環境清潔維護工作勞務採購案(後續擴充)；花蓮縣政府113年度辦公廳舍及環境清潔維護工作勞務採購案；花蓮縣政府113年度辦公廳舍 及環境清潔維護工作勞務採購案 （後續擴充）,同機關且標題核心相同，尚待人工確認是否為同一專案
candidate_ad4304afa1ba,新農兵橋引道改善,2021,2022,2,2,10060000,花蓮縣花蓮市公所,新農兵橋引道改善工程,同機關且標題核心相同，尚待人工確認是否為同一專案
candidate_aca2c59bd09a,光復鄉轄內基礎建設延續改善,2016,2018,3,4,10036000,花蓮縣光復鄉公所,105年度光復鄉轄內基礎建設延續改善工程；106年度光復鄉轄內基礎建設延續改善工程；106年度光復鄉轄內基礎建設延續改善工程(第二期)；107年度光復鄉轄內基礎建設延續改善工程,同機關且標題核心相同，尚待人工確認是否為同一專案
candidate_d3dd4d5b3388,水源社區部落文化營造牆面美化,2022,2024,3,3,10014000,花蓮縣秀林鄉公所,水源社區部落文化營造及牆面美化工程(第四期)；水源社區部落文化營造及牆面美化工程-第五期；水源社區部落文化營造及牆面美化工程-第六期,同機關且標題核心相同，尚待人工確認是否為同一專案
candidate_63833c877d6a,花蓮縣漁業含災害復建開口契約,2022,2023,2,2,10000000,花蓮縣政府,111年度花蓮縣漁業工程（含災害復建工程）委託技術服務工作開口契約；112年度花蓮縣漁業工程（含災害復建）委託技術服務開口契約,同機關且標題核心相同，尚待人工確認是否為同一專案
candidate_177c66ed241e,花蓮縣特定水土保持區長期水土保持通盤檢討專業服務,2024,2025,2,2,9970000,花蓮縣政府,113年度花蓮縣特定水土保持區長期水土保持計畫第3次通盤檢討專業服務計畫；114年度花蓮縣特定水土保持區長期水土保持計畫第3次通盤檢討專業服務計畫,同機關且標題核心相同，尚待人工確認是否為同一專案
candidate_482d610df615,典藏洄瀾數位共創：花蓮縣推動國家文化記憶庫,2018,2020,3,2,9929000,花蓮縣文化局,典藏洄瀾-數位共創：花蓮縣推動國家文化記憶庫勞務採購案；109年度典藏洄瀾－數位共創：花蓮縣推動國家文化記憶庫勞務採購案,同機關且標題核心相同，尚待人工確認是否為同一專案
candidate_c292446541fc,壽豐鄉區域排水一般排水清淤,2014,2026,13,12,9925632,花蓮縣壽豐鄉公所,壽豐鄉103年度區域排水及一般排水清淤工程；109年度壽豐鄉區域排水及一般排水清淤工程；109年度壽豐鄉區域排水及一般排水清淤工程(第二期)；110年度壽豐鄉區域排水及一般排水清淤工程；111年度壽豐鄉區域排水及一般排水清淤工程；112年度壽豐鄉區域排水及一般排水清淤工程；112年度壽豐鄉區域排水及一般排水清淤工程(第二期)；113年度壽豐鄉區域排水及一般排水清淤工程；113年度壽豐鄉區域排水及一般排水清淤工程-第二期；114年度壽豐鄉區域排水及一般排水清淤工程-第二期；114年度壽豐鄉區域排水及一般排水清淤工程(第一期)(第一次變更設計)；115年度壽豐鄉區域排水及一般排水清淤工程,同機關且標題核心相同，尚待人工確認是否為同一專案
candidate_43dbd8e085be,花蓮縣客家產業展售空間建置,2013,2014,2,2,9922021,花蓮縣政府,花蓮縣客家產業展售空間建置工程,同機關且標題核心相同，尚待人工確認是否為同一專案
candidate_37de01ddd34c,花蓮縣環境保護局購置沖吸兩用式清溝車,2010,2011,2,2,9880000,花蓮縣政府,花蓮縣環境保護局99年購置沖吸兩用式清溝車；花蓮縣環境保護局100年購置沖吸兩用式清溝車,同機關且標題核心相同，尚待人工確認是否為同一專案
candidate_2d3e9ecea7c6,花蓮市代表里鄰長頭目報紙,2012,2014,3,4,9819000,花蓮縣花蓮市公所,102年度花蓮市代表、里鄰長及頭目報紙；103年度花蓮市代表、里鄰長及頭目報紙；104年度花蓮市代表、里鄰長及頭目報紙,同機關且標題核心相同，尚待人工確認是否為同一專案
candidate_bd0bb4965c11,稅務行政系統資訊設備專業維護服務,2010,2012,3,4,9794000,花蓮縣政府,稅務及行政系統資訊設備專業維護服務,同機關且標題核心相同，尚待人工確認是否為同一專案
candidate_7e0f009f39ef,花蓮縣3區特定水土保持區長期水土保持通盤檢討,2012,2018,7,4,9753600,花蓮縣政府,101年度花蓮縣3區特定水土保持區長期水土保持計畫通盤檢討；100年度花蓮縣3區特定水土保持區長期水土保持計畫通盤檢討；106年度花蓮縣3區特定水土保持區長期水土保持計畫通盤檢討；107年度花蓮縣3區特定水土保持區長期水土保持計畫通盤檢討,同機關且標題核心相同，尚待人工確認是否為同一專案
candidate_e7542cd1fc72,萬榮鄉清淤,2019,2026,8,13,9752600,花蓮縣萬榮鄉公所,108年度萬榮鄉清淤工程；108年度萬榮鄉清淤工程(第二期)；109年度萬榮鄉清淤工程(第一期)；109年度萬榮鄉清淤工程(第二期)；110年度萬榮鄉清淤工程(第一期)；110年萬榮鄉清淤工程(第二期)；111年度萬榮鄉清淤工程；112年度萬榮鄉清淤工程；113年度萬榮鄉清淤工程；114年度萬榮鄉清淤工程；114年度萬榮鄉清淤工程(第二期)；115年度萬榮鄉清淤工程；115年度萬榮鄉清淤工程(第二期),同機關且標題核心相同，尚待人工確認是否為同一專案
candidate_0d59053fb425,新城3號排水改善,2013,2019,7,3,9750000,花蓮縣政府,新城3號排水改善工程；108年度新城3號排水改善工程,同機關且標題核心相同，尚待人工確認是否為同一專案
candidate_b384cebe762f,秀林鄉都市雨水下水道清淤開口契約,2013,2026,14,12,9743000,花蓮縣秀林鄉公所,秀林鄉都市計畫雨水下水道清淤工程（開口契約）；103年秀林鄉都市計畫雨水下水道清淤工程(開口契約)；104年秀林鄉都市計畫雨水下水道清淤工程(開口契約)；105年秀林鄉都市計畫雨水下水道清淤工程(開口契約)；107年秀林鄉都市計畫雨水下水道清淤工程(開口契約)；108年秀林鄉都市計畫雨水下水道清淤工程(開口契約)；109年秀林鄉都市計畫雨水下水道清淤工程(開口契約)；110年秀林鄉都市計畫雨水下水道清淤工程(開口契約)；111年度秀林鄉都市計畫雨水下水道清淤工程(開口契約)；113年度秀林鄉都市計畫雨水下水道清淤工程(開口契約)；114年秀林鄉都市計畫雨水下水道清淤工程(開口契約)；115年度秀林鄉都市計畫雨水下水道清淤工程(開口契約),同機關且標題核心相同，尚待人工確認是否為同一專案
candidate_c86f64c8cb29,花蓮縣水泥窯協同處理廢棄物設施促參履約管理,2025,2026,2,2,9690000,花蓮縣環境保護局,114年花蓮縣水泥窯協同處理廢棄物設施促參案 履約管理計畫；115年花蓮縣水泥窯協同處理廢棄物設施促參案履約管理計畫,同機關且標題核心相同，尚待人工確認是否為同一專案
candidate_872c00b58c08,花蓮縣易淹水地區洪水淹水預警系統建置,2012,2013,2,4,9688305,花蓮縣政府,101年度花蓮縣易淹水地區洪水與淹水預警系統建置計畫；101年度花蓮縣易淹水地區洪水與淹水預警系統建置；102年度花蓮縣易淹水地區洪水與淹水預警系統建置計畫；102年度花蓮縣易淹水地區洪水與淹水預警系統建置,同機關且標題核心相同，尚待人工確認是否為同一專案
candidate_83d0b0a4bd7c,花蓮縣政府農業處公共區域植栽種植綠美化工作開口契約,2021,2026,6,4,9674000,花蓮縣政府,110年度花蓮縣政府農業處公共區域植栽種植綠美化工作開口契約；111年度花蓮縣政府農業處公共區域植栽種植綠美化工作開口契約；112年度花蓮縣政府農業處公共區域植栽種植綠美化工作開口契約；115年度花蓮縣政府農業處公共區域植栽種植綠美化工作開口契約,同機關且標題核心相同，尚待人工確認是否為同一專案
candidate_0445a3958ab2,花蓮縣瑞穗鄉瑞北垃圾衛生掩埋場環境監測工作,2014,2026,13,12,9652505,花蓮縣瑞穗鄉公所,103年度花蓮縣瑞穗鄉瑞北垃圾衛生掩埋場環境監測工作；105年度花蓮縣瑞穗鄉瑞北垃圾衛生掩埋場環境監測工作；106年度花蓮縣瑞穗鄉瑞北垃圾衛生掩埋場環境監測工作；107年度花蓮縣瑞穗鄉瑞北垃圾衛生掩埋場環境監測工作；108年度花蓮縣瑞穗鄉瑞北垃圾衛生掩埋場環境監測工作；109年度花蓮縣瑞穗鄉瑞北垃圾衛生掩埋場環境監測工作；110年度花蓮縣瑞穗鄉瑞北垃圾衛生掩埋場環境監測工作；111年度花蓮縣瑞穗鄉瑞北垃圾衛生掩埋場環境監測工作；112年度花蓮縣瑞穗鄉瑞北垃圾衛生掩埋場環境監測工作；113年度花蓮縣瑞穗鄉瑞北垃圾衛生掩埋場環境監測工作；114年度花蓮縣瑞穗鄉瑞北垃圾衛生掩埋場環境監測工作；115年度花蓮縣瑞穗鄉瑞北垃圾衛生掩埋場環境監測工作,同機關且標題核心相同，尚待人工確認是否為同一專案
candidate_2a83d2d9f967,基礎建設農產道路設施設備等改善維護南區開口契約,2017,2019,3,3,9643600,花蓮縣萬榮鄉公所,106年度基礎建設、農產道路及設施設備等改善及維護工程(南區開口契約)；107年基礎建設、農產道路及設施設備等改善及維護工程(南區開口契約)；108年基礎建設、農產道路及設施設備等改善及維護工程(南區開口契約),同機關且標題核心相同，尚待人工確認是否為同一專案
candidate_fcb1bd107d65,豐濱鄉委測監造開口契約採購,2010,2011,2,2,9633750,花蓮縣豐濱鄉公所,豐濱鄉99年度工程委測監造開口契約採購案；豐濱鄉100年度工程委測監造開口契約採購案,同機關且標題核心相同，尚待人工確認是否為同一專案
candidate_003767b30ba1,光復鄉地方基層民政業務相關人員政令宣導活動,2017,2024,8,8,9631591,花蓮縣光復鄉公所,光復鄉106年度地方基層民政業務相關人員政令宣導活動；光復鄉107年度地方基層民政業務相關人員政令宣導活動；108年度光復鄉地方基層民政業務相關人員政令宣導活動；109年度光復鄉地方基層民政業務相關人員政令宣導活動；110年度光復鄉地方基層民政業務相關人員政令宣導活動；111年度光復鄉地方基層民政業務相關人員政令宣導活動；112年度光復鄉地方基層民政業務相關人員政令宣導活動；113年度光復鄉地方基層民政業務相關人員政令宣導活動,同機關且標題核心相同，尚待人工確認是否為同一專案
candidate_dbe54f75ea59,秀林鄉日曆月曆記事本編輯製作採購,2017,2021,5,4,9630000,花蓮縣秀林鄉公所,秀林鄉民國107年日曆、月曆及記事本編輯製作採購；秀林鄉民國108年日曆、月曆及記事本編輯製作採購；秀林鄉民國109年日曆、月曆及記事本編輯製作採購；秀林鄉民國111年日曆、月曆及記事本編輯製作採購,同機關且標題核心相同，尚待人工確認是否為同一專案
candidate_00b2a9419b45,秀林國中租用學生專車服務,2016,2022,7,7,9622256,花蓮縣政府,秀林國中105年度租用學生專車服務；秀林國中106年度租用學生專車服務；秀林國中107年度租用學生專車服務；秀林國中108年度租用學生專車服務；秀林國中109年度租用學生專車服務；秀林國中110年度租用學生專車服務；秀林國中111年度租用學生專車服務,同機關且標題核心相同，尚待人工確認是否為同一專案
candidate_0fd64279f7d8,花蓮縣政府委託經營管理111至花蓮縣新城公設民營托嬰中心,2022,2023,2,2,9606311,花蓮縣政府,花蓮縣政府委託經營管理111至112年度花蓮縣新城公設民營托嬰中心,同機關且標題核心相同，尚待人工確認是否為同一專案
candidate_3a055e443c44,家庭處遇服務,2011,2014,4,2,9600000,花蓮縣政府,100年度家庭處遇服務；103年度家庭處遇服務,同機關且標題核心相同，尚待人工確認是否為同一專案
candidate_bf8e5ba1ca9d,花蓮縣吉安鄉自強路雨水下水道災修,2018,2019,2,2,9581557,花蓮縣政府,花蓮縣吉安鄉自強路雨水下水道災修工程,同機關且標題核心相同，尚待人工確認是否為同一專案
candidate_9400a2b7f977,縣193線路面改善開口契約,2016,2017,2,2,9580000,花蓮縣政府,105年度縣193線路面改善工程(開口契約)；106年度縣193線路面改善工程(開口契約),同機關且標題核心相同，尚待人工確認是否為同一專案
candidate_ff53f10ca1ea,花蓮縣政府委託經營管理鳳林社區公共托育家園,2018,2021,4,3,9572491,花蓮縣政府,花蓮縣政府「委託經營管理鳳林社區公共托育家園」；花蓮縣政府「委託經營管理鳳林社區公共托育家園」(後續擴充案),同機關且標題核心相同，尚待人工確認是否為同一專案
candidate_f45cc7bab77e,全鄉道路設施改善,2016,2026,11,3,9567000,花蓮縣卓溪鄉公所,105年度全鄉道路設施改善工程；全鄉道路設施改善工程；115年度全鄉道路設施改善工程,同機關且標題核心相同，尚待人工確認是否為同一專案
candidate_8cfaa6664ebb,光復鄉小型零星開口契約,2021,2022,2,3,9535000,花蓮縣光復鄉公所,110年度光復鄉小型零星工程開口契約；111年度光復鄉小型零星工程開口契約；111年度光復鄉小型零星工程開口契約(第二期),同機關且標題核心相同，尚待人工確認是否為同一專案
candidate_3cc51085e2d0,花蓮縣農業生產環境農漁畜產品檢驗管制實施,2012,2015,4,4,9517838,花蓮縣政府,101年度花蓮縣農業生產環境及農漁畜產品檢驗管制實施計畫；102年度花蓮縣農業生產環境及農漁畜產品檢驗管制實施計畫；103年度花蓮縣農業生產環境及農漁畜產品檢驗管制實施計畫；100年度花蓮縣農業生產環境及農漁畜產品檢驗管制實施計畫,同機關且標題核心相同，尚待人工確認是否為同一專案
candidate_5187cde48b3a,花蓮縣消防局委託辦理高級救護技術員訓練,2018,2020,3,2,9502585,花蓮縣消防局,花蓮縣消防局委託辦理高級救護技術員訓練勞務採購案；花蓮縣消防局委託辦理高級救護技術員訓練勞務採購案-後續擴充,同機關且標題核心相同，尚待人工確認是否為同一專案
candidate_2a6431056b21,秀林鄉學生專車接送採購,2011,2012,2,2,9501950,花蓮縣秀林鄉公所,秀林鄉100年度學生專車接送採購；秀林鄉101年度學生專車接送採購,同機關且標題核心相同，尚待人工確認是否為同一專案
candidate_a62d5d7d63f6,基礎建設農產道路設施設備等改善維護北區開口契約,2017,2019,3,3,9500000,花蓮縣萬榮鄉公所,106年度基礎建設、農產道路及設施設備等改善及維護工程(北區開口契約)；107年基礎建設、農產道路及設施設備等改善及維護工程(北區開口契約)；108年基礎建設、農產道路及設施設備等改善及維護工程(北區開口契約),同機關且標題核心相同，尚待人工確認是否為同一專案
candidate_948475980810,花蓮縣警察局花蓮分局所屬廳舍整修,2024,2026,3,3,9495838,花蓮縣警察局,花蓮縣警察局花蓮分局所屬廳舍整修工程；花蓮縣警察局115年度花蓮分局所屬廳舍整修工程,同機關且標題核心相同，尚待人工確認是否為同一專案
candidate_d1eb419dd3e4,瑞穗鄉路燈汰換增設維護管理開口契約,2024,2026,3,3,9490000,花蓮縣瑞穗鄉公所,113年度瑞穗鄉路燈汰換增設及維護管理工程(開口契約)；114年度瑞穗鄉路燈汰換增設及維護管理工程(開口契約)；115年度瑞穗鄉路燈汰換增設及維護管理工程(開口契約),同機關且標題核心相同，尚待人工確認是否為同一專案
candidate_ddba6ed9274c,各村公共設施維護代表建議改善開口契約,2022,2023,2,2,9461800,花蓮縣瑞穗鄉公所,111年度各村公共設施維護及代表建議改善工程(開口契約)；112年度各村公共設施維護及代表建議改善工程(開口契約),同機關且標題核心相同，尚待人工確認是否為同一專案
candidate_ef89731fdf0d,花蓮縣身心障礙者居家式臨時照顧服務,2017,2023,7,5,9450000,花蓮縣政府,花蓮縣身心障礙者居家式臨時照顧服務,同機關且標題核心相同，尚待人工確認是否為同一專案
candidate_413566f7c445,紅葉村基礎建設,2021,2022,2,2,9430000,花蓮縣萬榮鄉公所,110年度紅葉村基礎建設工程；111年度紅葉村基礎建設工程,同機關且標題核心相同，尚待人工確認是否為同一專案
candidate_ba4cb8a6a987,花蓮縣向海致敬海岸整體清潔維護,2024,2026,3,3,9401000,花蓮縣環境保護局,花蓮縣113年「向海致敬-海岸整體清潔維護計畫」 勞務採購案；花蓮縣114年「向海致敬-海岸整體清潔維護計畫」 勞務採購案；花蓮縣115年「向海致敬-海岸整體清潔維護計畫」 勞務採購案,同機關且標題核心相同，尚待人工確認是否為同一專案
candidate_5fe9a97efd4e,縣政宣導刊物專業服務,2023,2024,2,3,9400500,花蓮縣政府,112年縣政宣導刊物專業服務案；113年縣政宣導刊物專業服務案；113年縣政宣導刊物專業服務案-第二次契約變更,同機關且標題核心相同，尚待人工確認是否為同一專案
candidate_c90fc5699526,花蓮縣111國中小校園高枝樹木修剪開口契約複數決標,2022,2023,2,2,9400000,花蓮縣吉安鄉宜昌國民小學,花蓮縣111-112年度國中小校園高枝樹木修剪勞務採購(開口契約/複數決標)；花蓮縣111-112年度國中小校園高枝樹木修剪勞務採購（開口契約/複數決標）後續擴充,同機關且標題核心相同，尚待人工確認是否為同一專案
candidate_13ecc9628ebe,花蓮縣113國中小校園高枝樹木修剪開口契約,2024,2025,2,2,9400000,花蓮縣吉安鄉宜昌國民小學,花蓮縣113-114年度國中小校園高枝樹木修剪勞務採購（開口契約）；花蓮縣113-114年度國中小校園高枝樹木修剪勞務採購（開口契約）後續擴充,同機關且標題核心相同，尚待人工確認是否為同一專案
candidate_610360d50767,花蓮縣政府花蓮區法律顧問,2019,2023,5,15,9388000,花蓮縣政府,108年度花蓮縣政府花蓮區法律顧問勞務採購案；109年度花蓮縣政府花蓮區法律顧問勞務採購後續擴充案；110年度花蓮縣政府花蓮區法律顧問勞務採購案後續擴充案；110年度花蓮縣政府花蓮區法律顧問勞務採購後續擴充案；110年度花蓮縣政府花蓮區法律顧問勞務採購案；111年度花蓮縣政府花蓮區法律顧問勞務採購案；112年度花蓮縣政府花蓮區法律顧問勞務採購後續擴充案；112年度花蓮縣政府花蓮區法律顧問勞務採購案後續擴充,同機關且標題核心相同，尚待人工確認是否為同一專案
candidate_9c5a7231385d,災害搶修搶險開口契約,2016,2020,5,5,9360000,花蓮縣萬榮鄉公所,105年度災害搶修搶險工程開口契約；106年度災害搶修搶險工程開口契約；107年度災害搶修搶險工程開口契約；108年度災害搶修搶險工程開口契約；109年度災害搶修搶險工程開口契約,同機關且標題核心相同，尚待人工確認是否為同一專案
candidate_b5b55891f379,花蓮縣政府委託經營管理花蓮縣婦女福利服務中心,2015,2018,4,3,9292356,花蓮縣政府,103年度花蓮縣政府委託經營管理花蓮縣婦女福利服務中心；花蓮縣政府委託經營管理花蓮縣婦女福利服務中心,同機關且標題核心相同，尚待人工確認是否為同一專案
candidate_7206c8554f3c,花蓮縣防汛備料財物採購,2022,2023,2,2,9253367,花蓮縣政府,111年度花蓮縣防汛備料財物採購案；112年度花蓮縣防汛備料財物採購案,同機關且標題核心相同，尚待人工確認是否為同一專案
candidate_773ccd801376,花蓮縣沿岸漁業漁港區設施緊急搶修險,2010,2011,2,2,9230000,花蓮縣政府,花蓮縣沿岸漁業及漁港區設施緊急搶修( 險 )工程,同機關且標題核心相同，尚待人工確認是否為同一專案
candidate_fefa2e44bcbc,花蓮縣就業博覽會,2014,2023,10,9,9227700,花蓮縣政府,花蓮縣103年度就業博覽會；花蓮縣105年度就業博覽會；花蓮縣106年度就業博覽會；花蓮縣107年度就業博覽會；花蓮縣108年度就業博覽會；花蓮縣109年度就業博覽會；花蓮縣110年度就業博覽會；花蓮縣111年度就業博覽會；花蓮縣112年度就業博覽會,同機關且標題核心相同，尚待人工確認是否為同一專案
candidate_9cb99f8143bd,吉安鄉都市雨水下水道清淤,2022,2026,5,10,9226000,花蓮縣吉安鄉公所,111年度吉安鄉都市計畫雨水下水道清淤工程；111年度吉安鄉都市計畫雨水下水道清淤工程(第二期)；112年度吉安鄉都市計畫雨水下水道清淤工程；112年度吉安鄉都市計畫雨水下水道清淤工程(第二期)；113年度吉安鄉都市計畫雨水下水道清淤工程；113年度吉安鄉都市計畫雨水下水道清淤工程(第二期)；114年度吉安鄉都市計畫雨水下水道清淤工程；114年度吉安鄉都市計畫雨水下水道清淤工程(第二期)；115年度吉安鄉都市計畫雨水下水道清淤工程；115年度吉安鄉都市計畫雨水下水道清淤工程(第二期),同機關且標題核心相同，尚待人工確認是否為同一專案
candidate_0df991de7937,秀林鄉本所辦公室附屬建物保全系統服務採購,2018,2026,9,9,9215080,花蓮縣秀林鄉公所,秀林鄉107年度本所辦公室暨附屬建物保全系統服務採購；秀林鄉108年度本所辦公室及附屬建物保全系統服務採購；秀林鄉109年度本所辦公室及附屬建物保全系統服務採購；秀林鄉110年度本所辦公室及附屬建物保全系統服務採購；秀林鄉111年度本所辦公室及附屬建物保全系統服務採購；秀林鄉112年度本所辦公室及附屬建物保全系統服務採購；秀林鄉113年度本所辦公室及附屬建物保全系統服務採購；秀林鄉114年度本所辦公室及附屬建物保全系統服務採購；秀林鄉115年度本所辦公室及附屬建物保全系統服務採購,同機關且標題核心相同，尚待人工確認是否為同一專案
candidate_1f0da916db2c,編號鄉道市區重要路段養護開口契約,2022,2024,3,4,9202000,花蓮縣壽豐鄉公所,111年度編號鄉道及市區重要路段養護工程(開口契約)；112年度編號鄉道及市區重要路段養護工程(開口契約)；112年度編號鄉道及市區重要路段養護工程(開口契約)第二期；113年度編號鄉道及市區重要路段養護工程(開口契約),同機關且標題核心相同，尚待人工確認是否為同一專案
candidate_3c3a8342cce8,性侵害被害人後續追蹤輔導服務方,2014,2023,10,7,9201500,花蓮縣政府,104年度性侵害被害人後續追蹤輔導服務方案；105年度性侵害被害人後續追蹤輔導服務方案；107年度性侵害被害人後續追蹤輔導服務方案；109年度性侵害被害人後續追蹤輔導服務方案；110年度性侵害被害人後續追蹤輔導服務方案；111年度性侵害被害人後續追蹤輔導服務方案；112年度性侵害被害人後續追蹤輔導服務方案,同機關且標題核心相同，尚待人工確認是否為同一專案
candidate_743ec6af60c1,原住民地區部落聯外道路災害搶險搶修開口契約,2010,2014,5,5,9130000,花蓮縣政府,99年度原住民地區『部落聯外道路』災害搶險搶修開口契約；100年度原住民地區『部落聯外道路』災害搶險搶修開口契約；101年度原住民地區『部落聯外道路』災害搶險搶修開口契約；102年度原住民地區『部落聯外道路』災害搶險搶修開口契約；103年度原住民地區『部落聯外道路』災害搶險搶修開口契約,同機關且標題核心相同，尚待人工確認是否為同一專案
candidate_de9897da0271,消防水帶採購,2010,2015,6,6,9128900,花蓮縣政府,消防水帶採購案；101年消防水帶採購案；102年消防水帶採購案；103年消防水帶採購案；104年消防水帶採購案,同機關且標題核心相同，尚待人工確認是否為同一專案
candidate_ffe0861723fe,阿美溪排水護堤改善,2023,2026,4,4,9120000,花蓮縣政府,112年度阿美溪排水護堤改善工程；113年度阿美溪排水護堤改善工程；115年度阿美溪排水護堤改善工程,同機關且標題核心相同，尚待人工確認是否為同一專案
candidate_9b55ce86e9b7,佐倉1號堤防堤頂步道改善,2022,2023,2,2,9116000,花蓮縣政府,111年度佐倉1號堤防堤頂步道改善工程；112年度佐倉1號堤防第二期堤頂步道改善工程,同機關且標題核心相同，尚待人工確認是否為同一專案
candidate_ec4b0aff397d,花蓮縣數學有感動手玩的數學巡迴展,2022,2023,2,2,9096000,花蓮縣立玉里國民中學,花蓮縣111年「數學有感-動手玩的數學巡迴展」勞務採購；花蓮縣112年數學有感-動手玩的數學巡迴展委託專業服務,同機關且標題核心相同，尚待人工確認是否為同一專案
candidate_089f75ff7cb8,花蓮縣視覺功能障礙者生活重建服務,2019,2023,5,6,9065201,花蓮縣政府,花蓮縣視覺功能障礙者生活重建服務,同機關且標題核心相同，尚待人工確認是否為同一專案
candidate_3947b4c3370f,改善偏遠地區國民中小學宿舍,2020,2021,2,2,9034654,花蓮縣玉里鎮玉里國民小學,108年度改善偏遠地區國民中小學宿舍計畫；110年度改善偏遠地區國民中小學宿舍工程,同機關且標題核心相同，尚待人工確認是否為同一專案
candidate_bf47b146dcc2,花蓮市區路燈維修路燈災害搶修,2015,2017,3,2,9025700,花蓮縣花蓮市公所,105年度花蓮市區路燈維修暨路燈災害搶修工程；106年度花蓮市區路燈維修暨路燈災害搶修工程,同機關且標題核心相同，尚待人工確認是否為同一專案
candidate_77d697537bbb,壽豐鄉路燈維修開口契約,2020,2024,5,5,9024800,花蓮縣壽豐鄉公所,壽豐鄉110年度路燈維修工程(開口契約)；壽豐鄉111年路燈維修(開口契約)；壽豐鄉112年度路燈維修工程(開口契約)；壽豐鄉113年路燈維修工程(開口契約),同機關且標題核心相同，尚待人工確認是否為同一專案
candidate_67724cc8b00e,花蓮水資源回收中心管線設備效能提升,2024,2025,2,2,9005779,花蓮縣政府,113年度花蓮水資源回收中心管線設備效能提升工程；113年度花蓮水資源回收中心管線設備效能提升工程-第一次變更設計,同機關且標題核心相同，尚待人工確認是否為同一專案
candidate_a628e8642471,原住民族部落土方運輸開口契約,2024,2025,2,2,9002889,花蓮縣政府,113年度原住民族部落工程土方運輸開口契約；113年度原住民族部落工程土方運輸開口契約後續擴充,同機關且標題核心相同，尚待人工確認是否為同一專案
candidate_9342bbc5864c,樂活花蓮智慧城鄉播種公務雲建置,2018,2020,3,2,9000000,花蓮縣政府,「107年度樂活花蓮智慧城鄉播種計畫」公務雲建置案；「107年度樂活花蓮智慧城鄉播種計畫」公務雲建置案第一次契約變更,同機關且標題核心相同，尚待人工確認是否為同一專案
candidate_736128529812,原住民族地區部落公共變更,2020,2022,3,2,9000000,花蓮縣政府,108年度原住民族地區部落公共工程規劃設計監造-變更；111年度原住民族地區部落公共工程規劃設計監造-變更,同機關且標題核心相同，尚待人工確認是否為同一專案
candidate_0a028d82a16d,花蓮縣地方創生輔導團,2024,2026,3,3,9000000,花蓮縣政府,花蓮縣地方創生輔導團；114年花蓮縣地方創生輔導團；115年花蓮縣地方創生輔導團委託專業服務案,同機關且標題核心相同，尚待人工確認是否為同一專案
candidate_aa80af0651f0,觀光旅遊節目宣傳服務,2025,2026,2,2,9000000,花蓮縣政府,114年觀光旅遊節目宣傳服務案；115年觀光旅遊節目宣傳服務案,同機關且標題核心相同，尚待人工確認是否為同一專案
candidate_143bbe2fa92b,災害搶修開口契約,2011,2015,5,5,8998000,花蓮縣萬榮鄉公所,100年度災害搶修工程開口契約；101年度災害搶修工程開口契約；102年度災害搶修工程開口契約；103年度災害搶修工程開口契約；104年度災害搶修工程開口契約,同機關且標題核心相同，尚待人工確認是否為同一專案
candidate_2a9921e5e6da,全鄉公共建設,2014,2016,3,3,8990000,花蓮縣吉安鄉公所,全鄉公共建設工程,同機關且標題核心相同，尚待人工確認是否為同一專案
candidate_214f5caa9834,2022太平洋燈會宮廷燈燈籠裝飾,2021,2022,2,2,8979295,花蓮縣政府,2022太平洋燈會宮廷燈暨燈籠裝飾勞務採購案,同機關且標題核心相同，尚待人工確認是否為同一專案
candidate_af562c8f2e6c,瑞穗鄉都市雨水下水道清淤開口契約,2018,2026,9,9,8978750,花蓮縣瑞穗鄉公所,107年瑞穗鄉都市計畫雨水下水道清淤工程(開口契約)；108年度瑞穗鄉都市計畫雨水下水道清淤工程(開口契約)；109年度瑞穗鄉都市計畫雨水下水道清淤工程(開口契約)；110年度瑞穗鄉都市計畫雨水下水道清淤工程(開口契約)；111年度瑞穗鄉都市計畫雨水下水道清淤工程(開口契約)；112年度瑞穗鄉都市計畫雨水下水道清淤工程(開口契約)；113年度瑞穗鄉都市計畫雨水下水道清淤工程(開口契約)；114年度瑞穗鄉都市計畫雨水下水道清淤工程(開口契約)；115年度瑞穗鄉都市計畫雨水下水道清淤工程(開口契約),同機關且標題核心相同，尚待人工確認是否為同一專案
candidate_0acb68bf656b,編號鄉道市區道路重要路段養護開口契約,2011,2013,3,3,8960000,花蓮縣壽豐鄉公所,編號鄉道及市區道路重要路段養護工程(開口契約)；編號鄉道及市區道路重要路段養護工程（開口契約）,同機關且標題核心相同，尚待人工確認是否為同一專案
candidate_3b2f1f718a35,花蓮縣政府委託經營管理花蓮市社區公共托育家園,2019,2021,3,2,8948000,花蓮縣政府,花蓮縣政府「委託經營管理花蓮市社區公共托育家園」；花蓮縣政府「委託經營管理花蓮市社區公共托育家園」(後續擴充案),同機關且標題核心相同，尚待人工確認是否為同一專案
candidate_864469bd3dd8,花蓮縣政府委託辦理花蓮縣居家托育服務中心,2019,2023,5,4,8910000,花蓮縣政府,花蓮縣政府委託辦理109年度花蓮縣居家托育服務中心；花蓮縣政府委託辦理110年度花蓮縣居家托育服務中心；花蓮縣政府委託辦理111年度花蓮縣居家托育服務中心(後續擴充案)；花蓮縣政府委託辦理112年度花蓮縣居家托育服務中心,同機關且標題核心相同，尚待人工確認是否為同一專案
candidate_dfdefd1d2938,國家紀念日元旦國慶日懸掛國旗財物採購,2019,2021,3,3,8878100,花蓮縣政府,108年國家紀念日（元旦暨國慶日）懸掛國旗財物採購案；109年國家紀念日（元旦暨國慶日）懸掛國旗財物採購案,同機關且標題核心相同，尚待人工確認是否為同一專案
candidate_5d507f9b6841,花蓮縣警察局局本部廳舍整修,2023,2024,2,2,8870000,花蓮縣警察局,花蓮縣警察局局本部廳舍整修工程,同機關且標題核心相同，尚待人工確認是否為同一專案
candidate_0bbe1e101410,《花蓮客家》季刊影音短片出版,2022,2024,3,3,8850000,花蓮縣政府,111年《花蓮客家》季刊暨影音短片出版計畫；112年《花蓮客家》季刊暨影音短片出版計畫；113年《花蓮客家》季刊暨影音短片出版計畫,同機關且標題核心相同，尚待人工確認是否為同一專案
candidate_f9a9a2d6df22,花蓮縣南區道路設施含排水溝擋土牆改善開口契約,2014,2015,2,2,8840000,花蓮縣政府,103年度花蓮縣南區道路設施（含排水溝、擋土牆）第一期改善工程(開口契約)；104年度花蓮縣南區第1期道路設施(含排水溝、擋土牆)改善工程(開口契約),同機關且標題核心相同，尚待人工確認是否為同一專案
candidate_0a2a6a77c0f0,花蓮縣政府所屬一級機關歲末員工聯歡餐會,2016,2026,11,7,8837500,花蓮縣政府,花蓮縣政府暨所屬一級機關104年歲末員工聯歡餐會第二次勞務採購案；花蓮縣政府及所屬一級機關109年度歲末員工聯歡餐會勞務採購案；花蓮縣政府及所屬一級機關110年度歲末員工聯歡餐會勞務採購案；花蓮縣政府及所屬一級機關111年歲末員工聯歡餐會勞務採購案；花蓮縣政府及所屬一級機關112年歲末員工聯歡餐會勞務採購案；花蓮縣政府及所屬一級機關113年歲末員工聯歡餐會勞務採購案；花蓮縣政府及所屬一級機關114年度歲末員工聯歡餐會勞務採購案,同機關且標題核心相同，尚待人工確認是否為同一專案
candidate_94f6ea719776,花蓮縣推動低碳生活實踐調適執行績效評比,2015,2016,2,2,8830000,花蓮縣環境保護局,105年度「花蓮縣推動低碳生活實踐與調適執行績效評比計畫」；106年度「花蓮縣推動低碳生活實踐與調適執行績效評比計畫」,同機關且標題核心相同，尚待人工確認是否為同一專案
candidate_b8108cda6621,各村路燈維修作業開口契約,2017,2022,6,6,8809200,花蓮縣萬榮鄉公所,106年度各村路燈維修作業開口契約；107年度各村路燈維修作業開口契約；109年度各村路燈維修作業開口契約；110年度各村路燈維修作業開口契約；111年度各村路燈維修作業開口契約；112年度各村路燈維修作業開口契約,同機關且標題核心相同，尚待人工確認是否為同一專案
candidate_ca561119d0be,鳳林鎮災害搶修搶險開口契約,2023,2026,4,4,8780000,花蓮縣鳳林鎮公所,112年度鳳林鎮災害搶修搶險工程開口契約；113年度鳳林鎮災害搶修搶險工程(開口契約)；114年度鳳林鎮災害搶修搶險工程(開口契約)；115年度鳳林鎮災害搶修搶險工程(開口契約),同機關且標題核心相同，尚待人工確認是否為同一專案
candidate_da703a68470f,花蓮縣違章建築拆除開口契約,2011,2025,15,10,8762505,花蓮縣政府,花蓮縣100年違章建築拆除工程(開口契約)；花蓮縣違章建築拆除工程(開口契約)；103年度花蓮縣違章建築拆除工程（開口契約）；104年度花蓮縣違章建築拆除工程(開口契約)；108年度花蓮縣違章建築拆除工程(開口契約)；109年度花蓮縣違章建築拆除工程 （開口契約）；110年度花蓮縣違章建築拆除工程（開口契約）；112年度花蓮縣違章建築拆除工程(開口契約)；113年度花蓮縣違章建築拆除工程（開口契約）；「114年度花蓮縣違章建築拆除工程（開口契約）,同機關且標題核心相同，尚待人工確認是否為同一專案
candidate_923a3e5a208f,豐濱國小宿舍整建,2017,2019,3,2,8760000,花蓮縣政府,106年度豐濱國小宿舍整建工程採購；豐濱國小107年度宿舍整建工程,同機關且標題核心相同，尚待人工確認是否為同一專案
candidate_c6194411d052,美崙山多功能運動休憩環境景觀營造提升,2018,2019,2,3,8753106,花蓮縣政府,美崙山多功能運動休憩環境及景觀營造提升計畫委託技術服務；美崙山多功能運動休憩環境及景觀營造提升計畫工程；美崙山多功能運動休憩環境及景觀營造提升計畫工程-第一次變更設計,同機關且標題核心相同，尚待人工確認是否為同一專案
candidate_f54e0e782886,花蓮縣都市書圖重製整合應用建置委託監審,2015,2018,4,5,8739467,花蓮縣政府,花蓮縣都市計畫書圖重製暨整合應用計畫第一期建置委託監審案；花蓮縣都市計畫書圖重製暨整合應用計畫第二期建置委託監審案；花蓮縣都市計畫書圖重製暨整合應用計畫第三期建置委託監審案；花蓮縣都市計畫書圖重製暨整合應用計畫第四期建置委託監審案；花蓮縣都市計畫書圖重製暨整合應用計畫第五期建置委託監審案,同機關且標題核心相同，尚待人工確認是否為同一專案
candidate_26afd267a26e,花蓮縣政府委託辦理花蓮縣共親職支援中心,2021,2026,6,6,8730000,花蓮縣政府,花蓮縣政府委託辦理110年度花蓮縣共親職支援中心；花蓮縣政府委託辦理111年度花蓮縣共親職支援中心(後續擴充案)；花蓮縣政府委託辦理「112年度花蓮縣共親職支援中心」；花蓮縣政府委託辦理「113年度花蓮縣共親職支援中心」；花蓮縣政府委託辦理「114年度花蓮縣共親職支援中心」（後續擴充案）；花蓮縣政府委託辦理「115年度花蓮縣共親職支援中心」,同機關且標題核心相同，尚待人工確認是否為同一專案
candidate_e0223a1c39b9,豐裡排水改善,2011,2015,5,3,8730000,花蓮縣政府,豐裡排水改善工程,同機關且標題核心相同，尚待人工確認是否為同一專案
candidate_49fdb2a2e4cc,立山村山里橋一號山里橋樑景觀照明,2018,2019,2,2,8708540,花蓮縣卓溪鄉公所,107年立山村山里橋一號及山里橋樑景觀照明工程,同機關且標題核心相同，尚待人工確認是否為同一專案
candidate_567b92f69109,太巴塱祭祀廣場部落驛站建構傳統會所材料採集,2022,2024,3,2,8697984,花蓮縣政府,太巴塱祭祀廣場部落驛站建構第二期計畫-傳統會所興建工程材料採集；太巴塱祭祀廣場部落驛站建構第二期-傳統會所材料採集工程(第一次契約變更),同機關且標題核心相同，尚待人工確認是否為同一專案
candidate_00d4e9fc7fce,農路改善農業灌溉農村建設等委託設計監造技術服務工作,2012,2013,2,2,8625900,花蓮縣政府,101年度農路改善、農業灌溉及農村建設等工程委託設計監造技術服務工作；102年度農路改善、農業灌溉及農村建設等工程委託設計監造技術服務工作,同機關且標題核心相同，尚待人工確認是否為同一專案
candidate_96299c5a3505,花蓮縣萬榮鄉北區公共設施委託設計監造技術服務,2016,2017,2,2,8585250,花蓮縣萬榮鄉公所,105年度花蓮縣萬榮鄉(北區)公共設施工程委託設計及監造技術服務；106年度花蓮縣萬榮鄉(北區)公共設施工程委託設計及監造技術服務,同機關且標題核心相同，尚待人工確認是否為同一專案
candidate_3b38e77dd3ca,花蓮縣清明掃墓便民服務措施鮮花採購,2021,2024,4,5,8585200,花蓮縣政府,花蓮縣110年度清明掃墓便民服務措施鮮花採購案；花蓮縣111年度清明掃墓便民服務措施鮮花採購案；花蓮縣112年度清明掃墓便民服務措施鮮花採購案；花蓮縣113年度清明掃墓便民服務措施鮮花採購案；花蓮縣113年度清明掃墓便民服務措施鮮花採購案後續擴充,同機關且標題核心相同，尚待人工確認是否為同一專案
candidate_f37c2e405149,秀林鄉本所圖書館幼兒園等辦公室電腦資訊維護服務採購,2018,2026,9,9,8581000,花蓮縣秀林鄉公所,秀林鄉107年度本所、圖書館暨幼兒園等辦公室電腦資訊維護服務採購；秀林鄉108年度本所、圖書館暨幼兒園等辦公室電腦資訊維護服務採購；秀林鄉109年度本所、圖書館暨幼兒園等辦公室電腦資訊維護服務採購；秀林鄉110年度本所、圖書館暨幼兒園等辦公室電腦資訊維護服務採購；秀林鄉111年度本所、圖書館暨幼兒園等辦公室電腦資訊維護服務採購；秀林鄉112年度本所、圖書館暨幼兒園等辦公室電腦資訊維護服務採購；秀林鄉113年度本所、圖書館暨幼兒園等辦公室電腦資訊維護服務採購；秀林鄉114年度本所、圖書館暨幼兒園等辦公室電腦資訊維護服務採購；秀林鄉115年度本所、圖書館暨幼兒園等辦公室電腦資訊維護服務採購,同機關且標題核心相同，尚待人工確認是否為同一專案
candidate_63a60ada80fa,中園排水改善,2010,2014,5,4,8578000,花蓮縣政府,中園排水改善工程；中園排水改善工程(第二期),同機關且標題核心相同，尚待人工確認是否為同一專案
candidate_8811fd7f032a,花蓮縣政府縣市共推住商節電推動,2018,2019,2,2,8563972,花蓮縣政府,107年花蓮縣政府縣市共推住商節電推動計畫勞務採購案；108年花蓮縣政府縣市共推住商節電推動計畫勞務採購案第一次後續擴充,同機關且標題核心相同，尚待人工確認是否為同一專案
candidate_dd18a466d681,花蓮縣警察局鳳林分局所屬廳舍整修,2024,2026,3,3,8550000,花蓮縣警察局,花蓮縣警察局鳳林分局所屬廳舍整修工程；花蓮縣警察局115年度鳳林分局所屬廳舍整修工程,同機關且標題核心相同，尚待人工確認是否為同一專案
candidate_5fc644856409,玉里鎮路面維修,2022,2023,2,2,8526000,花蓮縣玉里鎮公所,111年度玉里鎮路面維修工程；112年度玉里鎮路面維修工程,同機關且標題核心相同，尚待人工確認是否為同一專案
candidate_6625caad8b4c,樹湖溪排水改善,2010,2011,2,2,8489000,花蓮縣政府,樹湖溪排水改善工程,同機關且標題核心相同，尚待人工確認是否為同一專案
candidate_e186b388eeb4,編號鄉道市區道路重要路段養護花蓮市區人行道改善,2015,2016,2,2,8440000,花蓮縣花蓮市公所,編號鄉道及市區道路重要路段養護工程-花蓮市區人行道改善工程,同機關且標題核心相同，尚待人工確認是否為同一專案
candidate_24837dd37864,花蓮市區路燈維修汰舊換新,2010,2014,5,5,8429124,花蓮縣花蓮市公所,99年度花蓮市區路燈維修(汰舊換新)工程；101年度花蓮市區路燈維修(汰舊換新)工程；102年度花蓮市區路燈維修（汰舊換新）工程；103年度花蓮市區路燈維修（汰舊換新）工程；104年度花蓮市區路燈維修（汰舊換新）工程,同機關且標題核心相同，尚待人工確認是否為同一專案
candidate_95ea5099eacd,愛心禮券採購,2019,2025,7,7,8425550,花蓮縣花蓮市公所,109年度愛心禮券採購；110年度愛心禮券採購；111年度愛心禮券採購；112年度愛心禮券採購；113年度愛心禮券採購；114年度愛心禮券採購；115年度愛心禮券採購,同機關且標題核心相同，尚待人工確認是否為同一專案
candidate_bd76da7e10c9,公共設計監造技術服務開口契約,2023,2024,2,2,8415000,花蓮縣富里鄉公所,113年度公共工程設計監造技術服務開口契約,同機關且標題核心相同，尚待人工確認是否為同一專案
candidate_8941dbf97baa,中南區等七處排水溝擋土牆,2022,2023,2,2,8409010,花蓮縣政府,111年度中南區等七處排水溝、擋土牆工程；111年度中南區等七處排水溝、擋土牆工程第一次變更設計,同機關且標題核心相同，尚待人工確認是否為同一專案
candidate_035614564686,崇德村道路排水溝公共設施改善,2016,2020,5,2,8370000,花蓮縣秀林鄉公所,崇德村道路排水溝及公共設施改善工程,同機關且標題核心相同，尚待人工確認是否為同一專案
candidate_4b476a95a389,花蓮縣振興購物節委託執行,2021,2022,2,2,8350000,花蓮縣政府,花蓮縣振興購物節委託執行案；111年度花蓮縣振興購物節委託執行案,同機關且標題核心相同，尚待人工確認是否為同一專案
candidate_b13ac599f771,花蓮縣瀕危物種重要棲地生態服務給付推動專業服務採購,2024,2025,2,3,8289718,花蓮縣政府,112年花蓮縣瀕危物種及重要棲地生態服務給付推動計畫專業服務採購案；113年花蓮縣瀕危物種及重要棲地生態服務給付推動計畫專業服務採購案；114年花蓮縣瀕危物種及重要棲地生態服務給付推動計畫專業服務採購案,同機關且標題核心相同，尚待人工確認是否為同一專案
candidate_ffaea3ae35a2,吉安鄉災害搶修,2010,2014,5,4,8288000,花蓮縣吉安鄉公所,吉安鄉99年度災害搶修工程；吉安鄉101年度災害搶修工程；吉安鄉102年度災害搶修工程；吉安鄉103年度災害搶修工程,同機關且標題核心相同，尚待人工確認是否為同一專案
candidate_948f7b79ad87,都市雨水下水道清淤,2017,2024,8,13,8269000,花蓮縣鳳林鎮公所,106年度都市計畫雨水下水道清淤工程；106年度都市計畫雨水下水道第二次清淤工程；107年度都市計畫雨水下水道清淤工程；107年度都市計畫雨水下水道第二次清淤工程；108年度都市計畫雨水下水道清淤工程；108年度都市計畫雨水下水道第二次清淤工程；109年度都市計畫雨水下水道清淤工程；110年度都市計畫雨水下水道清淤工程；111年度都市計畫雨水下水道清淤工程；111年度都市計畫雨水下水道第2期清淤工程；112年度都市計畫雨水下水道清淤工程；112年度都市計畫雨水下水道第2期清淤工程；113年度都市計畫雨水下水道第二期清淤工程,同機關且標題核心相同，尚待人工確認是否為同一專案
candidate_c1f30f0523fd,花蓮縣中區區域性垃圾衛生掩埋場環境監測委託監測服務,2010,2025,16,8,8266800,花蓮縣鳳林鎮公所,99年度花蓮縣中區區域性垃圾衛生掩埋場環境監測計畫委託監測服務；花蓮縣中區區域性垃圾衛生掩埋場環境監測計畫委託監測服務；102年度花蓮縣中區區域性垃圾衛生掩埋場環境監測計畫委託監測服務；103年度花蓮縣中區區域性垃圾衛生掩埋場環境監測計畫委託監測服務；106年度「花蓮縣中區區域性垃圾衛生掩埋場」環境監測計畫委託監測服務案；113年度「花蓮縣中區區域性垃圾衛生掩埋場」環境監測計畫委託監測服務案；114年度「花蓮縣中區區域性垃圾衛生掩埋場」環境監測計畫委託監測服務案；115年度花蓮縣中區區域性垃圾衛生掩埋場環境監測計畫委託監測服務案,同機關且標題核心相同，尚待人工確認是否為同一專案
candidate_4a4d08dccb66,全鄉各村道路其他基礎等設施改善開口契約,2021,2023,3,2,8266000,花蓮縣卓溪鄉公所,111年度全鄉各村道路及其他基礎等設施改善工程開口契約；112年度全鄉各村道路及其他基礎等設施改善工程開口契約,同機關且標題核心相同，尚待人工確認是否為同一專案
candidate_fc2b4b079e7f,補助十三鄉鎮市區域排水一般排水清淤,2016,2024,9,15,8251700,花蓮縣鳳林鎮公所,105年度補助十三鄉鎮市區域排水及一般排水清淤工程；106年度補助十三鄉鎮市區域排水及一般排水清淤工程；107年度補助十三鄉鎮市區域排水及一般排水清淤工程；107年度補助十三鄉鎮市區域排水及一般排水第二次清淤工程；108年度補助十三鄉鎮市區域排水及一般排水清淤工程；108年度補助十三鄉鎮市區域排水及一般排水第2期清淤工程；109年度補助十三鄉鎮市區域排水及一般排水清淤工程；109年度補助十三鄉鎮市區域排水及一般排水第二期清淤工程；110年度補助十三鄉鎮市區域排水及一般排水清淤工程；110年度補助十三鄉鎮市區域排水及一般排水第2期清淤工程；111年度補助十三鄉鎮市區域排水及一般排水清淤工程；111年度補助十三鄉鎮市區域排水及一般排水第2期清淤工程；112年度補助十三鄉鎮市區域排水及一般排水清淤工程；112年度補助十三鄉鎮市區域排水及一般排水第2期清淤工程；113年度補助十三鄉鎮市區域排水及一般排水清淤工程,同機關且標題核心相同，尚待人工確認是否為同一專案
candidate_1cbfbc43de63,美崙山生態公園知卡宣綠森林親水公園等公共區域植栽設施搶險搶修開口契約,2022,2026,5,5,8240065,花蓮縣政府,111年度美崙山生態公園及知卡宣綠森林親水公園等公共區域植栽、設施搶險搶修開口契約；112年度美崙山生態公園及知卡宣綠森林親水公園等公共區域植栽、設施搶險搶修開口契約；113年度美崙山生態公園及知卡宣綠森林親水公園等公共區域植栽、設施搶險搶修開口契約；114年度美崙山生態公園及知卡宣綠森林親水公園等公共區域植栽、設施搶險搶修開口契約；115年度美崙山生態公園及知卡宣綠森林親水公園等公共區域植栽、設施搶險搶修開口契約,同機關且標題核心相同，尚待人工確認是否為同一專案
candidate_8b742c1e22d4,重陽節敬老禮券乙批,2010,2011,2,2,8235000,花蓮縣花蓮市公所,99年度重陽節敬老禮券乙批；100年度重陽節敬老禮券乙批,同機關且標題核心相同，尚待人工確認是否為同一專案
candidate_3e077a76d5ca,編號鄉道市區道路重要路段養護,2011,2023,13,8,8223000,花蓮縣新城鄉公所,100年度編號鄉道及市區道路重要路段養護工程；103年度編號鄉道及市區道路重要路段養護工程；104年度編號鄉道及市區道路重要路段養護工程；105年度編號鄉道及市區道路重要路段養護工程；106年度編號鄉道及市區道路重要路段養護工程；107年度編號鄉道及市區道路重要路段養護工程；編號鄉道及市區道路重要路段養護工程；112年度編號鄉道及市區道路重要路段養護工程,同機關且標題核心相同，尚待人工確認是否為同一專案
candidate_0c2a81397090,玉里鎮樂合里農水路災害復建,2014,2015,2,2,8220000,花蓮縣政府,玉里鎮樂合里農水路災害復建工程；103年玉里鎮樂合里農水路災害復建工程,同機關且標題核心相同，尚待人工確認是否為同一專案
candidate_4b9083dae147,環保耶誕樹點燈活動,2020,2023,4,4,8200153,花蓮縣環境保護局,109年度環保耶誕樹點燈活動計畫案；110年度環保耶誕樹點燈活動計畫案；111年度環保耶誕樹點燈活動計畫案；112年度環保耶誕樹點燈活動計畫,同機關且標題核心相同，尚待人工確認是否為同一專案
candidate_110ab6eb6f07,和平村和中部落牆面美化,2025,2026,2,2,8195000,花蓮縣秀林鄉公所,和平村和中部落牆面美化工程；和平村和中部落牆面美化工程(第二期),同機關且標題核心相同，尚待人工確認是否為同一專案
candidate_2b844c0477ba,水環境巡守隊經營水污染管理,2025,2026,2,2,8190000,花蓮縣環境保護局,114年度水環境巡守隊經營暨水污染管理計畫；115年度水環境巡守隊經營暨水污染管理計畫,同機關且標題核心相同，尚待人工確認是否為同一專案
candidate_a761484ba05b,玉里鎮路面鋪設,2019,2020,2,2,8180000,花蓮縣玉里鎮公所,108年度玉里鎮路面鋪設工程；109年度玉里鎮路面鋪設工程,同機關且標題核心相同，尚待人工確認是否為同一專案
candidate_8874be446f25,花蓮縣新城鄉全鄉鄉民團體傷害保險,2021,2025,5,5,8164001,花蓮縣新城鄉公所,花蓮縣新城鄉110年度全鄉鄉民團體傷害保險；花蓮縣新城鄉112年度全鄉鄉民團體傷害保險；花蓮縣新城鄉113年度全鄉鄉民團體傷害保險；花蓮縣新城鄉114年度全鄉鄉民團體傷害保險；花蓮縣新城鄉115年度全鄉鄉民團體傷害保險,同機關且標題核心相同，尚待人工確認是否為同一專案
candidate_1b461068d978,編號鄉道市區道路重要路段養護道路挖掘修復改善,2017,2018,2,2,8140000,花蓮縣鳳林鎮公所,106年度編號鄉道及市區道路重要路段養護暨道路挖掘修復改善工程；107年度編號鄉道及市區道路重要路段養護暨道路挖掘修復改善工程,同機關且標題核心相同，尚待人工確認是否為同一專案
candidate_d60cb609283d,新城鄉建築類委託設計監造服務開口契約,2018,2022,5,3,8134000,花蓮縣新城鄉公所,新城鄉107年度建築類委託設計監造服務開口契約；新城鄉109年度建築類委託設計監造服務開口契約；新城鄉111年度建築類委託設計監造服務開口契約,同機關且標題核心相同，尚待人工確認是否為同一專案
candidate_d44610f52205,萬榮排水護岸延建,2024,2025,2,2,8123000,花蓮縣政府,113年度萬榮排水護岸延建工程；114年度萬榮排水護岸延建工程,同機關且標題核心相同，尚待人工確認是否為同一專案
candidate_74d9ce8eb82a,花蓮縣下水道維護搶修險開口契約,2012,2014,3,2,8110000,花蓮縣政府,101年度花蓮縣下水道維護及搶修（險）工程開口契約；100年度花蓮縣下水道維護及搶修(險)工程開口契約,同機關且標題核心相同，尚待人工確認是否為同一專案
candidate_7986439e00f1,水稻葉穗稻熱病綜合防治改進採購,2011,2018,8,6,8083440,花蓮縣富里鄉公所,100年度水稻葉穗稻熱病綜合防治與改進計畫採購案；101年度水稻葉穗稻熱病綜合防治與改進計畫採購案；104年度水稻葉穗稻熱病綜合防治與改進計畫採購案；105年度水稻葉穗稻熱病綜合防治與改進計畫採購案；106年度水稻葉穗稻熱病綜合防治與改進計畫採購案；107年度水稻葉穗稻熱病綜合防治與改進計畫採購案,同機關且標題核心相同，尚待人工確認是否為同一專案
candidate_4352770687fe,推展縣政公關摸彩品平板電腦單槽洗衣機液晶電視機採購開口契約,2015,2018,4,4,8056850,花蓮縣政府,104年度推展縣政公關－摸彩品－平板電腦、單槽洗衣機、液晶電視機採購(開口契約)；105年度推展縣政公關－摸彩品－平板電腦、單槽洗衣機、液晶電視機採購(開口契約)；106年度推展縣政公關－摸彩品－平板電腦、單槽洗衣機、液晶電視機採購(開口契約)；107年度推展縣政公關－摸彩品－平板電腦、單槽洗衣機、液晶電視機採購(開口契約),同機關且標題核心相同，尚待人工確認是否為同一專案
candidate_5abb01964646,花蓮縣消防局山水域救災裝備器材1批分項決標,2025,2026,2,2,8011000,花蓮縣消防局,花蓮縣消防局114年山水域救災裝備器材1批(分項決標)；花蓮縣消防局115年山水域救災裝備器材1批(分項決標),同機關且標題核心相同，尚待人工確認是否為同一專案
candidate_4071c765cab4,加強公務和諧連繫摸彩品不鏽鋼電鍋採購開口契約,2021,2023,3,3,8000000,花蓮縣政府,110年度加強公務和諧連繫-摸彩品-不鏽鋼電鍋採購(開口契約)；110年度加強公務和諧連繫-摸彩品-不鏽鋼電鍋採購(開口契約)後續擴充案；112年度加強公務和諧連繫-摸彩品-不鏽鋼電鍋採購(開口契約),同機關且標題核心相同，尚待人工確認是否為同一專案
candidate_dd7f654727bd,美崙溪防汛儲備塊,2010,2018,9,5,7970000,花蓮縣政府,美崙溪防汛儲備塊工程；107年度美崙溪防汛儲備塊工程,同機關且標題核心相同，尚待人工確認是否為同一專案
candidate_16e9efd3efac,花蓮縣營建廢棄物清除處理機構稽查管制,2024,2026,3,2,7960000,花蓮縣環境保護局,113年度花蓮縣「營建廢棄物清除及處理機構稽查管制計畫」；115年度花蓮縣營建廢棄物清除及處理機構稽查管制計畫,同機關且標題核心相同，尚待人工確認是否為同一專案
candidate_142305c0d583,安通部落聯絡特色道路設施改善,2016,2017,2,2,7946000,花蓮縣政府,安通部落聯絡特色道路及設施改善工程,同機關且標題核心相同，尚待人工確認是否為同一專案
candidate_3e158465bda6,消防衣帽鞋採購,2013,2014,2,2,7945000,花蓮縣政府,102年消防衣帽鞋採購案；103年消防衣帽鞋採購案,同機關且標題核心相同，尚待人工確認是否為同一專案
candidate_a6a10679315e,光復鄉小型零星含復建委託設計監造技術服務開口契約,2011,2012,2,2,7933440,花蓮縣光復鄉公所,光復鄉100年度小型零星(含復建)工程委託設計及監造技術服務開口契約；光復鄉101年度小型零星(含復建)工程委託設計及監造技術服務開口契約,同機關且標題核心相同，尚待人工確認是否為同一專案
candidate_be2b1bafdccc,美崙山知卡宣曼波園區環境設施改善開口契約,2019,2024,6,6,7897101,花蓮縣政府,108年度美崙山、知卡宣及曼波園區環境設施改善工程委託技術服務(開口契約)；109年度美崙山、知卡宣及曼波園區環境設施改善工程委託技術服務(開口契約)；110年度美崙山、知卡宣及曼波園區環境設施改善工程委託技術服務(開口契約)；111年度美崙山、知卡宣及曼波園區環境設施改善工程委託技術服務(開口契約)；112年度美崙山、知卡宣及曼波園區環境設施改善工程委託技術服務(開口契約)；113年度美崙山、知卡宣及曼波園區環境設施改善工程委託技術服務(開口契約),同機關且標題核心相同，尚待人工確認是否為同一專案
candidate_942d45bf46c3,玉里鎮都市雨水下水道清淤,2013,2026,14,8,7877507,花蓮縣玉里鎮公所,玉里鎮都市計畫雨水下水道清淤工程；104年玉里鎮都市計畫雨水下水道清淤工程；109年度玉里鎮都市計畫雨水下水道清淤工程；110年暨111年度玉里鎮都市計畫雨水下水道清淤工程；112年度玉里鎮都市計畫雨水下水道清淤工程；113年度玉里鎮都市計畫雨水下水道清淤工程；114年度玉里鎮都市計畫雨水下水道清淤工程；玉里鎮115年度都市計畫雨水下水道清淤工程,同機關且標題核心相同，尚待人工確認是否為同一專案
candidate_97344a5c6545,花蓮縣漁業災害復建開口契約,2024,2026,3,2,7856720,花蓮縣政府,113年度花蓮縣漁業及災害復建工程委託技術服務工作開口契約；115年度花蓮縣漁業及災害復建工程委託技術服務(開口契約),同機關且標題核心相同，尚待人工確認是否為同一專案
candidate_6de2a215368a,原住民族地區部落聯絡道路養護經費分配執行,2023,2026,4,4,7836799,花蓮縣壽豐鄉公所,原住民族地區部落聯絡道路養護經費分配及執行計畫；113年度原住民族地區部落聯絡道路養護經費分配及執行計畫,同機關且標題核心相同，尚待人工確認是否為同一專案
candidate_70ce872bd770,花蓮縣壽豐鄉全鄉鄉民團體傷害保險,2022,2023,2,3,7831467,花蓮縣壽豐鄉公所,花蓮縣壽豐鄉111年度全鄉鄉民團體傷害保險；花蓮縣壽豐鄉112年度全鄉鄉民團體傷害保險；花蓮縣壽豐鄉113年度全鄉鄉民團體傷害保險,同機關且標題核心相同，尚待人工確認是否為同一專案
candidate_ada54a2c3e0f,花蓮原鄉e市集網站營運行銷,2016,2022,7,3,7830000,花蓮縣政府,花蓮原鄉e市集網站營運及行銷計畫；108年花蓮原鄉e市集網站營運及行銷計畫；111年花蓮原鄉e市集網站營運及行銷計畫,同機關且標題核心相同，尚待人工確認是否為同一專案
candidate_4f31c2c44814,學田村管線抽換AC路面修護,2012,2013,2,2,7830000,花蓮縣富里鄉公所,學田村管線抽換AC路面修護工程；學田村管線抽換AC路面修護第二期工程,同機關且標題核心相同，尚待人工確認是否為同一專案
candidate_d51ad781c3f7,花蓮縣自然淨化溼地活化水環境維護管理,2015,2016,2,2,7800000,花蓮縣環境保護局,105年度花蓮縣自然淨化溼地活化暨水環境維護管理計畫；106年度花蓮縣自然淨化溼地活化暨水環境維護管理計畫,同機關且標題核心相同，尚待人工確認是否為同一專案
candidate_27797b9a0ef2,花蓮縣環境保護局花蓮縣河川揚塵預警宣導防制,2011,2012,2,2,7790000,花蓮縣政府,花蓮縣環境保護局「100年度花蓮縣河川揚塵預警、宣導及防制計畫」；花蓮縣環境保護局「101年度花蓮縣河川揚塵預警、宣導及防制計畫」,同機關且標題核心相同，尚待人工確認是否為同一專案
candidate_fa9ed7b43362,花蓮縣綜合發展實施方滾動檢討推動執行,2015,2016,2,2,7790000,花蓮縣政府,104年度花蓮縣綜合發展實施方案滾動檢討及推動執行計畫；105年度花蓮縣綜合發展實施方案滾動檢討及推動執行計畫,同機關且標題核心相同，尚待人工確認是否為同一專案
candidate_9b10064e858e,縣政宣導片廣告有線電視託播,2019,2026,8,8,7780218,花蓮縣政府,108年縣政宣導片(廣告)有線電視託播案；109年縣政宣導片(廣告)有線電視託播案；110年縣政宣導片(廣告)有線電視託播案；111年縣政宣導片（廣告）有線電視託播案；112年縣政宣導片(廣告)有線電視託播案；113年縣政宣導片(廣告)有線電視託播案；114年縣政宣導片(廣告)有線電視託播案；115年縣政宣導片(廣告)有線電視託播案,同機關且標題核心相同，尚待人工確認是否為同一專案
candidate_72ccca945c73,花蓮市原住民義務幹部組織觀摩研習活動,2015,2026,12,12,7774490,花蓮縣花蓮市公所,104年度花蓮市原住民義務幹部組織觀摩研習活動；105年度花蓮市原住民義務幹部組織觀摩研習活動；106年度花蓮市原住民義務幹部組織觀摩研習活動；107年度花蓮市原住民義務幹部組織觀摩研習活動；108年度花蓮市原住民義務幹部組織觀摩研習活動；109年度花蓮市原住民義務幹部組織觀摩研習活動；110年度花蓮市原住民義務幹部組織觀摩研習活動；111年度花蓮市原住民義務幹部組織觀摩研習活動；112年度花蓮市原住民義務幹部組織觀摩研習活動；113年度花蓮市原住民義務幹部組織觀摩研習活動；114年度花蓮市原住民義務幹部組織觀摩研習活動；115年度花蓮市原住民義務幹部組織觀摩研習活動,同機關且標題核心相同，尚待人工確認是否為同一專案
candidate_3646e08b9ec3,瑞穗鄉各村公共設施維護開口契約,2018,2019,2,2,7736000,花蓮縣瑞穗鄉公所,107年瑞穗鄉各村公共設施維護工程(開口契約)；108年瑞穗鄉各村公共設施維護工程(開口契約),同機關且標題核心相同，尚待人工確認是否為同一專案
candidate_5cb0222f4681,新城鄉各項活動餐食服務採購開口契約,2022,2026,5,4,7729000,花蓮縣新城鄉公所,新城鄉112年度各項活動餐食服務採購(開口契約)；新城鄉113年度各項活動餐食服務採購（開口契約）；新城鄉114年度各項活動餐食服務採購(開口契約)；新城鄉115年度各項活動餐食服務採購(開口契約),同機關且標題核心相同，尚待人工確認是否為同一專案
candidate_286a0051bac5,酸柑排水改善,2012,2016,5,2,7711000,花蓮縣政府,酸柑排水改善工程,同機關且標題核心相同，尚待人工確認是否為同一專案
candidate_63acf47e1522,112月份花蓮縣中區區域性垃圾衛生掩埋場環境監測委託監測服務,2018,2023,6,6,7686000,花蓮縣鳳林鎮公所,107年度1-12月份花蓮縣中區區域性垃圾衛生掩埋場環境監測計畫委託監測服務案；108年度1-12月份「花蓮縣中區區域性垃圾衛生掩埋場」環境監測計畫委託監測服務案；109年度1-12月份「花蓮縣中區區域性垃圾衛生掩埋場」環境監測計畫委託監測服務案；110年度1-12月份「花蓮縣中區區域性垃圾衛生掩埋場」環境監測計畫委託監測服務案；111年度1-12月份「花蓮縣中區區域性垃圾衛生掩埋場」環境監測計畫委託監測服務案；112年1-12月份「花蓮縣中區區域性垃圾衛生掩埋場」環境監測計畫委託監測服務案,同機關且標題核心相同，尚待人工確認是否為同一專案
candidate_d54c8e571f00,花蓮縣植樹百萬棵開口契約,2013,2015,3,4,7684800,花蓮縣政府,102年度花蓮縣植樹百萬棵計畫勞務採購案(開口契約)；103年度花蓮縣植樹百萬棵計畫勞務採購案(開口契約)；104年度花蓮縣第一期植樹百萬棵計畫勞務採購案(開口契約)；104年度花蓮縣第二期植樹百萬棵計畫勞務採購案(開口契約),同機關且標題核心相同，尚待人工確認是否為同一專案
candidate_e5f8e1cdb347,七星潭海岸風景特定區兩潭兩鐵自行車道等區域環境巡查清潔維護管理工作,2019,2020,2,2,7680000,花蓮縣政府,109年度「七星潭海岸風景特定區、兩潭、兩鐵自行車道等區域環境巡查及清潔維護管理工作」案；110年度「七星潭海岸風景特定區、兩潭、兩鐵自行車道等區域環境巡查及清潔維護管理工作」案,同機關且標題核心相同，尚待人工確認是否為同一專案
candidate_5cd41462e658,花蓮縣水環境巡守隊經營自然淨化溼地活化飲用水管理,2020,2022,3,2,7670000,花蓮縣環境保護局,110年度「花蓮縣水環境巡守隊經營暨自然淨化溼地活化暨飲用水管理計畫」；111年度「花蓮縣水環境巡守隊經營暨自然淨化溼地活化暨飲用水管理計畫」,同機關且標題核心相同，尚待人工確認是否為同一專案
candidate_dae6ca065a14,111全中運跆拳道項目器材購置租賃服務財物採購,2021,2022,2,2,7649000,花蓮縣新城鄉嘉里國民小學,111全中運跆拳道項目器材購置租賃服務財物採購案；111全中運跆拳道項目器材購置租賃服務財物採購案（第一次契約變更）,同機關且標題核心相同，尚待人工確認是否為同一專案
candidate_5554ef860f3a,新城鄉都市雨水下水道清淤開口契約,2022,2026,5,5,7626000,花蓮縣新城鄉公所,111年度新城鄉都市計畫雨水下水道清淤工程開口契約；112年度新城鄉都市計畫雨水下水道清淤工程開口契約；113年度新城鄉都市計畫雨水下水道清淤工程開口契約；114年度新城鄉都市計畫雨水下水道清淤工程開口契約；115年度新城鄉都市計畫雨水下水道清淤工程開口契約,同機關且標題核心相同，尚待人工確認是否為同一專案
candidate_43a45b4621ef,災害搶險修開口契約,2023,2026,4,4,7611250,花蓮縣環境保護局,112年度災害搶險(修)工程開口契約；113年度災害搶險(修)工程開口契約；114年度災害搶險(修)工程開口契約；115年度災害搶險(修)工程開口契約,同機關且標題核心相同，尚待人工確認是否為同一專案
candidate_fcfb059ffa7b,花蓮縣光復鄉路燈維修開口契約,2024,2025,2,3,7590000,花蓮縣光復鄉公所,113年度花蓮縣光復鄉路燈維修工程(開口契約)；花蓮縣光復鄉114年度路燈維修工程-開口契約；花蓮縣光復鄉115年度路燈維修工程-開口契約,同機關且標題核心相同，尚待人工確認是否為同一專案
candidate_65a8a5369d30,幼兒園各分班主所房舍內部設施設備修繕開口契約,2014,2020,7,7,7567000,花蓮縣秀林鄉公所,103年幼兒園各分班暨主所房舍內部設施設備修繕（開口契約）；104年幼兒園各分班暨主所房舍內部設施設備修繕(開口契約)；105年幼兒園各分班暨主所房舍內部設施設備修繕（開口契約）；106年幼兒園各分班暨主所房舍內部設施設備修繕工程（開口契約）；107年幼兒園各分班暨主所房舍內部設施設備修繕工程（開口契約）；108年幼兒園各分班暨主所房舍內部設施設備修繕工程（開口契約）；109年幼兒園各分班暨主所房舍內部設施設備修繕工程（開口契約）,同機關且標題核心相同，尚待人工確認是否為同一專案
candidate_c81df18d08ff,花蓮縣身心障礙者生活重建服務,2020,2026,7,6,7564110,花蓮縣政府,花蓮縣身心障礙者生活重建服務,同機關且標題核心相同，尚待人工確認是否為同一專案
candidate_fab8b223cfe1,花蓮縣樹木褐根病防治採購,2020,2025,6,6,7564000,花蓮縣政府,109年度花蓮縣樹木褐根病防治委託專業服務採購案；110年度花蓮縣樹木褐根病防治委託專業服務採購案；111年度花蓮縣樹木褐根病防治委託專業服務採購案；112年度花蓮縣樹木褐根病防治委託專業服務採購案；113年度花蓮縣樹木褐根病防治委託專業服務採購案；113年度花蓮縣樹木褐根病防治委託專業服務採購案(第1次後續擴充),同機關且標題核心相同，尚待人工確認是否為同一專案
candidate_b994eb6a642b,壽豐鄉都市雨水下水道清淤開口契約,2013,2026,14,7,7546000,花蓮縣壽豐鄉公所,壽豐鄉都市計畫雨水下水道清淤工程（開口契約）；壽豐鄉都市計畫雨水下水道清淤工程(開口契約)；105年度壽豐鄉都市計畫雨水下水道清淤工程(開口契約)；112年度壽豐鄉都市計畫雨水下水道清淤工程(開口契約)；113年壽豐鄉都市計畫雨水下水道清淤工程(開口契約)；114年度壽豐鄉都市計畫雨水下水道清淤工程(開口契約)；115年度壽豐鄉都市計畫雨水下水道清淤工程(開口契約),同機關且標題核心相同，尚待人工確認是否為同一專案
candidate_f85717c3b28e,花蓮縣水土保持管理專業服務,2023,2026,4,4,7520000,花蓮縣政府,112年度花蓮縣水土保持管理專業服務計畫；113年度花蓮縣水土保持管理專業服務計畫；114年度花蓮縣水土保持管理專業服務計畫；115年度花蓮縣水土保持管理專業服務計畫,同機關且標題核心相同，尚待人工確認是否為同一專案
candidate_9612da46da48,花蓮縣客庄創生環境營造地方輔導團委託服務,2023,2025,3,3,7500000,花蓮縣政府,112年花蓮縣客庄創生環境營造計畫地方輔導團委託服務案；113年花蓮縣客庄創生環境營造計畫地方輔導團委託服務案；114年花蓮縣客庄創生環境營造計畫地方輔導團委託服務案,同機關且標題核心相同，尚待人工確認是否為同一專案
candidate_c0625b42be3f,花蓮縣視覺功能障礙者生活重建生活訓練服務,2024,2026,3,3,7500000,花蓮縣政府,花蓮縣視覺功能障礙者生活重建及生活訓練服務計畫；花蓮縣視覺功能障礙者生活重建及生活訓練服務,同機關且標題核心相同，尚待人工確認是否為同一專案
candidate_cd5c7e70e7e0,公路公共運輸提昇建置候車亭,2016,2017,2,2,7469000,花蓮縣政府,105年度公路公共運輸提昇計畫－建置候車亭計畫；106年度公路公共運輸提昇計畫—建置候車亭計畫,同機關且標題核心相同，尚待人工確認是否為同一專案
candidate_8df6776631a0,各村小型零星原住民部落周邊基礎設施改善,2020,2023,4,2,7467000,花蓮縣瑞穗鄉公所,109年度各村小型零星工程及原住民部落及周邊基礎設施改善工程；112年度各村小型零星工程及原住民部落及周邊基礎設施改善工程,同機關且標題核心相同，尚待人工確認是否為同一專案
candidate_5b6be3306629,豐坪排水改善,2010,2018,9,3,7459000,花蓮縣政府,豐坪排水改善工程,同機關且標題核心相同，尚待人工確認是否為同一專案
candidate_40f59ea6c9f8,易淹水地區水患治理水土保持治山防災開口契約,2012,2013,2,2,7459000,花蓮縣政府,101年度易淹水地區水患治理計畫、水土保持、治山防災工程委託技術服務工作開口契約；102年度易淹水地區水患治理計畫、水土保持、治山防災工程委託技術服務工作開口契約,同機關且標題核心相同，尚待人工確認是否為同一專案
candidate_0a19ba547f2e,花蓮縣流域水污染稽查管制緊急應變協力處理,2011,2013,3,2,7440000,花蓮縣政府,100年度花蓮縣流域及水污染稽查管制暨緊急應變協力處理計畫；「102年度花蓮縣流域及水污染稽查管制暨緊急應變協力處理計畫」,同機關且標題核心相同，尚待人工確認是否為同一專案
candidate_efdb4793f0cd,花蓮縣低碳永續家園運作成效管考,2014,2015,2,2,7436228,花蓮縣環境保護局,103年度花蓮縣低碳永續家園運作及成效管考計畫；104年度花蓮縣低碳永續家園運作及成效管考計畫,同機關且標題核心相同，尚待人工確認是否為同一專案
candidate_f733c60c0556,公立國民中小學消防通用設備開口契約,2011,2014,4,4,7427100,花蓮縣政府,100年度公立國民中小學消防通用設備開口契約；101年度公立國民中小學消防通用設備開口契約；102年度公立國民中小學消防通用設備開口契約；103年度公立國民中小學消防通用設備開口契約,同機關且標題核心相同，尚待人工確認是否為同一專案
candidate_0722baa2cbd9,公共委託監造技術服務開口契約下半年,2018,2019,2,2,7413130,花蓮縣卓溪鄉公所,107年度公共工程委託規劃設計及監造技術服務開口契約-下半年；108年度公共工程委託規劃設計及監造技術服務開口契約-下半年,同機關且標題核心相同，尚待人工確認是否為同一專案
candidate_a1a49dfbf790,花蓮縣政府縣政宣導照片購買,2020,2026,7,7,7399998,花蓮縣政府,花蓮縣政府109年縣政宣導照片購買案；花蓮縣政府110年縣政宣導照片購買案；花蓮縣政府111年縣政宣導照片購買案；花蓮縣政府112年縣政宣導照片購買案；花蓮縣政府113年縣政宣導照片購買案；花蓮縣政府114年縣政宣導照片購買案；花蓮縣政府115年縣政宣導照片購買案,同機關且標題核心相同，尚待人工確認是否為同一專案
candidate_76e757d9f5c9,中原國小老舊廁所整修,2019,2020,2,2,7378200,花蓮縣政府,107年中原國小老舊廁所整修工程；108年中原國小老舊廁所整修工程,同機關且標題核心相同，尚待人工確認是否為同一專案
candidate_e7cbd146e1bf,協勤民力等人員團體意外保險採購,2013,2016,4,4,7367033,花蓮縣政府,102年度協勤民力等人員團體意外保險採購案；103年度協勤民力等人員團體意外保險採購案；104年度協勤民力等人員團體意外保險採購案；105年度協勤民力等人員團體意外保險採購案,同機關且標題核心相同，尚待人工確認是否為同一專案
candidate_11bfc6083d76,花蓮縣秀林鄉公所日曆月曆記事本編輯製作,2022,2024,3,3,7342000,花蓮縣秀林鄉公所,花蓮縣秀林鄉公所「民國112年度日曆、月曆及記事本編輯製作」委託專業服務勞務採購案；花蓮縣秀林鄉公所「民國113年度日曆、月曆及記事本編輯製作」委託專業服務勞務採購案；花蓮縣秀林鄉公所「民國114年度日曆、月曆及記事本編輯製作」委託專業服務勞務採購案,同機關且標題核心相同，尚待人工確認是否為同一專案
candidate_6beca4ddf828,花蓮縣警察局刑事警察行政人員含內勤服裝採購,2023,2026,4,3,7334080,花蓮縣警察局,花蓮縣警察局112年度刑事警察及行政人員(含內勤)服裝採購案；花蓮縣警察局114年度刑事警察及行政人員(含內勤)服裝採購案；花蓮縣警察局115年度刑事警察及行政人員(含內勤)服裝採購案,同機關且標題核心相同，尚待人工確認是否為同一專案
candidate_413a67978a44,國福里社區周邊環境整體改善,2011,2014,4,2,7330000,花蓮縣花蓮市公所,國福里社區周邊環境整體改善工程；國福里社區周邊環境整體改善第四期工程,同機關且標題核心相同，尚待人工確認是否為同一專案
candidate_6dc14c19485f,本鄉各村監視器裝設維護修繕開口契約,2012,2019,8,5,7321000,花蓮縣秀林鄉公所,本鄉各村監視器裝設維護修繕工程（開口契約）；103年本鄉各村監視器裝設維護修繕工程（開口契約）；104年本鄉各村監視器裝設維護修繕工程（開口契約）；107年本鄉各村監視器裝設維護修繕(開口契約)；108年本鄉各村監視器裝設維護修繕(開口契約),同機關且標題核心相同，尚待人工確認是否為同一專案
candidate_b85200119b6d,花蓮縣土石流潛勢溪流保全戶疏散避難規劃現地照片更新維護,2017,2024,8,4,7235000,花蓮縣政府,花蓮縣土石流潛勢溪流保全戶與疏散避難規劃及現地照片更新維護計畫；111年度花蓮縣土石流潛勢溪流保全戶與疏散避難規劃及現地照片更新維護計畫；112年度花蓮縣土石流潛勢溪流保全戶與疏散避難規劃及現地照片更新維護計畫；113年度花蓮縣土石流潛勢溪流保全戶與疏散避難規劃及現地照片更新維護計畫,同機關且標題核心相同，尚待人工確認是否為同一專案
candidate_c4f1f6427d49,102北區巷道排水溝人行道維護,2012,2013,2,2,7230285,花蓮縣花蓮市公所,(102)北區巷道、排水溝及人行道維護工程；(102暨103年度)北區巷道、排水溝及人行道維護工程,同機關且標題核心相同，尚待人工確認是否為同一專案
candidate_40e847d8ccc9,水污染管理空氣污染防制教育宣導,2022,2024,3,2,7230000,花蓮縣環境保護局,112年度「水污染管理暨空氣污染防制教育宣導計畫」；113年度「水污染管理暨空氣污染防制教育宣導計畫」,同機關且標題核心相同，尚待人工確認是否為同一專案
candidate_36f0e536572b,花蓮縣地方稅務局稅務行政系統資訊設備專業維護服務,2013,2014,2,3,7216000,花蓮縣政府,花蓮縣地方稅務局稅務及行政系統資訊設備專業維護服務,同機關且標題核心相同，尚待人工確認是否為同一專案
candidate_60979e280424,有線電視公用頻道推廣影片製作教學委外服務,2020,2026,7,7,7207600,花蓮縣政府,109年有線電視公用頻道推廣及影片製作教學委外服務案；110年有線電視公用頻道推廣及影片製作教學委外服務案；111年有線電視公用頻道推廣及影片製作教學委外服務案；112年有線電視公用頻道推廣及影片製作教學委外服務案；113年有線電視公用頻道推廣及影片製作教學委外服務案；114年有線電視公用頻道推廣及影片製作教學委外服務案；115年有線電視公用頻道推廣及影片製作教學委外服務案,同機關且標題核心相同，尚待人工確認是否為同一專案
candidate_d46edf6bd89c,102南區巷道排水溝人行道維護,2012,2013,2,2,7180285,花蓮縣花蓮市公所,(102)南區巷道、排水溝及人行道維護工程；(102暨103年度)南區巷道、排水溝及人行道維護工程,同機關且標題核心相同，尚待人工確認是否為同一專案
candidate_a470056b904b,卓溪鄉全國布農族傳統競賽活動食宿交通採購,2021,2022,2,2,7167000,花蓮縣卓溪鄉公所,卓溪鄉110年度全國布農族傳統競賽活動食宿交通採購案；卓溪鄉111年度全國布農族傳統競賽活動食宿交通採購案,同機關且標題核心相同，尚待人工確認是否為同一專案
candidate_d508fb2b0bc5,水璉村農路災害復建,2015,2016,2,2,7135000,花蓮縣政府,103年水璉村農路災害復建工程；104年水璉村農路災害復建工程,同機關且標題核心相同，尚待人工確認是否為同一專案
candidate_3dbe7f92ef84,花蓮縣立體育場環境清潔綠美化植栽維護,2010,2020,11,6,7114439,花蓮縣政府,100年度花蓮縣立體育場環境清潔及綠美化植栽維護勞務採購；101年度花蓮縣立體育場環境清潔及綠美化植栽維護勞務採購；102年度花蓮縣立體育場環境清潔及綠美化植栽維護勞務採購；103年度花蓮縣立體育場環境清潔及綠美化植栽維護勞務採購；104年度花蓮縣立體育場環境清潔及綠美化植栽維護勞務採購；109年度花蓮縣立體育場環境清潔及綠美化植栽維護勞務採購,同機關且標題核心相同，尚待人工確認是否為同一專案
candidate_8477d6e04972,花蓮縣卓溪鄉石平社區前上邊坡搶災,2023,2024,2,2,7105003,花蓮縣政府,花蓮縣卓溪鄉石平社區前上邊坡搶災工程；花蓮縣卓溪鄉石平社區前上邊坡搶災工程(變更設計),同機關且標題核心相同，尚待人工確認是否為同一專案
candidate_1b8eaf030f33,全鄉農田農牧用地水利灌溉設施維護改善二期,2019,2022,4,4,7081000,花蓮縣卓溪鄉公所,108年全鄉農田、農牧用地水利灌溉設施維護改善工程(二期)；109年全鄉農田、農牧用地水利灌溉設施維護改善工程(二期)；110年全鄉農田、農牧用地水利灌溉設施維護改善工程(二期)；111年全鄉農田、農牧用地水利灌溉設施維護改善工程(二期),同機關且標題核心相同，尚待人工確認是否為同一專案
candidate_e52e395dcad4,花蓮縣警察局駐地監錄系統維護汰換採購,2023,2026,4,4,7078000,花蓮縣警察局,花蓮縣警察局112年度駐地監錄系統維護暨汰換採購案；花蓮縣警察局113年度駐地監錄系統維護暨汰換採購案；花蓮縣警察局114年度駐地監錄系統維護暨汰換採購案；花蓮縣警察局115年度駐地監錄系統維護暨汰換採購案,同機關且標題核心相同，尚待人工確認是否為同一專案
candidate_05877d08edd7,193線0K~53K路容整修工作開口契約,2014,2019,6,5,7070000,花蓮縣政府,193線0K~53K路容整修工作（開口契約）,同機關且標題核心相同，尚待人工確認是否為同一專案
candidate_86518182e8ff,地方文化館資源整合平台生活圈,2011,2014,4,4,7069000,花蓮縣文化局,100年地方文化館資源整合平台暨生活圈；101年地方文化館資源整合平台暨生活圈；102年地方文化館資源整合平台暨生活圈；103年地方文化館資源整合平台暨生活圈,同機關且標題核心相同，尚待人工確認是否為同一專案
candidate_2bc08ddcbcb0,豐濱鄉編號鄉道市區道路重要路段養護開口契約採購,2012,2020,9,7,7066062,花蓮縣豐濱鄉公所,豐濱鄉101年度編號鄉道及市區道路重要路段養護工程開口契約採購案；豐濱鄉102年度編號鄉道及市區道路重要路段養護工程開口契約採購案；豐濱鄉103年度編號鄉道及市區道路重要路段養護工程開口契約採購案；豐濱鄉104年度編號鄉道及市區道路重要路段養護工程開口契約採購案；豐濱鄉106年度編號鄉道及市區道路重要路段養護工程開口契約採購案；豐濱鄉107年度編號鄉道及市區道路重要路段養護工程開口契約採購案；豐濱鄉109年度編號鄉道及市區道路重要路段養護工程開口契約採購案,同機關且標題核心相同，尚待人工確認是否為同一專案
candidate_d817ac558f3b,原住民族部落文化健康綜合服務據點結構安全鑑定建築法令專業技術服務,2018,2022,5,4,7058880,花蓮縣政府,107年度原住民族部落文化健康綜合服務據點結構安全鑑定暨建築法令專業技術服務；109年度原住民族部落文化健康綜合服務據點結構安全鑑定暨建築法令專業技術服務；110年度原住民族部落文化健康綜合服務據點結構安全鑑定暨建築法令專業技術服務；111年度原住民族部落文化健康綜合服務據點結構安全鑑定暨建築法令專業技術服務,同機關且標題核心相同，尚待人工確認是否為同一專案
candidate_7d5bff68ac11,花蓮縣政府各宗教花蓮祭天祈福遶境活動採購,2014,2021,8,2,7040000,花蓮縣政府,花蓮縣政府103年度各宗教花蓮祭天祈福暨遶境活動採購案；花蓮縣政府110年度各宗教花蓮祭天祈福暨遶境活動採購案,同機關且標題核心相同，尚待人工確認是否為同一專案
candidate_e6a8992224df,花蓮縣結核病都治業務提貨券,2023,2026,4,4,7037000,花蓮縣衛生局,112年花蓮縣結核病都治業務提貨券；113年花蓮縣結核病都治業務提貨券；114年花蓮縣結核病都治業務提貨券；115年花蓮縣結核病都治業務提貨券,同機關且標題核心相同，尚待人工確認是否為同一專案
candidate_3b3e8f58771d,公務雲維護,2022,2025,4,4,7029552,花蓮縣政府,「111年度公務雲維護案」；112年度公務雲維護案；113年度公務雲維護案；114年度公務雲維護案,同機關且標題核心相同，尚待人工確認是否為同一專案
candidate_c3adedbaaef5,學年度九年級校外教學活動採購,2022,2023,2,2,7016450,花蓮縣立國風國民中學,111年學年度九年級校外教學活動採購案；112年學年度九年級校外教學活動採購案,同機關且標題核心相同，尚待人工確認是否為同一專案
candidate_3a04cd2e3614,花蓮縣原住民族野菜學校委託經營管理,2021,2026,6,6,7002100,花蓮縣政府,110年度花蓮縣原住民族野菜學校委託經營與管理計畫勞務採購案；「111年度花蓮縣原住民族野菜學校委託經營與管理計畫」勞務採購案；「112年度花蓮縣原住民族野菜學校委託經營與管理計畫」勞務採購案；「113年度花蓮縣原住民族野菜學校委託經營與管理計畫」勞務採購案；「114年度花蓮縣原住民族野菜學校委託經營與管理計畫」勞務採購案；「115年度花蓮縣原住民族野菜學校委託經營與管理計畫」勞務採購案,同機關且標題核心相同，尚待人工確認是否為同一專案
candidate_655974cd2937,花蓮縣沿海保護保護標的資源調查,2017,2026,10,3,7000000,花蓮縣政府,花蓮縣沿海保護與保護標的資源調查計畫；114年度花蓮縣沿海保護與保護標的資源調查計畫；115年度花蓮縣沿海保護與保護標的資源調查計畫,同機關且標題核心相同，尚待人工確認是否為同一專案
candidate_e0c1040f518b,花蓮環保季刊影音多媒體,2019,2025,7,6,6988000,花蓮縣環境保護局,108年度花蓮環保季刊及影音多媒體委託專業服務案；109年度花蓮環保季刊及影音多媒體委託專業服務案；110年度花蓮環保季刊及影音多媒體委託專業服務案；111年度花蓮環保季刊及影音多媒體委託專業服務案；113年度花蓮環保季刊及影音多媒體委託專業服務案；114年花蓮環保季刊及影音多媒體委託專業服務案,同機關且標題核心相同，尚待人工確認是否為同一專案
candidate_d033eefead3e,花蓮縣警察局文書用品印刷採購,2014,2022,9,11,6973414,花蓮縣政府,花蓮縣警察局103年度第1次文書用品印刷採購案；花蓮縣警察局103年度第2次文書用品印刷採購案；花蓮縣警察局104年度第1次文書用品印刷採購案；花蓮縣警察局105年度第1次文書用品印刷採購案；花蓮縣警察局105年度第2次文書用品印刷採購案；花蓮縣警察局106年度第1次文書用品印刷採購案；花蓮縣警察局108年度第1次文書用品印刷採購案；花蓮縣警察局108年度第2次文書用品印刷採購案；花蓮縣警察局109年度第1次文書用品印刷採購案；花蓮縣警察局110年度第1次文書用品印刷採購案；花蓮縣警察局111年度第1次文書用品印刷採購案,同機關且標題核心相同，尚待人工確認是否為同一專案
candidate_8635a906ae54,花蓮影視協拍中心勞務服務,2016,2020,5,5,6970000,花蓮縣文化局,105年花蓮影視協拍中心勞務服務；106年花蓮影視協拍中心勞務服務；107年花蓮影視協拍中心勞務服務；108年花蓮影視協拍中心勞務服務；109年花蓮影視協拍中心勞務服務,同機關且標題核心相同，尚待人工確認是否為同一專案
candidate_c96f2e2bad4d,花蓮縣永續淨零空污減排影音紀實宣導,2023,2025,3,2,6960000,花蓮縣環境保護局,112年花蓮縣永續淨零空污減排影音紀實宣導計畫案；114年花蓮縣永續淨零空污減排影音紀實宣導計畫,同機關且標題核心相同，尚待人工確認是否為同一專案
candidate_fcccdc5729c0,本鄉各村公墓周邊設施維護開口契約,2017,2019,3,3,6952000,花蓮縣秀林鄉公所,106年度本鄉各村公墓周邊設施及維護工程(開口契約)；107年度本鄉各村公墓周邊設施及維護工程(開口契約)；108年度本鄉各村公墓周邊設施及維護工程(開口契約),同機關且標題核心相同，尚待人工確認是否為同一專案
candidate_7182b7e33831,委託辦理英語力提升專業服務,2024,2026,3,3,6900000,花蓮縣政府,113年委託辦理英語力提升專業服務；114年委託辦理英語力提升專業服務；115年委託辦理英語力提升專業服務,同機關且標題核心相同，尚待人工確認是否為同一專案
candidate_92fe2eecfa1a,本鄉各村路燈設備裝設開口契約,2020,2026,7,7,6895000,花蓮縣秀林鄉公所,109年度本鄉各村路燈設備裝設工程(開口契約)；110年度本鄉各村路燈設備裝設工程(開口契約)；111年度本鄉各村路燈設備裝設工程(開口契約)；112年度本鄉各村路燈設備裝設工程(開口契約)；113年度本鄉各村路燈設備裝設工程(開口契約)；114年度本鄉各村路燈設備裝設工程(開口契約)；114年度本鄉各村路燈設備裝設工程-第二期(開口契約),同機關且標題核心相同，尚待人工確認是否為同一專案
candidate_5782b91e92ab,秀林鄉崇德下台地農路災害復建,2023,2024,2,2,6883365,花蓮縣政府,110年秀林鄉崇德下台地農路災害復建工程,同機關且標題核心相同，尚待人工確認是否為同一專案
candidate_4152fcacacf6,零星急迫性南區開口契約,2016,2019,4,3,6880000,花蓮縣萬榮鄉公所,零星工程及急迫性工程(南區開口契約)；106年度零星工程及急迫性工程(南區開口契約)；108年度零星工程及急迫性工程(南區開口契約),同機關且標題核心相同，尚待人工確認是否為同一專案
candidate_c1c54a3a618e,佳民村路面改善,2016,2026,11,2,6858000,花蓮縣秀林鄉公所,佳民村路面改善工程,同機關且標題核心相同，尚待人工確認是否為同一專案
candidate_e06272336c15,富里鄉編號鄉道市區道路重要路段養護開口契約,2014,2015,2,2,6830000,花蓮縣富里鄉公所,富里鄉103年度編號鄉道及市區道路重要路段養護工程（開口契約）；富里鄉104年度編號鄉道及市區道路重要路段養護工程(開口契約),同機關且標題核心相同，尚待人工確認是否為同一專案
candidate_61b8bf3fd942,萬榮鄉基礎設施改善,2011,2012,2,2,6820000,花蓮縣萬榮鄉公所,100年度萬榮鄉基礎設施改善工程；101年度萬榮鄉基礎設施改善工程,同機關且標題核心相同，尚待人工確認是否為同一專案
candidate_cea5aad55751,垃圾車資源回收車等車輛維修採購,2015,2025,11,10,6816037,花蓮縣吉安鄉公所,104年度垃圾車、資源回收車等車輛維修第二次採購；105年度垃圾車、資源回收車等車輛維修採購案；106年度垃圾車、資源回收車等車輛維修採購案；107年度垃圾車及資源回收車等車輛維修採購案；108年度垃圾車及資源回收車等車輛維修採購案；109年度垃圾車、資源回收車等車輛維修採購案；110年度垃圾車及資源回收車等車輛維修採購案；111年度垃圾車、資源回收車等車輛維修採購案；112年度垃圾車、資源回收車等車輛維修採購案；114年度垃圾車、資源回收車等車輛維修採購案,同機關且標題核心相同，尚待人工確認是否為同一專案
candidate_e9b6cc471dcf,花蓮縣警察局員工運動服裝採購,2015,2023,9,5,6814844,花蓮縣警察局,花蓮縣警察局104年度員工運動服裝採購案；花蓮縣警察局106年度員工運動服裝採購案；花蓮縣警察局108年度員工運動服裝採購案；花蓮縣警察局110年度員工運動服裝採購案；花蓮縣警察局112年度員工運動服裝採購案,同機關且標題核心相同，尚待人工確認是否為同一專案
candidate_c71477b0d854,瑞穗鄉各村小型零星原住民部落周邊基礎設施改善開口契約,2018,2019,2,2,6800000,花蓮縣瑞穗鄉公所,107年瑞穗鄉各村小型零星工程及原住民部落及周邊基礎設施改善工程(開口契約)；108年瑞穗鄉各村小型零星工程及原住民部落及周邊基礎設施改善工程(開口契約),同機關且標題核心相同，尚待人工確認是否為同一專案
candidate_ac7f02d6d3fd,花蓮旅遊觀光期刊推廣行銷計劃,2024,2025,2,2,6800000,花蓮縣政府,113年花蓮旅遊觀光期刊推廣行銷計劃；113年花蓮旅遊觀光期刊推廣行銷計劃-第1次後續擴充,同機關且標題核心相同，尚待人工確認是否為同一專案
candidate_c40a3149b0df,花蓮縣七星潭風景區周邊產業輔導行銷,2025,2026,2,2,6799000,花蓮縣政府,「花蓮縣七星潭風景區周邊產業輔導行銷計畫」委託專業服務案；「花蓮縣七星潭風景區周邊產業輔導行銷計畫」委託專業服務案(第一次契約變更),同機關且標題核心相同，尚待人工確認是否為同一專案
candidate_60b58042b02e,花蓮縣政府委託辦理未滿20歲懷孕處遇服務,2022,2026,5,4,6797000,花蓮縣政府,花蓮縣政府委託辦理112年度未滿20歲懷孕處遇服務計畫；花蓮縣政府委託辦理113年度未滿20歲懷孕處遇服務計畫；花蓮縣政府委託辦理「113年度未滿20歲懷孕處遇服務計畫」（後續擴充）；花蓮縣政府委託辦理115年度未滿20歲懷孕處遇服務計畫,同機關且標題核心相同，尚待人工確認是否為同一專案
candidate_92d51b3635f8,石雕藝術考古遺址教育公園,2023,2024,2,2,6785458,花蓮縣文化局,石雕藝術暨考古遺址教育公園工程；石雕藝術暨考古遺址教育公園工程（第1次變更設計）,同機關且標題核心相同，尚待人工確認是否為同一專案
candidate_1616b65bd260,壽豐鄉路燈照明維修,2012,2015,4,4,6767198,花蓮縣壽豐鄉公所,壽豐鄉101年度路燈照明維修；壽豐鄉102年路燈照明維修；壽豐鄉103年度路燈照明維修；壽豐鄉104年度路燈照明維修,同機關且標題核心相同，尚待人工確認是否為同一專案
candidate_425799a1eb91,花蓮縣公共運輸多元推升專辦公室,2019,2021,3,3,6762720,花蓮縣政府,108年度花蓮縣公共運輸多元推升專案辦公室；「108年度花蓮縣公共運輸多元推升專案辦公室」109年度後續擴充；108年度花蓮縣公共運輸多元推升專案辦公室 (110年度後續擴充),同機關且標題核心相同，尚待人工確認是否為同一專案
candidate_957f73278317,花蓮縣成年人監護輔助權歸屬訪視調查執行個管理服務,2021,2023,3,5,6761500,花蓮縣政府,110年度花蓮縣成年人監護(輔助)權歸屬訪視調查及執行個案管理服務；111年度花蓮縣成年人監護(輔助)權歸屬訪視調查及執行個案管理服務；111年度花蓮縣成年人監護（輔助）權歸屬訪視調查及執行個案管理服務；花蓮縣成年人監護(輔助)權歸屬訪視調查及執行個案管理服務,同機關且標題核心相同，尚待人工確認是否為同一專案
candidate_e292eed7922e,花蓮縣原住民族文創產業聚落空間改善委託,2022,2024,3,4,6759156,花蓮縣政府,花蓮縣原住民族文創產業聚落空間改善工程(第二期)委託規劃設計監造；花蓮縣原住民族文創產業聚落空間改善工程(第三期)委託規劃設計監造；花蓮縣原住民族文創產業聚落空間改善工程(第三期)委託規劃設計監造第一次契約變更；花蓮縣原住民族文創產業聚落空間改善工程( 第三期)委託規劃設計監造第2次契約變更,同機關且標題核心相同，尚待人工確認是否為同一專案
candidate_e0cf310f6ef0,花蓮縣臺灣原住民族文化館演出活動宣傳行銷票券代售代印服務,2022,2025,4,3,6750000,花蓮縣政府,110年度花蓮縣臺灣原住民族文化館演出活動宣傳行銷及票券代售（代印）服務勞務採購案；112年度花蓮縣臺灣原住民族文化館演出活動宣傳行銷及票券代售(代印)服務勞務採購案；114年度花蓮縣臺灣原住民族文化館演出活動宣傳行銷及票券代售(代印)服務勞務採購案,同機關且標題核心相同，尚待人工確認是否為同一專案
candidate_266bdd0e80a9,忠孝大排改善,2010,2011,2,2,6748000,花蓮縣政府,忠孝大排改善工程,同機關且標題核心相同，尚待人工確認是否為同一專案
candidate_0f5f6b3ca196,花蓮市里鄰長頭目報紙,2010,2011,2,3,6738000,花蓮縣花蓮市公所,100年度花蓮市里鄰長、頭目報紙；101年度花蓮市里鄰長、頭目報紙,同機關且標題核心相同，尚待人工確認是否為同一專案
candidate_8c6dbc06aa23,花蓮市清潔隊各型車輛備胎購置輪胎維修,2018,2026,9,7,6726800,花蓮縣花蓮市公所,花蓮市清潔隊各型車輛備胎購置及輪胎維修；花蓮市清潔隊各型車輛備胎購置及輪胎維修第1次後續擴充,同機關且標題核心相同，尚待人工確認是否為同一專案
candidate_d3bc60e54338,音響租賃開口契約,2013,2023,11,11,6725000,花蓮縣政府,103年音響租賃開口契約；104年音響租賃開口契約；105年度音響租賃開口契約；106年度音響租賃開口契約；107年度音響租賃開口契約；108年度音響租賃開口契約；109年度音響租賃開口契約；110年度音響租賃開口契約；111年度音響租賃開口契約；112年度音響租賃開口契約；113年度音響租賃開口契約,同機關且標題核心相同，尚待人工確認是否為同一專案
candidate_4ebc53871650,花蓮縣配合國土推動農地資源空間規劃,2017,2020,4,4,6715000,花蓮縣政府,106年花蓮縣配合國土計畫推動農地資源空間規劃計畫委託專業服務勞務採購；107年度花蓮縣配合國土計畫推動農地資源空間規劃計畫委託專業服務勞務採購案；108年花蓮縣配合國土計畫推動農地資源空間規劃計畫委託專業服務勞務採購；109年度花蓮縣配合國土計畫推動農地資源空間規劃計畫委託專業服務勞務採購,同機關且標題核心相同，尚待人工確認是否為同一專案
candidate_cf1200dc7114,美崙溪環境維護工作,2010,2015,6,5,6706000,花蓮縣政府,美崙溪環境維護工作；104年度美崙溪環境維護工作,同機關且標題核心相同，尚待人工確認是否為同一專案
candidate_2bd67eb55a1b,花蓮縣低碳永續家園運作體系執行成效管考,2016,2017,2,2,6700000,花蓮縣環境保護局,105年花蓮縣低碳永續家園運作體系與執行成效管考計畫；106年度花蓮縣低碳永續家園運作體系與執行成效管考計畫,同機關且標題核心相同，尚待人工確認是否為同一專案
candidate_062da23df790,花蓮縣豐濱鄉全鄉鄉民團體傷害保險,2023,2025,3,4,6686543,花蓮縣豐濱鄉公所,花蓮縣豐濱鄉112年度全鄉鄉民團體傷害保險；花蓮縣豐濱鄉113年度全鄉鄉民團體傷害保險；花蓮縣豐濱鄉114年度全鄉鄉民團體傷害保險；花蓮縣豐濱鄉115年度全鄉鄉民團體傷害保險,同機關且標題核心相同，尚待人工確認是否為同一專案
candidate_697e88b55e7d,花蓮縣警察局行政人員服裝含便衣員警480套採購,2014,2016,3,3,6673920,花蓮縣警察局,花蓮縣警察局103年度行政人員服裝(含便衣員警)480套採購；花蓮縣警察局104年度行政人員服裝(含便衣員警)480套採購；花蓮縣警察局105年度行政人員服裝(含便衣員警)480套採購案,同機關且標題核心相同，尚待人工確認是否為同一專案
candidate_3ba1de680bde,圖書採購,2014,2022,9,7,6671095,花蓮縣政府,103年圖書採購；105年圖書採購；106年圖書採購；107年圖書採購；108年圖書採購；111年圖書採購,同機關且標題核心相同，尚待人工確認是否為同一專案
candidate_bb0980d58527,長照人員教育訓練含,2024,2026,3,3,6660000,花蓮縣衛生局,113年度長照人員教育訓練(含後續擴充)；113年度長照人員教育訓練(含後續擴充)第1次後續擴充；115年度長照人員教育訓練(含後續擴充),同機關且標題核心相同，尚待人工確認是否為同一專案
candidate_c2d6e6d03402,花蓮市立殯儀館設施改善,2010,2024,15,3,6643800,花蓮縣花蓮市公所,花蓮市立殯儀館設施改善工程；花蓮市立殯儀館設施改善計畫,同機關且標題核心相同，尚待人工確認是否為同一專案
candidate_af925aeaed21,花蓮縣立棒球場草坪維護保養,2018,2026,9,5,6613428,花蓮縣政府,107年度花蓮縣立棒球場草坪維護保養勞務採購；108年度花蓮縣立棒球場草坪維護保養勞務採購；109年度花蓮縣立棒球場草坪維護保養勞務採購；112年度花蓮縣立棒球場草坪維護保養勞務採購；115年度花蓮縣立棒球場草坪維護保養勞務採購,同機關且標題核心相同，尚待人工確認是否為同一專案
candidate_01289b4c1fb6,花蓮縣綜合發展行動總顧問滾動檢討推動執行,2019,2025,7,3,6610000,花蓮縣政府,108年度花蓮縣綜合發展行動計畫總顧問暨滾動檢討及推動執行計畫；113年花蓮縣綜合發展行動計畫總顧問暨滾動檢討及推動執行計畫；114年度花蓮縣綜合發展行動計畫總顧問暨滾動檢討及推動執行計畫,同機關且標題核心相同，尚待人工確認是否為同一專案
candidate_67d4567e3679,縣政行銷大眾運輸公車廣告開口契約,2023,2024,2,2,6600000,花蓮縣政府,112年縣政行銷大眾運輸公車廣告(開口契約)；112年縣政行銷大眾運輸公車廣告(開口契約)後續擴充,同機關且標題核心相同，尚待人工確認是否為同一專案
candidate_5195da8bb6f3,戀戀紅塵蓮城舊庄街城鄉風貌縫合,2012,2013,2,2,6580000,花蓮縣花蓮市公所,101年度「戀戀紅塵」蓮城舊庄街城鄉風貌縫合計畫規劃設計案；戀戀紅塵-蓮城舊庄街城鄉風貌縫合計畫,同機關且標題核心相同，尚待人工確認是否為同一專案
candidate_df27594b4a61,花蓮市各公有零售市場排水溝陰井清理淤泥清除服務,2018,2026,9,8,6562000,花蓮縣花蓮市公所,107年度花蓮市各公有零售市場排水溝陰井清理及淤泥清除服務；108年度花蓮市各公有零售市場排水溝陰井清理及淤泥清除服務；109年度花蓮市各公有零售市場排水溝陰井清理及淤泥清除服務；110年度花蓮市各公有零售市場排水溝陰井清理及淤泥清除服務；111年度花蓮市各公有零售市場排水溝陰井清理及淤泥清除服務；112年度花蓮市各公有零售市場排水溝陰井清理及淤泥清除服務；113年度花蓮市各公有零售市場排水溝陰井清理及淤泥清除服務；115年度花蓮市各公有零售市場排水溝陰井清理及淤泥清除服務,同機關且標題核心相同，尚待人工確認是否為同一專案
candidate_04675ecb7512,花蓮縣群眾募資輔導,2024,2026,3,4,6560290,花蓮縣政府,113年度花蓮縣群眾募資輔導計畫委託專業服務；114年度「花蓮縣群眾募資輔導計畫」 委託專業服務勞務採購案；115年度「花蓮縣群眾募資輔導計畫」委託專業服務勞務採購案；115年度「花蓮縣群眾募資輔導計畫」委託專業服務勞務採購案第1次契約變更,同機關且標題核心相同，尚待人工確認是否為同一專案
candidate_66e4fba7955d,國福里活動中心社區周邊環境整體改善,2015,2016,2,2,6559988,花蓮縣花蓮市公所,國福里活動中心暨社區周邊環境整體改善第五期工程；國福里活動中心暨社區周邊環境整體改善第六期工程,同機關且標題核心相同，尚待人工確認是否為同一專案
candidate_88bedcf413a8,花蓮縣自然淨化溼地活化,2014,2015,2,2,6550000,花蓮縣環境保護局,103年度花蓮縣自然淨化溼地活化計畫；104年度花蓮縣自然淨化溼地活化計畫,同機關且標題核心相同，尚待人工確認是否為同一專案
candidate_0c9993df750f,花蓮縣警察局各協勤民力投保團體意外保險採購,2017,2020,4,5,6515202,花蓮縣政府,花蓮縣警察局106年度各協勤民力投保團體意外保險採購案；花蓮縣警察局107年度各協勤民力投保團體意外保險採購案；花蓮縣警察局108年度各協勤民力投保團體意外保險採購案；花蓮縣警察局109年度各協勤民力投保團體意外保險採購案；花蓮縣警察局110年度各協勤民力投保團體意外保險採購案,同機關且標題核心相同，尚待人工確認是否為同一專案
candidate_ca599095dfe7,臺灣好行服務升級太魯閣線行銷規劃執行,2016,2018,3,3,6500000,花蓮縣政府,「105年度臺灣好行服務升級計畫－太魯閣線」行銷規劃執行案；「106年度臺灣好行服務升級計畫－太魯閣線」行銷規劃執行案；「107年度臺灣好行服務升級計畫－太魯閣線」行銷規劃執行案,同機關且標題核心相同，尚待人工確認是否為同一專案
candidate_25d56575e842,花蓮縣政府特色旅宿認證,2022,2024,3,3,6500000,花蓮縣政府,111年花蓮縣政府特色旅宿認證計畫委託專業服務案；112年花蓮縣政府特色旅宿認證計畫委託專業服務案；113年花蓮縣政府特色旅宿認證計畫委託專業服務案,同機關且標題核心相同，尚待人工確認是否為同一專案
candidate_ec3806fbdb32,100市區巷道排水溝人行道維護,2010,2011,2,3,6500000,花蓮縣花蓮市公所,(100)市區巷道排水溝及人行道維護工程；(100)第2次市區巷道、排水溝及人行道維護工程,同機關且標題核心相同，尚待人工確認是否為同一專案
candidate_a7b91617cf49,玉里鎮東豐里農水路災害復建,2014,2015,2,2,6494000,花蓮縣政府,玉里鎮東豐里農水路災害復建工程；103年玉里鎮東豐里農水路災害復建工程,同機關且標題核心相同，尚待人工確認是否為同一專案
candidate_9957d7de45bd,新城鄉內反光鏡路牌道路標誌標線設置維護開口契約,2023,2026,4,4,6490000,花蓮縣新城鄉公所,112年度新城鄉內反光鏡、路牌、道路標誌標線設置及維護開口契約；113年度新城鄉內反光鏡、路牌、道路標誌標線設置及維護開口契約；114年度新城鄉內反光鏡、路牌、道路標誌標線設置及維護開口契約；115年度新城鄉內反光鏡、路牌、道路標誌標線設置及維護開口契約,同機關且標題核心相同，尚待人工確認是否為同一專案
candidate_00df896ddced,本鄉各村柏油路面改善,2016,2017,2,2,6490000,花蓮縣秀林鄉公所,本鄉各村柏油路面改善工程,同機關且標題核心相同，尚待人工確認是否為同一專案
candidate_f4301ed52cfd,2026國際少年運動會ICG2026世界俱樂部龍舟錦標賽CCWC資訊服務系統網站委外,2025,2026,2,2,6471785,花蓮縣秀林鄉水源國民小學,「2026國際少年運動會(ICG)」暨「2026世界俱樂部龍舟錦標賽(CCWC)」資訊服務系統網站委外案；「2026 國際少年運動會 (ICG) 」暨「 2026 世界俱樂部龍舟錦標賽 (CCWC) 」資訊服務系統網站委外案（第一次契約變更案）,同機關且標題核心相同，尚待人工確認是否為同一專案
candidate_5d920b8c26d5,發展特色運動採購,2015,2022,8,8,6470980,花蓮縣政府,104年度發展特色運動採購；105年發展特色運動採購；106年度發展特色運動採購；107年度發展特色運動採購；108年度發展特色運動計畫採購；109年度發展特色運動採購；110年度發展特色運動計畫採購；111年度發展特色運動計畫採購,同機關且標題核心相同，尚待人工確認是否為同一專案
candidate_da0ec30aa49a,零星急迫性北區開口契約,2016,2019,4,3,6470000,花蓮縣萬榮鄉公所,零星工程及急迫性工程(北區開口契約)；106年度零星工程及急迫性工程(北區開口契約)；108年度零星工程及急迫性工程(北區開口契約),同機關且標題核心相同，尚待人工確認是否為同一專案
candidate_1b522052fc5a,就業安定基金獎勵補助失業者職業訓練,2016,2017,2,2,6458271,花蓮縣政府,105年度就業安定基金獎勵補助計畫-失業者職業訓練；就業安定基金獎勵補助計畫-106年度失業者職業訓練,同機關且標題核心相同，尚待人工確認是否為同一專案
candidate_7ed5068df292,卓溪鄉農業灌溉蓄水池末端管線改善,2011,2013,3,3,6430000,花蓮縣卓溪鄉公所,100年度卓溪鄉農業灌溉蓄水池暨末端管線改善工程；卓溪鄉101年度農業灌溉暨蓄水池及末端管線改善工程；102年度卓溪鄉農業灌溉蓄水池暨末端管線改善工程,同機關且標題核心相同，尚待人工確認是否為同一專案
candidate_40adeb73409f,秀林鄉清潔隊清潔車輛養護採購開口契約,2016,2026,11,6,6413000,花蓮縣秀林鄉公所,秀林鄉105年度清潔隊清潔車輛養護採購開口契約；110年度秀林鄉清潔隊清潔車輛養護採購開口契約；111年度秀林鄉清潔隊清潔車輛養護採購開口契約；112年度秀林鄉清潔隊清潔車輛養護採購開口契約；113年度秀林鄉清潔隊清潔車輛養護採購開口契約；115年度秀林鄉清潔隊清潔車輛養護採購開口契約,同機關且標題核心相同，尚待人工確認是否為同一專案
candidate_b6c4569084fd,亞泥居住安全周邊公共設施排水改善,2019,2020,2,3,6407999,花蓮縣秀林鄉公所,亞泥居住安全周邊公共設施排水改善工程,同機關且標題核心相同，尚待人工確認是否為同一專案
candidate_8de2dd4f5667,小型零星開口契約,2023,2025,3,3,6390000,花蓮縣光復鄉公所,112年度小型零星工程開口契約；113年度小型零星工程開口契約；114年度小型零星工程開口契約,同機關且標題核心相同，尚待人工確認是否為同一專案
candidate_72dc130b1655,花蓮縣都治個營養提貨券,2017,2019,3,3,6385770,花蓮縣政府,106年花蓮縣都治個案營養提貨券；107年花蓮縣都治個案營養提貨券；108年花蓮縣都治個案營養提貨券,同機關且標題核心相同，尚待人工確認是否為同一專案
candidate_92ea11c3f645,花蓮縣政府委託辦理豐濱親子館花蓮縣豐濱鄉托育資源中心,2021,2022,2,2,6380000,花蓮縣政府,花蓮縣政府委託辦理110年度豐濱親子館-花蓮縣豐濱鄉托育資源中心；花蓮縣政府委託辦理111年度豐濱親子館-花蓮縣豐濱鄉托育資源中心(後續擴充),同機關且標題核心相同，尚待人工確認是否為同一專案
candidate_5e9e1465a9f2,花蓮市公有零售市場從業人員花蓮市公所員工歲末聯誼餐會,2015,2026,12,9,6376750,花蓮縣花蓮市公所,104年度花蓮市公有零售市場從業人員暨花蓮市公所員工歲末聯誼餐會；105年度花蓮市公有零售市場從業人員暨花蓮市公所員工歲末聯誼餐會；106年度花蓮市公有零售市場從業人員暨花蓮市公所員工歲末聯誼餐會；107年度花蓮市公有零售市場從業人員暨花蓮市公所員工歲末聯誼餐會；108年度花蓮市公有零售市場從業人員暨花蓮市公所員工歲末聯誼餐會；111年度花蓮市公有零售市場從業人員暨花蓮市公所員工歲末聯誼餐會；113年度花蓮市公有零售市場從業人員暨花蓮市公所員工歲末聯誼餐會；114年度花蓮市公有零售市場從業人員暨花蓮市公所員工歲末聯誼餐會；115年度花蓮市公有零售市場從業人員暨花蓮市公所員工歲末聯誼餐會,同機關且標題核心相同，尚待人工確認是否為同一專案
candidate_1982e7f1cf09,水源社區牆面美化,2020,2021,2,2,6368000,花蓮縣秀林鄉公所,水源社區牆面美化工程(第二期)；水源社區牆面美化工程(第三期),同機關且標題核心相同，尚待人工確認是否為同一專案
candidate_8dddddef528f,花蓮縣飛灰穩定化物清運服務,2019,2022,4,4,6362635,花蓮縣政府,108年度花蓮縣飛灰穩定化物清運服務；109年度花蓮縣飛灰穩定化物清運服務；110年度「花蓮縣飛灰穩定化物清運服務」勞務採購案；111年度「花蓮縣飛灰穩定化物清運服務」勞務採購案,同機關且標題核心相同，尚待人工確認是否為同一專案
candidate_57ffd479ee7d,花蓮縣住宅不動產資訊系統建置都市應用系統擴充,2013,2016,4,2,6360000,花蓮縣政府,花蓮縣住宅及不動產資訊系統建置第一期暨都市計畫應用系統擴充案；花蓮縣住宅及不動產資訊系統第三期建置暨都市計畫應用系統擴充案,同機關且標題核心相同，尚待人工確認是否為同一專案
candidate_25c2e36f5e80,111全中運水上運動划船龍舟輕艇器材租賃,2021,2022,2,2,6348800,花蓮縣吉安鄉宜昌國民小學,111全中運水上運動(划船龍舟輕艇)器材租賃勞務採購案；111全中運水上運動(划船龍舟輕艇)器材租賃勞務採購案(第一次契約變更),同機關且標題核心相同，尚待人工確認是否為同一專案
candidate_0eeff2f2422a,花蓮縣警察局無線電機維修所需相關零件耗材採購,2016,2022,7,7,6300400,花蓮縣政府,花蓮縣警察局105年度無線電機維修所需相關零件及耗材採購案；花蓮縣警察局106年度無線電機維修所需相關零件及耗材採購案；花蓮縣警察局107年度無線電機維修所需相關零件及耗材採購案；花蓮縣警察局108年度無線電機維修所需相關零件及耗材採購案；花蓮縣警察局109年度無線電機維修所需相關零件及耗材採購案；花蓮縣警察局110年度無線電機維修所需相關零件及耗材採購案；花蓮縣警察局111年度無線電機維修所需相關零件及耗材採購案,同機關且標題核心相同，尚待人工確認是否為同一專案
candidate_dc3f5f2a0890,花蓮縣受保護樹木維護開口契約採購,2019,2023,5,5,6300000,花蓮縣政府,108年度花蓮縣受保護樹木維護委託專業服務(開口契約)採購案；109年度花蓮縣受保護樹木維護委託專業服務(開口契約)採購案；110年度花蓮縣受保護樹木維護委託專業服務(開口契約)採購案；111年度花蓮縣受保護樹木維護委託專業服務(開口契約)採購案；112年度花蓮縣受保護樹木維護委託專業服務(開口契約)採購案,同機關且標題核心相同，尚待人工確認是否為同一專案
candidate_ccf1bed479ef,秀林鄉佳民村道路改善,2010,2021,12,3,6270000,花蓮縣秀林鄉公所,秀林鄉佳民村道路改善工程,同機關且標題核心相同，尚待人工確認是否為同一專案
candidate_1e24839fc2c4,花蓮縣鳳林鎮立圖書館閱讀環境改善,2019,2020,2,2,6266000,花蓮縣鳳林鎮公所,花蓮縣鳳林鎮立圖書館閱讀環境改善案；花蓮縣鳳林鎮立圖書館閱讀環境改善案第二期,同機關且標題核心相同，尚待人工確認是否為同一專案
candidate_fa03c91e536c,道路挖掘修復開口契約,2010,2013,4,3,6260000,花蓮縣秀林鄉公所,道路挖掘修復工程（第二期開口契約）；道路挖掘修復工程（開口契約）,同機關且標題核心相同，尚待人工確認是否為同一專案
candidate_fb9362c8b7aa,檔庫房租賃採購,2012,2025,14,14,6253780,花蓮縣政府,102年檔案庫房租賃採購案；103年檔案庫房租賃採購案；104年檔案庫房租賃採購案；105年檔案庫房租賃採購案；106年檔案庫房租賃採購案；107年檔案庫房租賃採購案；108年檔案庫房租賃採購案；109年檔案庫房租賃採購案；110年檔案庫房租賃採購案；111年檔案庫房租賃採購案；112年檔案庫房租賃採購案；113年檔案庫房租賃採購案；114年檔案庫房租賃採購案；115年檔案庫房租賃採購案,同機關且標題核心相同，尚待人工確認是否為同一專案
candidate_116cbd734529,加強公務和諧連繫玫瑰石版畫豐田玉石版畫採購開口契約,2019,2025,7,7,6244000,花蓮縣政府,108年度加強公務和諧連繫-玫瑰石版畫、豐田玉石版畫採購(開口契約)；109年度加強公務和諧連繫-玫瑰石版畫、豐田玉石版畫採購(開口契約)；110年度加強公務和諧連繫-玫瑰石版畫、豐田玉石版畫採購(開口契約)；111年度加強公務和諧連繫-玫瑰石版畫、豐田玉石版畫採購(開口契約)；112年度加強公務和諧連繫-玫瑰石版畫、豐田玉石版畫採購(開口契約)；114年度加強公務和諧連繫－玫瑰石版畫、豐田玉 石版畫採購(開口契約)；115年度加強公務和諧連繫－玫瑰石版畫、豐田玉石版畫採購(開口契約),同機關且標題核心相同，尚待人工確認是否為同一專案
candidate_2bc0a13a17e2,富里鄉搶修搶險開口契約,2024,2026,3,3,6206900,花蓮縣富里鄉公所,富里鄉113年度搶修搶險工程(開口契約)；富里鄉114年度搶修搶險工程(開口契約)；富里鄉115年度搶修搶險工程(開口契約),同機關且標題核心相同，尚待人工確認是否為同一專案
candidate_577025c81412,花蓮縣地方產業創新研發推動地方型SBIR,2017,2025,9,9,6200000,花蓮縣政府,「106年度花蓮縣地方產業創新研發推動計畫（地方型SBIR）」委託專業服務案；「107年度花蓮縣地方產業創新研發推動計畫（地方型SBIR）委託專業服務案」；「108年度花蓮縣地方產業創新研發推動計畫（地方型SBIR）」委託專業服務案；109年度花蓮縣地方產業創新研發推動計畫（地方型SBIR）委託專業服務案；110年度花蓮縣地方產業創新研發推動計畫(地方型SBIR)勞務採購案；「111年度花蓮縣地方產業創新研發推動計畫(地方型SBIR)」 勞務採購案；112年度花蓮縣地方產業創新研發推動計畫（地方型SBIR）委託專業服務案；113年度花蓮縣地方產業創新研發推動計畫（地方型SBIR）委託專業服務案；114年度花蓮縣地方產業創新研發推動計畫（地方型SBIR）委託專業服務案,同機關且標題核心相同，尚待人工確認是否為同一專案
candidate_e4763ba37ef0,豐濱溪堤防,2011,2014,4,2,6200000,花蓮縣政府,豐濱溪堤防工程,同機關且標題核心相同，尚待人工確認是否為同一專案
candidate_898ba98fd629,南北濱公園六期重劃區陽光電城等周邊區域環境清潔維護管理工作,2013,2014,2,2,6200000,花蓮縣政府,「南北濱公園及六期重劃區陽光電城等周邊區域環境清潔維護管理工作」委託專業服務；「南北濱公園及六期重劃區陽光電城等周邊區域環境清潔維護管理工作」委託專業服務案,同機關且標題核心相同，尚待人工確認是否為同一專案
candidate_01619b563b40,秀林鄉各村道路排水溝維護公共設施開口契約,2023,2024,2,2,6180000,花蓮縣秀林鄉公所,112年度秀林鄉各村道路排水溝維護及公共設施工程(開口契約)；113年度秀林鄉各村道路排水溝維護及公共設施工程(開口契約),同機關且標題核心相同，尚待人工確認是否為同一專案
candidate_cd12e61c8145,南北大排水改善,2010,2014,5,4,6165000,花蓮縣政府,南北大排水改善工程；南北大排水改善工程（第二期）,同機關且標題核心相同，尚待人工確認是否為同一專案
candidate_bc5038db6e16,新城鄉順安村轄內道路改善,2022,2024,3,2,6160000,花蓮縣新城鄉公所,新城鄉順安村轄內道路改善工程,同機關且標題核心相同，尚待人工確認是否為同一專案
candidate_e27cad568742,全鄉各村道路路面舖設,2016,2017,2,2,6160000,花蓮縣卓溪鄉公所,105年度全鄉各村道路路面舖設工程；106年度全鄉各村道路路面舖設工程,同機關且標題核心相同，尚待人工確認是否為同一專案
candidate_ae65839c41d9,玉里鎮編號鄉道市區道路重要路段養護,2013,2025,13,3,6150000,花蓮縣玉里鎮公所,玉里鎮編號鄉道及市區道路重要路段養護工程；109年度玉里鎮編號鄉道及市區道路重要路段養護工程；玉里鎮114年度編號鄉道及市區道路重要路段養護工程,同機關且標題核心相同，尚待人工確認是否為同一專案
candidate_8a94e2350992,花蓮市區生活環境綠美化改善,2015,2025,11,6,6143359,花蓮縣花蓮市公所,花蓮市區生活環境綠美化改善計畫；105年度花蓮市區生活環境綠美化改善計畫；107年度花蓮市區生活環境綠美化改善計畫；109年度花蓮市區生活環境綠美化改善計畫；114年度花蓮市區生活環境綠美化改善計畫第二期,同機關且標題核心相同，尚待人工確認是否為同一專案
candidate_5def2ac7792d,花蓮縣吉安鄉七腳川溪自行車道,2011,2013,3,2,6130000,花蓮縣吉安鄉公所,花蓮縣吉安鄉七腳川溪自行車道規劃設計；花蓮縣吉安鄉七腳川溪自行車道新建工程案,同機關且標題核心相同，尚待人工確認是否為同一專案
candidate_849c7c3077d7,花蓮縣警察局外勤員警制服737套採購,2014,2015,2,2,6127418,花蓮縣警察局,花蓮縣警察局外勤員警制服737套採購案；花蓮縣警察局104年度外勤員警制服737套採購案,同機關且標題核心相同，尚待人工確認是否為同一專案
candidate_dae71b0e7e5b,花蓮縣縱谷客家文化拓延,2020,2021,2,2,6120000,花蓮縣政府,花蓮縣縱谷客家文化拓延計畫；110年花蓮縣縱谷客家文化拓延計畫,同機關且標題核心相同，尚待人工確認是否為同一專案
candidate_2d7e8a58f767,至花蓮東大門夜市園區內集水槽等設施委託清理作業開口契約,2023,2025,3,3,6114100,花蓮縣政府,112年至113年花蓮東大門夜市園區內集水槽等設施委託清理作業開口契約；113年至114年花蓮東大門夜市園區內集水槽等設施委託清理作業開口契約；114年至115年花蓮東大門夜市園區內集水槽等設施委託清理作業開口契約,同機關且標題核心相同，尚待人工確認是否為同一專案
candidate_8f158321c9ed,本鄉道路排水溝公共設施改善開口契約,2025,2026,2,2,6100000,花蓮縣秀林鄉公所,114年度本鄉道路排水溝及公共設施改善工程(開口契約)；115年度本鄉道路排水溝及公共設施改善工程(開口契約),同機關且標題核心相同，尚待人工確認是否為同一專案
candidate_33080d2d8a85,加強公務和諧連繫蝴蝶蘭花盆栽高架花籃增購開口契約,2020,2021,2,3,6065800,花蓮縣政府,109年度加強公務和諧連繫-蝴蝶蘭花盆栽、高架花籃增購(開口契約)；110年度加強公務和諧連繫-蝴蝶蘭花盆栽、高架花籃增購(開口契約)；110年度加強公務和諧連繫-蝴蝶蘭花盆栽、高架花籃增購(開口契約)後續擴充案,同機關且標題核心相同，尚待人工確認是否為同一專案
candidate_a44981f4062b,吉安鄉自行車步道休憩景觀環境維護開口契約,2020,2022,3,3,6058000,花蓮縣吉安鄉公所,109年度吉安鄉自行車及步道休憩景觀環境維護(開口契約)；110年度吉安鄉自行車及步道休憩景觀環境維護(開口契約)；111年度吉安鄉自行車及步道休憩景觀環境維護(開口契約),同機關且標題核心相同，尚待人工確認是否為同一專案
candidate_a3e901baeac9,水稻葉穗稻熱病綜合防治藥劑開口合約採購,2015,2018,4,4,6032000,花蓮縣玉里鎮公所,104年度水稻葉穗稻熱病綜合防治藥劑(開口合約)採購案；105年度水稻葉穗稻熱病綜合防治藥劑(開口合約)採購案；106年度水稻葉穗稻熱病綜合防治藥劑(開口合約)採購案；107年度水稻葉穗稻熱病綜合防治藥劑(開口合約)採購案,同機關且標題核心相同，尚待人工確認是否為同一專案
candidate_608b2316dd9a,新城鄉轄內道路改善,2013,2020,8,2,6030000,花蓮縣新城鄉公所,新城鄉轄內道路改善工程,同機關且標題核心相同，尚待人工確認是否為同一專案
candidate_fc02545a28c3,花蓮縣水土保持監督檢查,2023,2026,4,4,6030000,花蓮縣政府,112年度花蓮縣水土保持計畫監督檢查計畫；113年度花蓮縣水土保持計畫監督檢查計畫；114年度花蓮縣水土保持計畫監督檢查計畫；114年度花蓮縣水土保持計畫監督檢查計畫（後續擴充）,同機關且標題核心相同，尚待人工確認是否為同一專案
candidate_b9869ea122d4,花蓮縣交通委託設計監造開口契約原契約,2023,2026,4,3,6000000,花蓮縣政府,111年花蓮縣交通工程委託設計監造案(開口契約)(原契約後續擴充)；113年度花蓮縣交通工程委託設計監造案(開口契約)(原契約後續擴充)；114年度花蓮縣交通工程委託設計監造案(開口契約)(原契約後續擴充),同機關且標題核心相同，尚待人工確認是否為同一專案
candidate_2d4c7589a54e,花蓮縣消防局119救災救護指揮派遣系統核心設備維護,2023,2025,3,3,5998000,花蓮縣消防局,花蓮縣消防局113年119救災救護指揮派遣系統核心設備維護案；花蓮縣消防局114年119救災救護指揮派遣系統核心設備維護案；花蓮縣消防局115年「119救災救護指揮派遣系統核心設備維護案」,同機關且標題核心相同，尚待人工確認是否為同一專案
candidate_12bfb61fd29b,花蓮縣政府電視網路訊息觀測,2023,2026,4,4,5997300,花蓮縣政府,花蓮縣政府112年電視暨網路訊息觀測案；花蓮縣政府113年電視暨網路訊息觀測案；花蓮縣政府114年電視暨網路訊息觀測案；花蓮縣政府115年電視暨網路訊息觀測案,同機關且標題核心相同，尚待人工確認是否為同一專案
candidate_0cde3bbcc096,花蓮縣鑄強國民小學東大樓校舍耐震補強,2020,2021,2,2,5990395,花蓮縣政府,花蓮縣鑄強國民小學東大樓校舍耐震補強工程；「花蓮縣鑄強國民小學東大樓校舍耐震補強工程」第一次變更設計,同機關且標題核心相同，尚待人工確認是否為同一專案
candidate_7af83f523b39,全鄉各村道路路面鋪設,2015,2026,12,2,5970000,花蓮縣卓溪鄉公所,104年度全鄉各村道路路面鋪設工程；115年度全鄉各村道路路面鋪設工程,同機關且標題核心相同，尚待人工確認是否為同一專案
candidate_75ffb9a676db,港口國小宿舍改善,2019,2020,2,3,5968000,花蓮縣政府,港口國小107年度宿舍改善工程；港口國小108年度宿舍改善工程；港口國小109年度宿舍改善工程,同機關且標題核心相同，尚待人工確認是否為同一專案
candidate_6ad14162b856,花蓮縣社區農村再生輔導,2025,2026,2,2,5960000,花蓮縣政府,114年花蓮縣社區農村再生輔導計畫委託專業服務案；115年花蓮縣社區農村再生輔導計畫委託專業服務案,同機關且標題核心相同，尚待人工確認是否為同一專案
candidate_5f0a7a48de05,花蓮縣政府赴寺廟參拜祈福購置鮮花花禮組財物採購開口契約,2013,2016,4,3,5943500,花蓮縣政府,花蓮縣政府赴寺廟參拜祈福購置鮮花花禮組財物採購開口契約,同機關且標題核心相同，尚待人工確認是否為同一專案
candidate_e839c752db7d,兒童少年結束家外安置後續追蹤輔導服務,2021,2022,2,2,5940000,花蓮縣政府,110年度兒童及少年結束家外安置後續追蹤輔導服務；111年度兒童及少年結束家外安置後續追蹤輔導服務(後續擴充),同機關且標題核心相同，尚待人工確認是否為同一專案
candidate_a4f9c1f9ad05,花蓮縣政府財政系統電腦軟體維護作業,2019,2025,7,8,5938950,花蓮縣政府,花蓮縣政府財政系統電腦軟體維護作業案；花蓮縣政府財政系統電腦軟體維護作業,同機關且標題核心相同，尚待人工確認是否為同一專案
candidate_7fe1572feecb,花蓮市白燈塔中韓公園基礎設施改善,2021,2022,2,2,5924360,花蓮縣花蓮市公所,110年度花蓮市白燈塔及中韓公園基礎設施改善工程,同機關且標題核心相同，尚待人工確認是否為同一專案
candidate_a69c1de568b6,安通文化健康站友善空間整建,2019,2020,2,2,5911000,花蓮縣政府,安通文化健康站友善空間整建工程；安通文化健康站友善空間整建工程(第一次變更設計),同機關且標題核心相同，尚待人工確認是否為同一專案
candidate_c2f090be28fc,花蓮縣部落公共網路服務專管中心,2019,2023,5,5,5900000,花蓮縣政府,108年度花蓮縣部落公共網路服務計畫專管中心勞務採購案；109年度花蓮縣部落公共網路服務計畫專管中心勞務採購案；110年度花蓮縣部落公共網路服務計畫專管中心勞務採購案；111年度花蓮縣部落公共網路服務計畫專管中心勞務採購案；112年度花蓮縣部落公共網路服務計畫專管中心勞務採購案,同機關且標題核心相同，尚待人工確認是否為同一專案
candidate_2b2f7960e108,全鄉基礎設施改善,2025,2026,2,2,5894367,花蓮縣卓溪鄉公所,全鄉基礎設施改善工程；115年度全鄉基礎設施改善工程,同機關且標題核心相同，尚待人工確認是否為同一專案
candidate_adb160e67f0f,花蓮縣消防局公務車輛保養維護採購,2014,2021,8,5,5882257,花蓮縣政府,103年度花蓮縣消防局公務車輛保養維護採購案；104年度花蓮縣消防局公務車輛保養維護採購案；花蓮縣消防局108年度公務車輛保養維護採購案；花蓮縣消防局109年度公務車輛保養維護採購案；花蓮縣消防局110年度公務車輛保養維護採購案,同機關且標題核心相同，尚待人工確認是否為同一專案
candidate_78ceabed8a3e,瑞穗鄉路燈維修開口契約,2021,2023,3,3,5880000,花蓮縣瑞穗鄉公所,110年度瑞穗鄉路燈維修工程(開口契約)；111年度瑞穗鄉路燈維修工程(開口契約)；112年度瑞穗鄉路燈維修工程(開口契約),同機關且標題核心相同，尚待人工確認是否為同一專案
candidate_99c58e8bc602,瑞穗鄉樹木修剪等綠美化開口契約,2019,2026,8,7,5873800,花蓮縣瑞穗鄉公所,108年度瑞穗鄉樹木修剪等綠美化勞務採購開口契約案；109年度瑞穗鄉樹木修剪等綠美化勞務採購開口契約；110年度瑞穗鄉樹木修剪等綠美化勞務採購開口契約；111年度瑞穗鄉樹木修剪等綠美化勞務採購開口契約；112年度瑞穗鄉樹木修剪等綠美化勞務採購開口契約；113年度瑞穗鄉樹木修剪等綠美化勞務採購開口契約；115年度瑞穗鄉樹木修剪等綠美化勞務採購開口契約,同機關且標題核心相同，尚待人工確認是否為同一專案
candidate_b78725cbe51e,編號鄉道市區道路重要路段養護開口契約,2011,2013,3,3,5870000,花蓮縣富里鄉公所,100年度編號鄉道及市區道路重要路段養護工程開口契約；101年度編號鄉道及市區道路重要路段養護工程(開口契約)；102年度編號鄉道及市區道路重要路段養護工程(開口契約),同機關且標題核心相同，尚待人工確認是否為同一專案
candidate_8a2ee1997960,玉里鎮客家生活館周邊空間改善,2011,2012,2,2,5862240,花蓮縣玉里鎮公所,玉里鎮客家生活館暨周邊空間改善規劃設計暨工程案；玉里鎮客家生活館暨周邊空間改善工程,同機關且標題核心相同，尚待人工確認是否為同一專案
candidate_af5f5f974482,花蓮縣社區農村再生專管理輔導培根團隊,2020,2021,2,2,5860000,花蓮縣政府,109年度花蓮縣社區農村再生專案管理輔導及培根團隊委託專業服務案；110年度花蓮縣社區農村再生專案管理輔導及培根團隊委託專業服務案,同機關且標題核心相同，尚待人工確認是否為同一專案
candidate_a7e42c67723e,壽豐鄉公所商品券開口契約,2016,2023,8,10,5857305,花蓮縣壽豐鄉公所,105年度壽豐鄉公所商品券開口契約；106年度壽豐鄉公所商品券開口契約；107年度壽豐鄉公所商品券開口契約；107年度壽豐鄉公所第二次商品券開口契約；108年度壽豐鄉公所商品券開口契約；109年度壽豐鄉公所商品券開口契約；110年度壽豐鄉公所商品券開口契約；111年度壽豐鄉公所商品券開口契約；113年度壽豐鄉公所商品券開口契約,同機關且標題核心相同，尚待人工確認是否為同一專案
candidate_e8413fd2aef6,天然災害搶險搶修開口契約採購,2011,2014,4,2,5850000,花蓮縣政府,100年度天然災害搶險搶修工程開口契約採購；99年度天然災害搶險搶修工程開口契約採購,同機關且標題核心相同，尚待人工確認是否為同一專案
candidate_526c7a887969,花蓮縣政府山坡地非農業使用水土保持委託施工檢查開口契約,2013,2019,7,6,5835975,花蓮縣政府,102年度花蓮縣政府山坡地非農業使用水土保持計畫委託施工檢查開口契約；103年度花蓮縣政府山坡地非農業使用水土保持計畫委託施工檢查開口契約；104年度花蓮縣政府山坡地非農業使用水土保持計畫委託施工檢查開口契約；105年度花蓮縣政府山坡地非農業使用水土保持計畫委託施工檢查開口契約；106年度花蓮縣政府山坡地非農業使用水土保持計畫委託施工檢查開口契約；107年花蓮縣政府山坡地非農業使用水土保持計畫委託施工檢查開口契約,同機關且標題核心相同，尚待人工確認是否為同一專案
candidate_47c0326182cb,秀林村路面改善,2011,2022,12,2,5820000,花蓮縣秀林鄉公所,秀林村路面改善工程,同機關且標題核心相同，尚待人工確認是否為同一專案
candidate_ec125a353d08,緊急救護雲端作業系統維護,2023,2026,4,4,5812003,花蓮縣消防局,112年緊急救護雲端作業系統維護案；113年緊急救護雲端作業系統維護案；114年緊急救護雲端作業系統維護案；115年緊急救護雲端作業系統維護,同機關且標題核心相同，尚待人工確認是否為同一專案
candidate_b12c9a1c7276,三民國中改善偏遠地區國民中小學宿舍整建,2018,2019,2,2,5810000,花蓮縣政府,三民國中106年度改善偏遠地區國民中小學宿舍整建工程；三民國中107年度改善偏遠地區國民中小學宿舍整建工程,同機關且標題核心相同，尚待人工確認是否為同一專案
candidate_f3b5a5392ce1,花蓮縣吉安鄉區域排水一般排水清淤,2020,2026,7,10,5809900,花蓮縣吉安鄉公所,109年度花蓮縣吉安鄉區域排水及一般排水清淤工程(第二期)；110年度花蓮縣吉安鄉區域排水及一般排水清淤工程；110年度花蓮縣吉安鄉區域排水及一般排水清淤工程(第二期)；111年度花蓮縣吉安鄉區域排水及一般排水清淤工程；112年度花蓮縣吉安鄉區域排水及一般排水清淤工程；112年度花蓮縣吉安鄉區域排水及一般排水清淤工程(第二期)；113年度花蓮縣吉安鄉區域排水及一般排水清淤工程；114年度花蓮縣吉安鄉區域排水及一般排水清淤工程；114年度花蓮縣吉安鄉區域排水及一般排水清淤工程(第二期)；115年度花蓮縣吉安鄉區域排水及一般排水清淤工程(第二期),同機關且標題核心相同，尚待人工確認是否為同一專案
candidate_6b309a247849,花蓮縣戶役政資訊系統電腦軟硬體設備維護,2014,2015,2,2,5798000,花蓮縣政府,103年度花蓮縣戶役政資訊系統電腦軟硬體設備維護；104年度花蓮縣戶役政資訊系統電腦軟硬體設備維護,同機關且標題核心相同，尚待人工確認是否為同一專案
candidate_32c3f70fc34b,花蓮縣卓溪鄉參加全國布農族射耳祭傳統技能競賽活動食宿交通採購,2017,2026,10,2,5795000,花蓮縣卓溪鄉公所,花蓮縣卓溪鄉參加106年度全國布農族射耳祭暨傳統技能競賽活動食宿交通採購案；花蓮縣卓溪鄉參加115年度全國布農族射耳祭暨傳統技能競賽活動食宿交通採購案,同機關且標題核心相同，尚待人工確認是否為同一專案
candidate_34df2470b687,富世村牆面美化,2011,2025,15,2,5790000,花蓮縣秀林鄉公所,富世村牆面美化工程,同機關且標題核心相同，尚待人工確認是否為同一專案
candidate_e1f5eb13a1c9,基層運動選手訓練站訓練環境器材設備,2022,2025,4,4,5787650,花蓮縣立國風國民中學,111年度基層運動選手訓練站訓練環境及器材設備；112年度基層運動選手訓練站訓練環境及器材設備計畫；113年度基層運動選手訓練站訓練環境及器材設備；114年度基層運動選手訓練站訓練環境及器材設備,同機關且標題核心相同，尚待人工確認是否為同一專案
candidate_11c4dfc6d98d,花蓮縣警察局員警勤務鞋採購,2022,2026,5,3,5787356,花蓮縣警察局,花蓮縣警察局111年度員警勤務鞋採購案；花蓮縣警察局112年度員警勤務鞋採購案；花蓮縣警察局115年度員警勤務鞋採購案,同機關且標題核心相同，尚待人工確認是否為同一專案
candidate_3f690f9ea9f1,花蓮縣宜昌國民小學綜合球場籃球排球網球整修,2023,2024,2,2,5787054,花蓮縣吉安鄉宜昌國民小學,花蓮縣宜昌國民小學綜合球場(籃球/排球/網球)整修工程；「花蓮縣宜昌國民小學綜合球場(籃球/排球/網球)整修工程」第一次契約變更,同機關且標題核心相同，尚待人工確認是否為同一專案
candidate_843b0f16aeef,花蓮縣消防局119指揮中心資電設備遷建,2015,2016,2,2,5780000,花蓮縣政府,花蓮縣消防局119指揮中心資電設備遷建案,同機關且標題核心相同，尚待人工確認是否為同一專案
candidate_78c48dcee16f,垃圾車資源回收車等車輛維修開口契約,2017,2025,9,11,5775500,花蓮縣壽豐鄉公所,106年度垃圾車、資源回收車等車輛維修開口契約；107年度垃圾車、資源回收車等車輛維修開口契約；107年度垃圾車、資源回收車等車輛維修第二次開口契約；108年度垃圾車、資源回收車等車輛維修開口契約；109年度垃圾車、資源回收車等車輛維修開口契約；109年度垃圾車、資源回收車等車輛維修第二次開口契約；110年度垃圾車、資源回收車等車輛維修開口契約；111年度垃圾車、資源回收車等車輛維修開口契約；112年度垃圾車、資源回收車等車輛維修(開口契約)；113年度垃圾車、資源回收車等車輛維修(開口契約)；114年度垃圾車、資源回收車等車輛維修(開口契約),同機關且標題核心相同，尚待人工確認是否為同一專案
candidate_2e3972c3b25c,資源回收業務觀摩活動,2018,2025,8,5,5767867,花蓮縣花蓮市公所,107年度資源回收業務觀摩活動；108年度資源回收業務觀摩活動；109年度資源回收業務觀摩活動；112年度資源回收業務觀摩活動；114年度資源回收業務觀摩活動,同機關且標題核心相同，尚待人工確認是否為同一專案
candidate_d84ddeda5785,本鄉各村道路排水溝維護公共設施二期開口契約,2014,2019,6,3,5760000,花蓮縣秀林鄉公所,103年本鄉各村道路排水溝維護及公共設施二期工程(開口契約)；107年本鄉各村道路排水溝維護及公共設施二期工程(開口契約)；108年本鄉各村道路排水溝維護及公共設施二期工程(開口契約),同機關且標題核心相同，尚待人工確認是否為同一專案
candidate_838bd1b3011b,路燈維修器材工資清理費用開口契約,2011,2015,5,5,5735000,花蓮縣卓溪鄉公所,100年路燈維修器材工資及清理費用(開口契約)工程；101年路燈維修器材工資及清理費用(開口契約)工程；102年路燈維修器材工資及清理費用(開口契約)工程；103年路燈維修器材工資及清理費用(開口契約)工程；104年路燈維修器材工資及清理費用（開口契約）工程,同機關且標題核心相同，尚待人工確認是否為同一專案
candidate_737712590fa7,花蓮縣永續發展環境面向指標推動,2024,2025,2,2,5735000,花蓮縣環境保護局,113年花蓮縣永續發展環境面向指標推動計畫；114年花蓮縣永續發展環境面向指標推動計畫,同機關且標題核心相同，尚待人工確認是否為同一專案
candidate_367d0531fdb0,新城鄉建築類委外設計監造服務開口契約,2016,2023,8,4,5728500,花蓮縣新城鄉公所,新城鄉105年度建築類委外設計監造服務開口契約；新城鄉106年度建築類委外設計監造服務開口契約；新城鄉110年度建築類委外設計監造服務開口契約；新城鄉112年度建築類委外設計監造服務開口契約,同機關且標題核心相同，尚待人工確認是否為同一專案
candidate_a4846561da25,各村路燈維修耗材費開口契約,2012,2015,4,5,5727500,花蓮縣秀林鄉公所,各村路燈維修耗材費（開口契約）；各村路燈維修耗材費（第二期開口契約）；103年各村路燈維修耗材費（開口契約）；104年各村路燈維修耗材費（開口契約）,同機關且標題核心相同，尚待人工確認是否為同一專案
candidate_6f7bc25024e9,射箭運動器材設備,2025,2026,2,2,5689096,花蓮縣政府,114年度射箭運動器材設備；115年度射箭運動器材設備,同機關且標題核心相同，尚待人工確認是否為同一專案
candidate_cb2f38de99a4,荖福埔溪排水改善,2010,2012,3,3,5680000,花蓮縣政府,荖福埔溪排水改善工程,同機關且標題核心相同，尚待人工確認是否為同一專案
candidate_ca778b7ecfd5,各村路燈維修外線改善,2012,2015,4,4,5675000,花蓮縣萬榮鄉公所,101年度各村路燈維修及外線改善工程；102年度各村路燈維修及外線改善工程；103年度各村路燈維修及外線改善工程；104年度各村路燈維修及外線改善工程,同機關且標題核心相同，尚待人工確認是否為同一專案
candidate_dc2439ae593b,公共造產疏濬測量委託開口契約,2023,2024,2,3,5670117,花蓮縣政府,112年度公共造產疏濬工程測量委託(開口契約)；113年度公共造產疏濬工程測量委託(開口契約)；114年度公共造產疏濬工程測量委託(開口契約),同機關且標題核心相同，尚待人工確認是否為同一專案
candidate_0cc9f4bd36e6,花蓮縣兒童少年家庭寄養服務,2016,2021,6,4,5670000,花蓮縣政府,105年度花蓮縣兒童及少年家庭寄養服務計畫；107年度花蓮縣兒童及少年家庭寄養服務計畫；109年度花蓮縣兒童及少年家庭寄養服務計畫；110年度花蓮縣兒童及少年家庭寄養服務計畫(後續擴充案),同機關且標題核心相同，尚待人工確認是否為同一專案
candidate_144712e8563f,秀林鄉區域排水一般排水清淤開口契約,2012,2026,15,14,5668300,花蓮縣秀林鄉公所,秀林鄉區域排水及一般排水清淤工程（開口契約）；103年秀林鄉區域排水及一般排水清淤工程（開口契約）；104年秀林鄉區域排水及一般排水清淤工程（開口契約）；109年度秀林鄉區域排水及一般排水清淤工程（開口契約）；110年度秀林鄉區域排水及一般排水清淤工程(開口契約)；110年度秀林鄉區域排水及一般排水清淤工程(開口契約)-第2期；111年度秀林鄉區域排水及一般排水清淤工程（開口契約）；111年度秀林鄉區域排水及一般排水清淤工程(開口契約)-第2期；112年度秀林鄉區域排水及一般排水清淤工程（開口契約）；113年度秀林鄉區域排水及一般排水清淤工程（開口契約）；113年度秀林鄉區域排水及一般排水清淤工程（開口契約）-第二期；114年度秀林鄉區域排水及一般排水清淤工程(開口契約)-第二期；115年度秀林鄉區域排水及一般排水清淤工程(開口契約),同機關且標題核心相同，尚待人工確認是否為同一專案
candidate_8a7ec240f529,區域排水一般排水清淤,2016,2023,8,12,5664800,花蓮縣光復鄉公所,區域排水及一般排水清淤工程；區域排水及一般排水清淤工程(第二期)；110年度區域排水及一般排水清淤工程；110年度區域排水及一般排水清淤工程(第二期)；111年度區域排水及一般排水清淤工程；111年度區域排水及一般排水清淤工程(第二期)；112年度區域排水及一般排水清淤工程；112年度區域排水及一般排水清淤工程(第二期),同機關且標題核心相同，尚待人工確認是否為同一專案
candidate_33a4057eceed,花蓮縣崇德板下至花蓮溪出海口以北水域遊憩活動安全提升,2023,2026,4,4,5641000,花蓮縣政府,112年花蓮縣崇德板下至花蓮溪出海口以北水域遊憩活動安全提升計畫案；113年花蓮縣崇德板下至花蓮溪出海口以北水域遊憩活動安全提升計畫案；114年花蓮縣崇德板下至花蓮溪出海口以北水域遊憩活動安全提升計畫案；115年花蓮縣崇德板下至花蓮溪出海口以北水域遊憩活動安全提升計畫,同機關且標題核心相同，尚待人工確認是否為同一專案
candidate_0e8455a951c6,秀林鄉陶樸閣垃圾衛生掩埋場營運期間監測和平掩埋場復育監測採購,2018,2026,9,8,5638485,花蓮縣秀林鄉公所,107年度秀林鄉陶樸閣垃圾衛生掩埋場營運期間監測及和平掩埋場復育計畫監測採購；109年度秀林鄉陶樸閣垃圾衛生掩埋場營運期間監測及和平掩埋場復育計畫監測採購；110年度秀林鄉陶樸閣垃圾衛生掩埋場營運期間監測及和平掩埋場復育計畫監測採購；111年度秀林鄉陶樸閣垃圾衛生掩埋場營運期間監測及和平掩埋場復育計畫監測採購；112年度秀林鄉陶樸閣垃圾衛生掩埋場營運期間監測及和平掩埋場復育計畫監測採購；113年度秀林鄉陶樸閣垃圾衛生掩埋場營運期間監測及和平掩埋場復育計畫監測採購；114年度秀林鄉陶樸閣垃圾衛生掩埋場營運期間監測及和平掩埋場復育計畫監測採購；115年度秀林鄉陶樸閣垃圾衛生掩埋場營運期間監測及和平掩埋場復育計畫監測採購,同機關且標題核心相同，尚待人工確認是否為同一專案
candidate_57d5ae85ca2a,花蓮縣身心障礙福利服務中心附設溫水游泳池經營管理委外,2012,2014,3,2,5634000,花蓮縣政府,花蓮縣身心障礙福利服務中心及附設溫水游泳池經營管理委外案；花蓮縣身心障礙福利服務中心暨附設溫水游泳池經營管理委外案,同機關且標題核心相同，尚待人工確認是否為同一專案
candidate_5c538bf6a5b4,文蘭山區產業道路改善,2012,2019,8,4,5628000,花蓮縣秀林鄉公所,文蘭山區產業道路改善工程,同機關且標題核心相同，尚待人工確認是否為同一專案
candidate_fd410896b887,花蓮縣政府歲末員工聯歡餐會,2011,2019,9,8,5610000,花蓮縣政府,花蓮縣政府100年歲末員工聯歡餐會；花蓮縣政府101年歲末員工聯歡餐會；花蓮縣政府102年歲末員工聯歡餐會；花蓮縣政府103年歲末員工聯歡餐會；花蓮縣政府105年歲末員工聯歡餐會勞務採購案；花蓮縣政府106年歲末員工聯歡餐會；「花蓮縣政府107年歲末員工聯歡餐會」勞務採購案；「花蓮縣政府108年歲末員工聯歡餐會」勞務採購案,同機關且標題核心相同，尚待人工確認是否為同一專案
candidate_5ddc4c8fdd91,花蓮縣情定洄瀾戀戀花蓮集團結婚活動,2011,2014,4,2,5610000,花蓮縣政府,花蓮縣100年「情定洄瀾  戀戀花蓮」集團結婚活動；花蓮縣99年「情定洄瀾  戀戀花蓮」集團結婚活動,同機關且標題核心相同，尚待人工確認是否為同一專案
candidate_7e41d437a275,長照服務機構評鑑含,2024,2025,2,3,5610000,花蓮縣衛生局,113年度長照服務機構評鑑(含後續擴充)；113年度長照服務機構評鑑(含後續擴充)第1次後續擴充；115年度長照服務機構評鑑(含後續擴充),同機關且標題核心相同，尚待人工確認是否為同一專案
candidate_40942f3c0c08,美崙溪河道整理,2017,2018,2,2,5608000,花蓮縣政府,美崙溪河道整理工程,同機關且標題核心相同，尚待人工確認是否為同一專案
candidate_ef116162382b,花蓮縣政府周邊環境園藝綠美化採購,2023,2026,4,4,5599000,花蓮縣政府,112年度花蓮縣政府周邊環境園藝綠美化採購；113年度花蓮縣政府周邊環境園藝綠美化採購；114年度花蓮縣政府周邊環境園藝綠美化採購；115年度花蓮縣政府周邊環境園藝綠美化採購,同機關且標題核心相同，尚待人工確認是否為同一專案
candidate_5919e53f24d2,原住民公教會館信義街2號拆除,2025,2026,2,2,5597600,花蓮縣政府,原住民公教會館(信義街2號)拆除工程；原住民公教會館(信義街2號)拆除工程(第一次變更設計),同機關且標題核心相同，尚待人工確認是否為同一專案
candidate_73472310d3c8,結核病防治營業衛生業務宣導品開口契約,2022,2025,4,3,5596600,花蓮縣衛生局,111年結核病防治暨營業衛生業務宣導品開口契約；113年結核病防治暨營業衛生業務宣導品開口契約；114年結核病防治暨營業衛生業務宣導品開口契約,同機關且標題核心相同，尚待人工確認是否為同一專案
candidate_5a8c621523d3,花蓮縣立體育場轄下各場館消防設備改善,2020,2025,6,3,5595097,花蓮縣政府,109年度花蓮縣立體育場轄下各場館消防設備改善勞務採購；110年度花蓮縣立體育場轄下各場館消防設備改善勞務採購；114年度花蓮縣立體育場轄下各場館消防設備改善勞務採購,同機關且標題核心相同，尚待人工確認是否為同一專案
candidate_c72a431be206,花蓮縣消防局公務車輛輪胎更換維護,2017,2021,5,5,5595075,花蓮縣政府,花蓮縣消防局106年度公務車輛輪胎更換維護案；花蓮縣消防局107年度公務車輛輪胎更換維護案；花蓮縣消防局108年度公務車輛輪胎更換維護案；花蓮縣消防局109年度公務車輛輪胎更換維護案；花蓮縣消防局110年度公務車輛輪胎更換維護案,同機關且標題核心相同，尚待人工確認是否為同一專案
candidate_7a166533956e,花蓮縣水環境維護管理,2014,2015,2,2,5550000,花蓮縣環境保護局,103年度花蓮縣水環境維護管理計畫；104年度花蓮縣水環境維護管理計畫,同機關且標題核心相同，尚待人工確認是否為同一專案
candidate_0c8887d2537c,花蓮縣垃圾轉運監督稽查評估,2015,2018,4,3,5544000,花蓮縣政府,104年度花蓮縣垃圾轉運監督稽查評估計畫；105年度花蓮縣垃圾轉運監督稽查評估計畫；107年度花蓮縣垃圾轉運監督稽查評估計畫,同機關且標題核心相同，尚待人工確認是否為同一專案
candidate_fb50cbf8fd60,花蓮縣政府交通安全宣導,2011,2016,6,4,5537220,花蓮縣政府,花蓮縣政府100年度交通安全宣導勞務採購案；花蓮縣政府101年交通安全宣導勞務採購案；花蓮縣政府104年交通安全宣導勞務採購案；花蓮縣政府105年交通安全宣導勞務採購案,同機關且標題核心相同，尚待人工確認是否為同一專案
candidate_89e3b921612e,豐濱鄉內道路改善,2011,2017,7,2,5530000,花蓮縣豐濱鄉公所,豐濱鄉內道路改善工程；105年度豐濱鄉內道路改善工程,同機關且標題核心相同，尚待人工確認是否為同一專案
candidate_6db72355237d,松園別館硬體設施維護,2012,2015,4,2,5518000,花蓮縣政府,101年松園別館硬體設施維護工程；104年松園別館硬體設施維護工程,同機關且標題核心相同，尚待人工確認是否為同一專案
candidate_62339df3774c,光復鄉轄內道路改善,2018,2021,4,3,5500000,花蓮縣光復鄉公所,光復鄉轄內道路改善工程,同機關且標題核心相同，尚待人工確認是否為同一專案
candidate_33ad4847d24d,委託辦理國際友善氛圍營造輔導團專業服務,2024,2026,3,2,5500000,花蓮縣政府,113年委託辦理國際友善氛圍營造輔導團專業服務；115年委託辦理國際友善氛圍營造輔導團專業服務,同機關且標題核心相同，尚待人工確認是否為同一專案
candidate_69db74851afe,花蓮縣文化局天然災害搶修零星預約,2010,2013,4,4,5496100,花蓮縣政府,花蓮縣文化局99年度天然災害搶修零星預約工程；花蓮縣文化局100年度天然災害搶修零星預約工程；花蓮縣文化局101年度天然災害搶修零星預約工程；花蓮縣文化局102年度天然災害搶修零星預約工程,同機關且標題核心相同，尚待人工確認是否為同一專案
candidate_557e6499d150,七星潭風景區等區域環境清潔景觀維護工作,2010,2011,2,2,5484200,花蓮縣政府,100年度「七星潭風景區等區域環境清潔及景觀維護工作」,同機關且標題核心相同，尚待人工確認是否為同一專案
candidate_4f4a6017cd00,紅葉村基層建設,2023,2025,3,2,5475000,花蓮縣萬榮鄉公所,112年度紅葉村基層建設工程；113年度紅葉村基層建設工程,同機關且標題核心相同，尚待人工確認是否為同一專案
candidate_d570c00728f6,都市雨水下水道清淤,2012,2019,8,7,5470000,花蓮縣新城鄉公所,101年度都市計畫雨水下水道清淤工程；102年度都市計畫雨水下水道清淤工程；103年度都市計畫雨水下水道清淤工程；104年度都市計畫雨水下水道清淤工程；106年度都市計畫雨水下水道清淤工程；107年度都市計畫雨水下水道清淤工程；108年度都市計畫雨水下水道清淤工程,同機關且標題核心相同，尚待人工確認是否為同一專案
candidate_0dd653be0b1b,111路牌反射鏡改善開口契約,2021,2022,2,2,5467220,花蓮縣花蓮市公所,(111)路牌、反射鏡改善工程(開口契約),同機關且標題核心相同，尚待人工確認是否為同一專案
candidate_0ca6db5be949,學田排水護岸改善,2023,2024,2,2,5449919,花蓮縣政府,112年度學田排水護岸改善工程；113年度學田排水護岸改善工程,同機關且標題核心相同，尚待人工確認是否為同一專案
candidate_cc0b5e1946ff,嘉里國小航空噪音防制設施,2022,2024,3,2,5448460,花蓮縣新城鄉嘉里國民小學,嘉里國小111年度航空噪音防制設施工程；嘉里國小113年度航空噪音防制設施工程,同機關且標題核心相同，尚待人工確認是否為同一專案
candidate_d14a6d2c8224,羅莫溪排水改善,2018,2019,2,2,5448000,花蓮縣政府,羅莫溪排水改善工程；108年度羅莫溪排水改善工程,同機關且標題核心相同，尚待人工確認是否為同一專案
candidate_ae7eee4cabb0,清潔隊重機械車輛維修採購,2014,2023,10,9,5447500,花蓮縣吉安鄉公所,104年度清潔隊重機械車輛維修採購案；105年度清潔隊重機械車輛維修採購案；106年度清潔隊重機械車輛維修採購案；108年度清潔隊重機械車輛維修採購案；109年度清潔隊重機械車輛維修採購案；110年度清潔隊重機械車輛維修採購案；111年度清潔隊重機械車輛維修採購案；112年度清潔隊重機械車輛維修採購案；113年度清潔隊重機械車輛維修採購案,同機關且標題核心相同，尚待人工確認是否為同一專案
candidate_b566b83f88fd,編號鄉道市區道路重要路段養護開口契約,2010,2011,2,2,5441895,花蓮縣玉里鎮公所,編號鄉道及市區道路重要路段養護工程(開口契約),同機關且標題核心相同，尚待人工確認是否為同一專案
candidate_4025391b8dfe,美崙溪防汛道路改善,2014,2024,11,2,5427000,花蓮縣政府,美崙溪防汛道路改善工程；113年度美崙溪防汛道路改善工程,同機關且標題核心相同，尚待人工確認是否為同一專案
candidate_1864eedd2d07,花蓮市立圖書館中文圖書採購含編目加工,2018,2026,9,11,5424638,花蓮縣花蓮市公所,花蓮市立圖書館107年度中文圖書採購(含編目及加工)；花蓮市立圖書館108年度中文圖書採購(含編目及加工)；花蓮市立圖書館109年度中文圖書採購(含編目及加工)；花蓮市立圖書館109年度中文圖書採購(含編目及加工)後續擴充；花蓮市立圖書館110年度中文圖書採購(含編目及加工)；花蓮市立圖書館110年度第二次中文圖書採購(含編目及加工)；花蓮市立圖書館111年度中文圖書採購(含編目及加工)；花蓮市立圖書館112年度中文圖書採購(含編目及加工)；花蓮市立圖書館113年度中文圖書採購(含編目及加工)；花蓮市立圖書館114年度中文圖書採購(含編目及加工)；花蓮市立圖書館115年度中文圖書採購(含編目及加工),同機關且標題核心相同，尚待人工確認是否為同一專案
candidate_e24474b0d17e,花蓮縣全國小論文場地佈置印刷品,2021,2025,5,5,5409804,花蓮縣吉安鄉稻香國民小學,110年花蓮縣全國小論文場地佈置及印刷品勞務採購；111年花蓮縣全國小論文場地佈置及印刷品勞務採購；112年花蓮縣全國小論文場地佈置及印刷品勞務採購；113年花蓮縣全國小論文場地佈置及印刷品勞務採購；114年花蓮縣全國小論文場地佈置及印刷品勞務採購,同機關且標題核心相同，尚待人工確認是否為同一專案
candidate_97664ba9ab67,花蓮縣環境保護局空氣污染防制宣導帳篷,2015,2016,2,2,5400000,花蓮縣政府,花蓮縣環境保護局空氣污染防制計畫宣導帳篷；105年花蓮縣環境保護局空氣污染防制計畫宣導帳篷,同機關且標題核心相同，尚待人工確認是否為同一專案
candidate_bc63a56cc4d2,國風國中充實體育器材設備,2013,2021,9,4,5377500,花蓮縣政府,國風國中「充實體育器材設備」案；國風國中「107年度充實體育器材設備」案；國風國中「108年度充實體育器材設備」案；國風國中110年度充實體育器材設備案,同機關且標題核心相同，尚待人工確認是否為同一專案
candidate_2ec6464c31b1,編號鄉道市區道路重要路段養護,2015,2024,10,5,5371000,花蓮縣卓溪鄉公所,104年度編號鄉道及市區道路重要路段養護工程；105年度編號鄉道及市區道路重要路段養護工程；106年度編號鄉道及市區道路重要路段養護工程；111年度編號鄉道及市區道路重要路段養護工程；113年度編號鄉道及市區道路重要路段養護工程,同機關且標題核心相同，尚待人工確認是否為同一專案
candidate_29d6078baa3c,秀林鄉各村道路排水溝維護開口契約,2010,2011,2,2,5360000,花蓮縣秀林鄉公所,秀林鄉99年度各村道路排水溝維護工程（開口契約）；秀林鄉100年度各村道路排水溝維護工程(開口契約),同機關且標題核心相同，尚待人工確認是否為同一專案
candidate_8b20302f951f,花蓮縣秀林國小校舍環境整修,2020,2025,6,3,5350243,花蓮縣秀林鄉秀林國民小學,花蓮縣秀林國小校舍環境整修工程；花蓮縣秀林國小112年校舍環境整修工程；花蓮縣秀林國小114年校舍環境整修工程,同機關且標題核心相同，尚待人工確認是否為同一專案
candidate_cd8f12901841,花蓮縣農特產月曆,2017,2019,3,2,5350000,花蓮縣政府,2018年花蓮縣農特產月曆委託專業服務勞務採購案；2019年花蓮縣農特產月曆委託專業服務勞務採購案,同機關且標題核心相同，尚待人工確認是否為同一專案
candidate_ae78daf1ac95,富里鄉都市雨水下水道清淤開口契約,2015,2025,11,6,5344990,花蓮縣富里鄉公所,104年度富里鄉都市計畫雨水下水道清淤工程(開口契約)；105年度富里鄉都市計畫雨水下水道清淤工程（開口契約）；106年度富里鄉都市計畫雨水下水道清淤工程(開口契約)；107年度富里鄉都市計畫雨水下水道清淤工程（開口契約）；109年度富里鄉都市計畫雨水下水道清淤工程(開口契約)；115年度富里鄉都市計畫雨水下水道清淤工程(開口契約),同機關且標題核心相同，尚待人工確認是否為同一專案
candidate_be7467f3e5bb,花蓮縣環境教育數位中心委託專管理含監造,2018,2021,4,2,5333445,花蓮縣環境保護局,花蓮縣環境教育數位中心新建工程委託專案管理(含監造)；花蓮縣環境教育數位中心新建工程委託專案管理(含監造)契約變更,同機關且標題核心相同，尚待人工確認是否為同一專案
candidate_58c283c4b05a,富里鄉道路方正修補開口契約,2016,2022,7,6,5333000,花蓮縣富里鄉公所,富里鄉105年度道路方正修補工程（開口契約）；富里鄉106年度道路方正修補工程（開口契約）；富里鄉107年度道路方正修補工程（開口契約）；富里鄉108年度道路方正修補工程(開口契約)；富里鄉110年度道路方正修補工程（開口契約）；富里鄉111年度道路方正修補工程(開口契約),同機關且標題核心相同，尚待人工確認是否為同一專案
candidate_94f1af2a7bd7,公立國民中小學災害搶修險開口契約,2013,2019,7,6,5325430,花蓮縣政府,102年度公立國民中小學災害搶修（險）開口契約；104年度公立國民中小學災害搶修（險）開口契約；105年公立國民中小學災害搶修(險)開口契約-後續擴充；106年度公立國民中小學災害搶修（險）開口契約；108年度公立國民中小學災害搶修（險）開口契約；108年度公立國民中小學災害搶修(險)開口契約-後續擴充案,同機關且標題核心相同，尚待人工確認是否為同一專案
candidate_003c9c2ec07f,花蓮縣休閒農業輔導診斷整合行銷專業服務委託,2023,2025,3,3,5320000,花蓮縣政府,112年度花蓮縣休閒農業輔導診斷及整合行銷專業服務委託案；113年度花蓮縣休閒農業輔導診斷及整合行銷專業服務委託案；114年度花蓮縣休閒農業輔導診斷及整合行銷專業服務委託案,同機關且標題核心相同，尚待人工確認是否為同一專案
candidate_413fb516ce99,花蓮縣警察局委外辦理煙毒尿液檢驗工作開口契約採購,2020,2021,2,3,5304000,花蓮縣政府,花蓮縣警察局109年度委外辦理煙毒尿液檢驗工作開口契約採購案；花蓮縣警察局110年度委外辦理煙毒尿液檢驗工作開口契約採購案；花蓮縣警察局111年度「委外辦理煙毒尿液檢驗工作開口契約」採購案,同機關且標題核心相同，尚待人工確認是否為同一專案
candidate_a0bb913dbe5a,花蓮縣臺灣原住民族文化館策展規劃執行,2017,2025,9,5,5276000,花蓮縣政府,106年花蓮縣臺灣原住民族文化館策展規劃執行勞務採購案；花蓮縣臺灣原住民族文化館策展規劃與執行勞務採購案；111年花蓮縣臺灣原住民族文化館策展規劃與執行勞務採購案；113年花蓮縣臺灣原住民族文化館策展規劃與執行勞務採購案；114年度花蓮縣臺灣原住民族文化館策展規劃與執行勞務採購案,同機關且標題核心相同，尚待人工確認是否為同一專案
candidate_bb1234af3826,資訊網路災害應變中心維護,2021,2026,6,3,5272200,花蓮縣消防局,111年資訊網路暨災害應變中心維護案；112年資訊網路暨災害應變中心維護案；115年資訊網路暨災害應變中心維護案,同機關且標題核心相同，尚待人工確認是否為同一專案
candidate_21a388afd58a,加強公務和諧連繫–食品飲料禮盒財物採購開口契約,2024,2025,2,2,5272100,花蓮縣政府,113年度加強公務和諧連繫–食品飲料禮盒財物採購(開口契約)；114年度加強公務和諧連繫–食品飲料禮盒財物採購(開口契約)後續擴充案,同機關且標題核心相同，尚待人工確認是否為同一專案
candidate_5e9c07123e16,花蓮縣受保護樹木維護管理開口契約採購,2024,2026,3,3,5269000,花蓮縣政府,113年度花蓮縣受保護樹木維護管理委託專業服務(開口契約)」採購案；114年度花蓮縣受保護樹木維護管理委託專業服務(開口契約)」採購案；115年花蓮縣受保護樹木維護管理委託專業服務(開口契約)採購案,同機關且標題核心相同，尚待人工確認是否為同一專案
candidate_1668d635774b,長橋排水改善,2014,2020,7,2,5266000,花蓮縣政府,長橋排水改善工程；109年度長橋排水改善工程,同機關且標題核心相同，尚待人工確認是否為同一專案
candidate_dcf10daea718,轄內路燈照明設備維修新設,2021,2025,5,3,5250000,花蓮縣鳳林鎮公所,111年度轄內路燈照明設備維修及新設工程；112年度轄內路燈照明設備維修及新設工程；114年度轄內路燈照明設備維修及新設工程第二期,同機關且標題核心相同，尚待人工確認是否為同一專案
candidate_4c44419e5593,崙天部落野溪整治114ADE386003,2025,2026,2,2,5234000,花蓮縣卓溪鄉公所,崙天部落野溪整治工程(114-ADE-38-6-003),同機關且標題核心相同，尚待人工確認是否為同一專案
candidate_ac8bb05677f9,本鄉各村路燈維修耗材維護修繕採購開口契約,2020,2024,5,5,5220000,花蓮縣秀林鄉公所,109年度本鄉各村路燈維修耗材暨維護修繕採購(開口契約)；110年度本鄉各村路燈維修耗材暨維護修繕採購(開口契約)；111年度本鄉各村路燈維修耗材暨維護修繕採購(開口契約)；112年度本鄉各村路燈維修耗材暨維護修繕採購(開口契約)；113年度本鄉各村路燈維修耗材暨維護修繕採購(開口契約),同機關且標題核心相同，尚待人工確認是否為同一專案
candidate_fb727982b047,花蓮天文旅遊活動規劃執行,2025,2026,2,2,5219480,花蓮縣政府,花蓮天文旅遊活動規劃執行案；花蓮天文旅遊活動規劃執行案第一次契約變更,同機關且標題核心相同，尚待人工確認是否為同一專案
candidate_5562e57ce3e7,花蓮縣立體育場環境清潔綠美化植栽維護,2015,2018,4,3,5210310,花蓮縣立體育場,105年度花蓮縣立體育場環境清潔及綠美化植栽維護勞務採購；106年度花蓮縣立體育場環境清潔及綠美化植栽維護勞務採購；107年度花蓮縣立體育場環境清潔及綠美化植栽維護勞務採購,同機關且標題核心相同，尚待人工確認是否為同一專案
candidate_012c298f2059,花蓮縣教師節禮券採購,2017,2022,6,6,5205855,花蓮縣花蓮市明廉國民小學,花蓮縣106年度教師節禮券採購案；花蓮縣107年度教師節禮券採購案；花蓮縣108年度教師節禮券採購案；花蓮縣109年度教師節禮券採購案；花蓮縣110年度教師節禮券採購案；花蓮縣111年度教師節禮券採購案,同機關且標題核心相同，尚待人工確認是否為同一專案
candidate_4cea54ed5eb1,花蓮縣政府委託辦理行動式老人文康休閒巡迴服務,2013,2017,5,4,5200000,花蓮縣政府,花蓮縣政府102年度委託辦理行動式老人文康休閒巡迴服務案；花蓮縣政府103年度委託辦理行動式老人文康休閒巡迴服務案；花蓮縣政府104年度委託辦理行動式老人文康休閒巡迴服務案；花蓮縣政府105年度委託辦理行動式老人文康休閒巡迴服務案,同機關且標題核心相同，尚待人工確認是否為同一專案
candidate_9379ac7bf427,各村路燈維修耗材開口契約,2016,2019,4,5,5198800,花蓮縣秀林鄉公所,105年各村路燈維修耗材（開口契約）；106年各村路燈維修耗材（開口契約)；107年各村路燈維修耗材(開口契約)；108年各村路燈維修耗材（開口契約）；108年各村路燈維修耗材第二期（開口契約）,同機關且標題核心相同，尚待人工確認是否為同一專案
candidate_bf3b918484b7,壽豐鄉土石流防災重機械待命開口契約,2019,2026,8,8,5198000,花蓮縣壽豐鄉公所,108年壽豐鄉土石流防災重機械待命（開口契約）；109年壽豐鄉土石流防災重機械待命（開口契約）；110年度壽豐鄉土石流防災重機械待命(開口契約)；111年度壽豐鄉土石流防災重機械待命(開口契約)；112年度壽豐鄉土石流防災重機械待命(開口契約)；113年度壽豐鄉土石流防災重機械待命(開口契約)；114年度壽豐鄉土石流防災重機械待命(開口契約)；115年度壽豐鄉土石流防災重機械待命(開口契約),同機關且標題核心相同，尚待人工確認是否為同一專案
candidate_a626713e9f5f,瑞穗鄉災害搶險搶修開口契約,2015,2018,4,4,5190000,花蓮縣瑞穗鄉公所,瑞穗鄉104年災害搶險及搶修工程(開口契約)；瑞穗鄉105年災害搶險及搶修工程(開口契約)；瑞穗鄉106年災害搶險及搶修工程(開口契約)；瑞穗鄉107年災害搶險及搶修工程(開口契約),同機關且標題核心相同，尚待人工確認是否為同一專案
candidate_4acf43434ece,花東地區養生休閒產業促進人才東移看見山海之城後山人才洄游執行,2015,2017,3,3,5186000,花蓮縣花蓮市公所,104年度花東地區養生休閒產業及促進人才東移計畫 看見山海之城-後山人才洄游計畫(第二期)執行委託專業服務；105年度花東地區養生休閒產業及促進人才東移計畫 看見山海之城-後山人才洄游計畫(第三期)執行委託專業服務；106年度花東地區養生休閒產業及促進人才東移計畫 看見山海之城-後山人才洄游計畫(第四期)執行委託專業服務,同機關且標題核心相同，尚待人工確認是否為同一專案
candidate_6e9b458ff375,壽豐地區排水改善,2013,2019,7,3,5170000,花蓮縣政府,壽豐地區排水改善工程；108年度壽豐地區排水改善工程,同機關且標題核心相同，尚待人工確認是否為同一專案
candidate_adbcb1053a9f,清潔隊清潔車輛維修,2010,2022,13,3,5158040,花蓮縣花蓮市公所,100年度清潔隊清潔車輛維修；101年度清潔隊清潔車輛維修；清潔隊清潔車輛維修,同機關且標題核心相同，尚待人工確認是否為同一專案
candidate_095c0a004a7a,都市雨水下水道清淤開口契約,2017,2022,6,6,5154000,花蓮縣壽豐鄉公所,106年度都市計畫雨水下水道清淤工程(開口契約)；107年度都市計畫雨水下水道清淤工程(開口契約)；108年度都市計畫雨水下水道清淤工程(開口契約)；109年度都市計畫雨水下水道清淤工程(開口契約)；110年度都市計畫雨水下水道清淤工程(開口契約)；111年度都市計畫雨水下水道清淤工程(開口契約),同機關且標題核心相同，尚待人工確認是否為同一專案
candidate_d1bda2866c78,花蓮縣消防局肌力訓練器材1批,2024,2025,2,2,5141000,花蓮縣消防局,花蓮縣消防局113年肌力訓練器材1批；花蓮縣消防局114年肌力訓練器材1批,同機關且標題核心相同，尚待人工確認是否為同一專案
candidate_1abf11fb7913,垃圾車資源回收車等車輛修護零件採購,2014,2022,9,8,5139900,花蓮縣吉安鄉公所,104年度垃圾車、資源回收車等車輛修護零件採購案；105年度垃圾車、資源回收車等車輛修護零件第二次採購；106年度垃圾車、資源回收車等車輛修護零件採購案；107年度垃圾車及資源回收車等車輛修護零件採購案；108年度垃圾車及資源回收車等車輛修護零件採購案；109年度垃圾車、資源回收車等車輛修護零件採購案；110年度垃圾車及資源回收車等車輛修護零件採購案；111年度垃圾車、資源回收車等車輛修護零件採購案,同機關且標題核心相同，尚待人工確認是否為同一專案
candidate_335e889bde27,玉里鎮災害搶險搶修開口契約採購,2018,2020,3,3,5135000,花蓮縣玉里鎮公所,玉里鎮107年度災害搶險與搶修工程（開口契約）採購案；玉里鎮108年度災害搶險與搶修工程(開口契約)採購案；玉里鎮109年度災害搶險與搶修工程(開口契約)採購案,同機關且標題核心相同，尚待人工確認是否為同一專案
candidate_c1958acf5f22,花蓮縣政府農民曆委外設計印製,2012,2014,3,2,5130000,花蓮縣政府,花蓮縣政府「102年農民曆」委外設計印製案；花蓮縣政府「101年農民曆」委外設計印製案,同機關且標題核心相同，尚待人工確認是否為同一專案
candidate_0f9f141711a1,花蓮縣都市便民服務查詢系統圖資更新維護,2013,2014,2,3,5130000,花蓮縣政府,102年度花蓮縣都市計畫便民服務查詢系統暨圖資更新維護案；103年度花蓮縣都市計畫便民服務查詢系統暨圖資更新維護案；104年度花蓮縣都市計畫便民服務查詢系統暨圖資更新維護案,同機關且標題核心相同，尚待人工確認是否為同一專案
candidate_d43a228371c6,新城鄉村鄰長政令宣導教育訓練活動,2017,2020,4,4,5122500,花蓮縣新城鄉公所,新城鄉106年度村鄰長政令宣導教育訓練活動；新城鄉107年度村鄰長政令宣導教育訓練活動；新城鄉108年度村鄰長政令宣導教育訓練活動；新城鄉109年度村鄰長政令宣導教育訓練活動,同機關且標題核心相同，尚待人工確認是否為同一專案
candidate_e8c7d6a708da,水稻葉穗稻熱病綜合防治改進採購,2011,2012,2,2,5089200,花蓮縣玉里鎮公所,100年度水稻葉穗稻熱病綜合防治與改進計畫採購案；101年度水稻葉穗稻熱病綜合防治與改進計畫採購案,同機關且標題核心相同，尚待人工確認是否為同一專案
candidate_86c21a8604f0,花蓮縣瑞穗鄉藝術環境營造,2015,2016,2,2,5085000,花蓮縣瑞穗鄉公所,花蓮縣瑞穗鄉藝術環境營造計畫；花蓮縣瑞穗鄉藝術環境營造計畫(第二期),同機關且標題核心相同，尚待人工確認是否為同一專案
candidate_2ee93e710dc5,清潔車輛機具維修勞務委任採購,2010,2013,4,4,5082480,花蓮縣玉里鎮公所,99年度清潔車輛及機具維修勞務委任採購案；100年度清潔車輛及機具維修勞務委任採購案；101年清潔車輛及機具維修勞務委任採購案；102年度清潔車輛及機具維修勞務委任採購案,同機關且標題核心相同，尚待人工確認是否為同一專案
candidate_32a0006ed6fc,花蓮縣政府辦理國家紀念日元旦國慶日懸掛國旗財物採購,2016,2017,2,2,5082000,花蓮縣政府,花蓮縣政府106年辦理國家紀念日（元旦暨國慶日）懸掛國旗財物採購案；花蓮縣政府辦理107年國家紀念日（元旦暨國慶日）懸掛國旗財物採購案,同機關且標題核心相同，尚待人工確認是否為同一專案
candidate_e6d1ff7afab7,花蓮縣政府所屬一級機關臨時性公務用汽車租賃開口契約,2013,2025,13,14,5076004,花蓮縣政府,花蓮縣政府暨所屬一級機關102年度臨時性公務用汽車租賃開口契約；花蓮縣政府暨所屬一級機關103年度臨時性公務用汽車租賃開口契約；花蓮縣政府暨所屬一級機關104年度臨時性公務用汽車租賃開口契約；花蓮縣政府暨所屬一級機關105年度臨時性公務用汽車租賃開口契約；花蓮縣政府暨所屬一級機關106年度臨時性公務用汽車租賃開口契約；花蓮縣政府暨所屬一級機關107年度臨時性公務用汽車租賃開口契約；花蓮縣政府暨所屬一級機關108年度臨時性公務用汽車租賃開口契約；花蓮縣政府暨所屬一級機關109年度臨時性公務用汽車租賃開口契約；花蓮縣政府所屬一級機關110年度臨時性公務用汽車租賃開口契約；花蓮縣政府所屬一級機關111年度臨時性公務用汽車租賃開口契約；花蓮縣政府暨所屬一級機關112年度臨時性公務用汽車租賃開口契約；花蓮縣政府暨所屬一級機關113年度臨時性公務用汽車租賃開口契約；花蓮縣政府暨所屬一級機關114年度臨時性公務用汽車租賃開口契約；花蓮縣政府暨所屬一級機關115年度臨時性公務用汽車租賃開口契約,同機關且標題核心相同，尚待人工確認是否為同一專案
candidate_a8fee938250b,花蓮縣油茶輔導行銷企劃,2018,2020,3,3,5075000,花蓮縣政府,107年花蓮縣油茶輔導行銷企劃案；108年花蓮縣油茶輔導行銷企劃案；109年花蓮縣油茶輔導行銷企劃案,同機關且標題核心相同，尚待人工確認是否為同一專案
candidate_6271d3985bbe,編號鄉道市區道路重要路段養護,2025,2026,2,3,5064000,花蓮縣壽豐鄉公所,114年度編號鄉道及市區道路重要路段養護工程；114年度編號鄉道及市區道路重要路段養護工程(第二次變更設計)；115年度編號鄉道及市區道路重要路段養護工程,同機關且標題核心相同，尚待人工確認是否為同一專案
candidate_7fec8fcce0a8,花蓮縣警察局新城分局所屬廳舍整修,2023,2026,4,2,5060000,花蓮縣警察局,花蓮縣警察局新城分局所屬廳舍整修工程；花蓮縣警察局115年度新城分局所屬廳舍整修工程,同機關且標題核心相同，尚待人工確認是否為同一專案
candidate_2cb35f03e743,國強排水改善,2012,2018,7,2,5057000,花蓮縣政府,國強排水改善工程；107年度國強排水改善工程,同機關且標題核心相同，尚待人工確認是否為同一專案
candidate_4bbc08fd7589,壽豐鄉路燈維修開口契約第二批,2021,2024,4,3,5039700,花蓮縣壽豐鄉公所,壽豐鄉110年路燈維修工程(開口契約)第二批；壽豐鄉112年路燈維修工程(開口契約)-第二批；壽豐鄉113年路燈維修工程(開口契約)-第二批,同機關且標題核心相同，尚待人工確認是否為同一專案
candidate_691fad7f7dc7,編號鄉道市區道路重要路段養護,2012,2018,7,7,5038000,花蓮縣萬榮鄉公所,101年度編號鄉道及市區道路重要路段養護工程；102年度編號鄉道及市區道路重要路段養護工程；103年度編號鄉道及市區道路重要路段養護工程；104年度編號鄉道及市區道路重要路段養護工程；105年度編號鄉道及市區道路重要路段養護工程；106年編號鄉道及市區道路重要路段養護工程；107年度編號鄉道及市區道路重要路段養護工程,同機關且標題核心相同，尚待人工確認是否為同一專案
candidate_dada9605b350,災害搶險搶修開口契約採購,2015,2017,3,3,5036670,花蓮縣玉里鎮公所,104年度災害搶險與搶修工程（開口契約）採購案；105年度災害搶險與搶修工程(開口契約)採購案；106年度災害搶險與搶修工程(開口契約)採購案,同機關且標題核心相同，尚待人工確認是否為同一專案
candidate_116251fb5f12,家庭暴力被害人保護扶助工作,2018,2022,5,3,5036000,花蓮縣政府,107年度家庭暴力被害人保護扶助工作；109年度家庭暴力被害人保護扶助工作計畫；112年度家庭暴力被害人保護扶助工作計畫,同機關且標題核心相同，尚待人工確認是否為同一專案
candidate_e13471f3e551,本鄉各村排水清淤改善開口契約,2017,2022,6,6,5035000,花蓮縣秀林鄉公所,106年本鄉各村排水清淤及改善工程（開口契約）；107年本鄉各村排水清淤及改善工程（開口契約）；108年本鄉各村排水清淤及改善工程（開口契約）；109年本鄉各村排水清淤及改善工程(開口契約)；110年本鄉各村排水清淤及改善工程(開口契約)；111年度本鄉各村排水清淤及改善工程（開口契約）,同機關且標題核心相同，尚待人工確認是否為同一專案
candidate_f2219c7cb9a7,花蓮縣政府員工背心財物採購,2019,2024,6,2,5025500,花蓮縣政府,花蓮縣政府108年員工背心財物採購案；花蓮縣政府113年員工背心財物採購案,同機關且標題核心相同，尚待人工確認是否為同一專案
candidate_5d77546d2a39,花蓮縣富里鄉投保鄉民團體意外保險採購,2024,2025,2,2,5015947,花蓮縣富里鄉公所,114年度花蓮縣富里鄉投保鄉民團體意外保險採購案；115年度花蓮縣富里鄉投保鄉民團體意外保險採購案,同機關且標題核心相同，尚待人工確認是否為同一專案
candidate_d801221f4040,促進就業扶助資源整合,2018,2026,9,9,5007324,花蓮縣政府,107年度促進就業扶助及資源整合計畫；108年度促進就業扶助及資源整合計畫；促進就業扶助及資源整合計畫；110年度促進就業扶助及資源整合計畫；111年度促進就業扶助及資源整合計畫；112年度促進就業扶助及資源整合計畫；113年度促進就業扶助及資源整合計畫；114年度促進就業扶助及資源整合計畫；115年度促進就業扶助及資源整合計畫,同機關且標題核心相同，尚待人工確認是否為同一專案
candidate_a8cef5f71559,花蓮市區公園兒童遊樂設施改善檢驗,2022,2023,2,3,4999388,花蓮縣花蓮市公所,花蓮市區公園兒童遊樂設施改善及檢驗工程；112年度花蓮市區公園兒童遊樂設施改善及檢驗工程變更設計,同機關且標題核心相同，尚待人工確認是否為同一專案
candidate_f883f122700c,花蓮縣壽豐鄉公所行政大樓室內裝修整建,2024,2025,2,2,4988000,花蓮縣壽豐鄉公所,花蓮縣壽豐鄉公所行政大樓室內裝修整建計畫；花蓮縣壽豐鄉公所行政大樓室內裝修整建計畫(變更設計),同機關且標題核心相同，尚待人工確認是否為同一專案
candidate_8be7892792e3,花蓮縣環保科技園區管理,2023,2024,2,3,4980000,花蓮縣環境保護局,112年度花蓮縣環保科技園區管理計畫；113年度花蓮縣環保科技園區管理計畫；114年度花蓮縣環保科技園區管理計畫,同機關且標題核心相同，尚待人工確認是否為同一專案
candidate_2e3d77952235,富里鄉區域排水一般排水清淤開口契約,2012,2021,10,9,4973100,花蓮縣富里鄉公所,富里鄉101年度區域排水及一般排水清淤工程（開口契約）；102年度富里鄉區域排水及一般排水清淤工程(開口契約)；103年度富里鄉區域排水及一般排水清淤工程（開口契約）；104年度富里鄉區域排水及一般排水清淤工程（開口契約）；105年度富里鄉區域排水及一般排水清淤工程（開口契約）；106年度富里鄉區域排水及一般排水清淤工程(開口契約)；107年度富里鄉區域排水及一般排水清淤工程（開口契約）；108年度富里鄉區域排水及一般排水清淤工程（開口契約）；110年度富里鄉區域排水及一般排水清淤工程(開口契約),同機關且標題核心相同，尚待人工確認是否為同一專案
candidate_e8cdab682ded,交通安全宣導,2013,2017,5,3,4966800,花蓮縣政府,102年交通安全宣導勞務採購案；103年交通安全宣導勞務採購案；106年交通安全宣導勞務採購案,同機關且標題核心相同，尚待人工確認是否為同一專案
candidate_3689157092de,花蓮縣警察局警察機關資訊區域聯防系統監控網路警政應用系統電腦設備維護,2023,2026,4,4,4951750,花蓮縣警察局,花蓮縣警察局112年度警察機關資訊區域聯防系統-監控網路暨警政應用系統電腦設備維護案；花蓮縣警察局113年度警察機關資訊區域聯防系統-監控網路暨警政應用系統電腦設備維護案；花蓮縣警察局114年度警察機關資訊區域聯防系統-監控網路暨警政應用系統電腦設備維護案；花蓮縣警察局115年度警察機關資訊區域聯防系統-監控網路暨警政應用系統電腦設備維護案,同機關且標題核心相同，尚待人工確認是否為同一專案
candidate_7bd6585f9bda,花蓮縣立體育場環境監測污水處理系統定期保養維護工作,2013,2026,14,3,4949712,花蓮縣政府,102年度花蓮縣立體育場環境監測計畫及污水處理系統定期保養維護工作；103年度花蓮縣立體育場環境監測計畫及污水處理系統定期保養維護工作；花蓮縣立體育場環境監測及污水處理系統定期保養維護工作勞務採購,同機關且標題核心相同，尚待人工確認是否為同一專案
candidate_a13e0a7d089a,本鄉各村監視器裝設維護修繕含遷移開口契約,2023,2026,4,4,4947288,花蓮縣秀林鄉公所,112年度本鄉各村監視器裝設維護修繕(含遷移)工程採購(開口契約)；113年度本鄉各村監視器裝設維護修繕(含遷移)工程採購(開口契約)；114年度本鄉各村監視器裝設維護修繕(含遷移)工程採購(開口契約)；115年度本鄉各村監視器裝設維護修繕(含遷移)工程採購(開口契約),同機關且標題核心相同，尚待人工確認是否為同一專案
candidate_ba4c51cf440b,路燈維修開口契約,2017,2023,7,6,4928000,花蓮縣光復鄉公所,106年度路燈維修工程(開口契約)；107年度路燈維修工程開口契約；108年度路燈維修工程開口契約；108年度路燈維修工程開口契約(第二次)；111年度路燈維修工程開口契約；112年度路燈維修工程開口契約,同機關且標題核心相同，尚待人工確認是否為同一專案
candidate_c3b7c35a4eff,本縣市地重劃,2019,2021,3,2,4921000,花蓮縣玉里鎮公所,本縣第14期、第15期市地重劃工程；本縣第16期第17期市地重劃工程,同機關且標題核心相同，尚待人工確認是否為同一專案
candidate_fcb3155aa316,花蓮縣環境保護局環境衛生用藥殺鼠劑採購,2013,2018,6,6,4917945,花蓮縣政府,花蓮縣環境保護局102年度環境衛生用藥殺鼠劑採購；花蓮縣環境保護局「103年度環境衛生用藥殺鼠劑採購案」；花蓮縣環境保護局「104年度環境衛生用藥殺鼠劑採購案」；花蓮縣環境保護局「105年度環境衛生用藥殺鼠劑採購案」；花蓮縣環境保護局「106年度環境衛生用藥殺鼠劑採購」；花蓮縣環境保護局「107年度環境衛生用藥殺鼠劑採購」,同機關且標題核心相同，尚待人工確認是否為同一專案
candidate_4181ec6a425a,花蓮縣交通號誌汰換養護,2018,2019,2,2,4917220,花蓮縣政府,107年度花蓮縣交通號誌汰換與養護工程；108年度花蓮縣交通號誌汰換與養護工程,同機關且標題核心相同，尚待人工確認是否為同一專案
candidate_4a412be3c3aa,全國布農族運動會活動服裝採購,2020,2024,5,5,4906000,花蓮縣卓溪鄉公所,109年全國布農族運動會活動服裝採購案；110年全國布農族運動會活動服裝採購案；111年全國布農族運動會活動服裝採購案；112年度全國布農族運動會活動服裝採購案；113年全國布農族運動會活動服裝採購案,同機關且標題核心相同，尚待人工確認是否為同一專案
candidate_930bcc968438,村鄰長政令宣導文康活動,2017,2026,10,5,4905275,花蓮縣壽豐鄉公所,106年度村鄰長政令宣導暨文康活動；107年度村鄰長政令宣導暨文康活動；108年度村鄰長政令宣導暨文康活動；109年度村鄰長政令宣導暨文康活動；115年度村鄰長政令宣導暨文康活動,同機關且標題核心相同，尚待人工確認是否為同一專案
candidate_8e02d1013a52,知卡宣公園親水區域池底防水修繕,2021,2023,3,2,4900000,花蓮縣政府,知卡宣公園親水區域池底防水修繕工程；112年知卡宣公園親水區域池底防水修繕工程,同機關且標題核心相同，尚待人工確認是否為同一專案
candidate_1c775e2b46e7,基層機關行動資訊服務試辦整合,2013,2014,2,2,4890000,花蓮縣政府,102年度基層機關行動資訊服務試辦整合計畫；103年度基層機關行動資訊服務試辦整合計畫,同機關且標題核心相同，尚待人工確認是否為同一專案
candidate_b04edd7fb494,花蓮縣消防局公務車輛輪胎更換維護,2021,2024,4,3,4873600,花蓮縣消防局,花蓮縣消防局110年度公務車輛輪胎更換維護案後續擴充；花蓮縣消防局112年度公務車輛輪胎更換維護案；花蓮縣消防局113年度公務車輛輪胎更換維護後續擴充案,同機關且標題核心相同，尚待人工確認是否為同一專案
candidate_bd1dfd028c12,卓溪鄉農業灌溉引水道整修開口契約,2015,2018,4,4,4870000,花蓮縣卓溪鄉公所,104年度卓溪鄉農業灌溉引水道整修工程開口契約；105年度卓溪鄉農業灌溉引水道整修工程開口契約；106年度卓溪鄉農業灌溉引水道整修工程開口契約；107年度卓溪鄉農業灌溉引水道整修工程開口契約,同機關且標題核心相同，尚待人工確認是否為同一專案
candidate_2e3f353548f2,壽豐鄉編號鄉道市區道路重要路段養護,2016,2017,2,2,4870000,花蓮縣壽豐鄉公所,105年度壽豐鄉編號鄉道及市區道路重要路段養護工程；106年度壽豐鄉編號鄉道及市區道路重要路段養護工程,同機關且標題核心相同，尚待人工確認是否為同一專案
candidate_146b0151d1fd,資源回收業務財政主計業務觀摩活動,2022,2024,3,2,4859120,花蓮縣花蓮市公所,111年度資源回收業務暨財政主計業務觀摩活動；113年度資源回收業務暨財政主計業務觀摩活動,同機關且標題核心相同，尚待人工確認是否為同一專案
candidate_37b16ee0e420,富源國中教師宿舍修繕,2019,2025,7,2,4850000,花蓮縣政府,107年富源國中教師宿舍修繕工程；富源國中113年度教師宿舍修繕工程,同機關且標題核心相同，尚待人工確認是否為同一專案
candidate_096468bda2e0,各村路燈維修費開口契約,2010,2011,2,4,4849900,花蓮縣秀林鄉公所,各村路燈維修費（開口契約）；各村路燈維修費（第二期開口契約）,同機關且標題核心相同，尚待人工確認是否為同一專案
candidate_a60b259565d5,花蓮縣秀林鄉公所村里鄰長教育訓練村里業務觀摩交流活動,2021,2026,6,6,4848000,花蓮縣秀林鄉公所,花蓮縣秀林鄉公所110年度村里鄰長教育訓練暨村里業務觀摩交流活動；花蓮縣秀林鄉公所111年度村里鄰長教育訓練暨村里業務觀摩交流活動；花蓮縣秀林鄉公所112年度村里鄰長教育訓練暨村里業務觀摩交流活動；花蓮縣秀林鄉公所113年度村里鄰長教育訓練暨村里業務觀摩交流活動；花蓮縣秀林鄉公所114年度村里鄰長教育訓練暨村里業務觀摩交流活動；花蓮縣秀林鄉公所115年度村里鄰長教育訓練暨村里業務觀摩交流活動,同機關且標題核心相同，尚待人工確認是否為同一專案
candidate_db2299475e67,花蓮縣光復鄉土石流防災重機械待命開口契約,2017,2023,7,6,4823000,花蓮縣光復鄉公所,106年度花蓮縣光復鄉土石流防災重機械待命開口契約；108年度花蓮縣光復鄉土石流防災重機械待命開口契約；109年度花蓮縣光復鄉土石流防災重機械待命開口契約；110年度花蓮縣光復鄉土石流防災重機械待命開口契約；111年度花蓮縣光復鄉土石流防災重機械待命開口契約；112年度花蓮縣光復鄉土石流防災重機械待命開口契約,同機關且標題核心相同，尚待人工確認是否為同一專案
candidate_0b66777be833,2026花蓮年貨大街展售活動,2025,2026,2,2,4820198,花蓮縣政府,2026花蓮年貨大街展售活動；2026花蓮年貨大街展售活動(第一次契約變更),同機關且標題核心相同，尚待人工確認是否為同一專案
candidate_acc97845f803,花蓮縣萬榮鄉參加全國布農族射耳祭傳統技能競賽活動食宿交通採購,2021,2024,4,4,4814880,花蓮縣萬榮鄉公所,花蓮縣萬榮鄉110年度參加全國布農族射耳祭暨傳統技能競賽活動食宿交通採購；花蓮縣萬榮鄉參加111年全國布農族射耳祭暨傳統技能競賽活動食宿交通採購案；花蓮縣萬榮鄉參加112年度全國布農族射耳祭暨傳統技能競賽活動食宿交通採購案；花蓮縣萬榮鄉參加113年度全國布農族射耳祭暨傳統技能競賽活動食宿交通採購案,同機關且標題核心相同，尚待人工確認是否為同一專案
candidate_ccfcf410dc0a,加強公務和諧連繫在地農特產品世界冠軍蜜香紅茶茶葉禮盒採購開口契約,2019,2022,4,5,4802550,花蓮縣政府,108年度加強公務和諧連繫-在地農特產品-世界冠軍蜜香紅茶茶葉禮盒採購(開口契約)；109年度加強公務和諧連繫－在地農特產品－世界冠軍蜜香紅茶茶葉禮盒採購(開口契約)；110年度加強公務和諧連繫-在地農特產品-世界冠軍蜜香紅茶茶葉禮盒採購(開口契約)；111年度加強公務和諧連繫-在地農特產品-世界冠軍蜜香紅茶茶葉禮盒採購(開口契約)；112年度加強公務和諧連繫-在地農特產品-世界冠軍蜜香紅茶茶葉禮盒採購(開口契約),同機關且標題核心相同，尚待人工確認是否為同一專案
candidate_c6ec95f5b69a,花蓮縣消防局同仁應勤服裝採購,2024,2025,2,2,4801400,花蓮縣消防局,花蓮縣消防局113年同仁應勤服裝採購案；花蓮縣消防局114年同仁應勤服裝採購案,同機關且標題核心相同，尚待人工確認是否為同一專案
candidate_bc41af7cef71,本府清潔維護工作,2013,2017,5,5,4790800,花蓮縣政府,102年度本府清潔維護工作；103年度本府清潔維護工作；105年度本府清潔維護工作；106年本府清潔維護工作；107年度本府清潔維護工作,同機關且標題核心相同，尚待人工確認是否為同一專案
candidate_64ab99c8532d,花蓮縣警察局各協勤民力投保團體福利壽險採購,2017,2022,6,6,4783986,花蓮縣政府,花蓮縣警察局106年度各協勤民力投保團體福利壽險採購案；花蓮縣警察局107年度各協勤民力投保團體福利壽險採購案；花蓮縣警察局108年度各協勤民力投保團體福利壽險採購案；花蓮縣警察局109年度各協勤民力投保團體福利壽險採購案；花蓮縣警察局110年度各協勤民力投保團體福利壽險採購案；花蓮縣警察局111年度各協勤民力投保團體福利壽險採購案,同機關且標題核心相同，尚待人工確認是否為同一專案
candidate_93636f99110d,花蓮縣寺廟參拜祈福購置鮮花花禮組財物採購開口契約,2017,2019,3,2,4783600,花蓮縣政府,花蓮縣寺廟參拜祈福購置鮮花花禮組財物採購開口契約,同機關且標題核心相同，尚待人工確認是否為同一專案
candidate_a029c7e64dfc,本所清潔隊車輛維修,2010,2011,2,2,4781700,花蓮縣吉安鄉公所,99年本所清潔隊車輛維修；100年本所清潔隊車輛維修,同機關且標題核心相同，尚待人工確認是否為同一專案
candidate_83ba0246f8fb,級配乙批,2014,2026,13,12,4756180,花蓮縣花蓮市公所,級配乙批；級配乙批第1次後續擴充,同機關且標題核心相同，尚待人工確認是否為同一專案
candidate_3ad00a38a6bc,豐濱鄉災害搶險搶修開口契約,2024,2026,3,3,4756000,花蓮縣豐濱鄉公所,113年度豐濱鄉災害搶險搶修工程開口契約；114年度豐濱鄉災害搶險搶修工程開口契約；115年度豐濱鄉災害搶險搶修工程開口契約,同機關且標題核心相同，尚待人工確認是否為同一專案
candidate_4505c89701ae,花蓮縣公立國民中小學災害搶險修開口契約,2022,2025,4,3,4750200,花蓮縣政府,花蓮縣112年度公立國民中小學災害搶(險)修開口契約；花蓮縣112年度公立國民中小學災害搶(險)修開口契約-後續擴充；花蓮縣112年度公立國民中小學災害搶（險）修開口契約-後續擴充,同機關且標題核心相同，尚待人工確認是否為同一專案
candidate_c0045950e5f0,花蓮縣客家重點發展城鎮專家輔導團,2011,2013,3,2,4750000,花蓮縣政府,花蓮縣客家重點發展城鎮專家輔導團計畫案；花蓮縣客家重點發展城鎮專家輔導團第2期計畫委託專業服務勞務採購案,同機關且標題核心相同，尚待人工確認是否為同一專案
candidate_7f1f5fed4956,玉里鎮養生人文生活圈建置勞務委任採購,2015,2016,2,3,4740000,花蓮縣玉里鎮公所,「103年度玉里鎮養生人文生活圈建置計畫」勞務委任採購案；「玉里鎮養生人文生活圈建置計畫(第二期)」勞務委任採購案；105年度玉里鎮養生人文生活圈建置計畫(第三期)勞務委任採購案,同機關且標題核心相同，尚待人工確認是否為同一專案
candidate_eeabe905bca4,鎮民廣場民族樓三樓教室整修,2020,2023,4,3,4733270,花蓮縣玉里鎮公所,鎮民廣場民族樓三樓教室整修工程,同機關且標題核心相同，尚待人工確認是否為同一專案
candidate_4769c61cd364,本鄉各村運動場設施設備修繕,2017,2021,5,2,4726000,花蓮縣秀林鄉公所,106年度本鄉各村運動場設施設備修繕工程；110年本鄉各村運動場設施設備修繕工程,同機關且標題核心相同，尚待人工確認是否為同一專案
candidate_4d54cc4249f4,花蓮縣政府縣政宣導臉書維運服務,2025,2026,2,2,4700000,花蓮縣政府,114年度花蓮縣政府縣政宣導臉書維運服務案；115年花蓮縣政府縣政宣導臉書維運服務案,同機關且標題核心相同，尚待人工確認是否為同一專案
candidate_32740602c87c,花蓮縣政府總預算單位預算等照相製版印刷,2011,2016,6,6,4693792,花蓮縣政府,101年度花蓮縣政府總預算及單位預算等照相製版印刷；102年度花蓮縣政府總預算案及單位預算等照相製版印刷；103年度花蓮縣政府總預算案及單位預算等照相製版印刷；104年度花蓮縣政府總預算案及單位預算等照相製版印刷；105年度花蓮縣政府總預算案及單位預算等照相製版印刷；107年度花蓮縣政府總預算及單位預算等照相製版印刷,同機關且標題核心相同，尚待人工確認是否為同一專案
candidate_a21181848155,新城鄉新設維護路燈開口契約,2016,2018,3,2,4680000,花蓮縣新城鄉公所,106年度新城鄉新設與維護路燈開口契約；107年度新城鄉新設與維護路燈開口契約,同機關且標題核心相同，尚待人工確認是否為同一專案
candidate_9294033a0bff,中興排水改善,2011,2018,8,3,4676000,花蓮縣政府,中興排水改善工程,同機關且標題核心相同，尚待人工確認是否為同一專案
candidate_d730f84ba80a,各村路燈維修新增作業開口契約,2024,2026,3,3,4651514,花蓮縣萬榮鄉公所,113年度各村路燈維修及新增作業開口契約；114年度各村路燈維修及新增作業開口契約；115年度各村路燈維修及新增作業開口契約,同機關且標題核心相同，尚待人工確認是否為同一專案
candidate_c322b1e2b18a,花蓮縣中區農水路野溪水土保持設施搶修〈險〉,2010,2011,2,2,4650000,花蓮縣政府,花蓮縣中區農水路、野溪、水土保持設施搶修〈險〉工程,同機關且標題核心相同，尚待人工確認是否為同一專案
candidate_ed30acf39559,花蓮縣愛戀花蓮幸福ㄧ生秋季集團結婚活動,2014,2015,2,2,4640000,花蓮縣政府,花蓮縣103年「愛戀花蓮 幸福ㄧ生」秋季集團結婚活動,同機關且標題核心相同，尚待人工確認是否為同一專案
candidate_dc624de3cd9b,垃圾車資源回收車重機械等車輛輪胎維修採購,2015,2024,10,7,4638700,花蓮縣吉安鄉公所,105年度垃圾車、資源回收車及重機械等車輛輪胎維修採購案；106年度垃圾車、資源回收車及重機械等車輛輪胎維修採購案；108年度垃圾車、資源回收車及重機械等車輛輪胎維修採購案；109年度垃圾車、資源回收車及重機械等車輛輪胎維修採購案；110年度垃圾車、資源回收車及重機械等車輛輪胎維修採購案；111年度垃圾車、資源回收車及重機械等車輛輪胎維修採購案；113年度垃圾車、資源回收車及重機械等車輛輪胎維修採購案,同機關且標題核心相同，尚待人工確認是否為同一專案
candidate_1fe5a890316a,秀林鄉太魯閣族文化刊物製作出版,2019,2024,6,6,4637000,花蓮縣秀林鄉公所,秀林鄉108年度太魯閣族文化刊物製作出版計畫；秀林鄉109年度太魯閣族文化刊物製作出版計畫；秀林鄉110年度太魯閣族文化刊物製作出版計畫；秀林鄉111年度太魯閣族文化刊物製作出版計畫；秀林鄉112年度太魯閣族文化刊物製作出版計畫；秀林鄉113年度太魯閣族文化刊物製作出版計畫,同機關且標題核心相同，尚待人工確認是否為同一專案
candidate_cd4c1f6ac0cd,全鄉排水溝蓋損壞更換改善,2010,2016,7,7,4636200,花蓮縣吉安鄉公所,全鄉排水溝蓋損壞更換改善工程,同機關且標題核心相同，尚待人工確認是否為同一專案
candidate_957e66539dbd,花蓮縣中區農水路野溪水土保持設施搶修〈險〉開口契約,2012,2013,2,2,4610000,花蓮縣政府,花蓮縣中區農水路、野溪、水土保持設施搶修〈險〉工程(開口契約)；花蓮縣中區農水路、野溪、水土保持設施搶修〈險〉工程 (開口契約),同機關且標題核心相同，尚待人工確認是否為同一專案
candidate_3782bcacb510,菸酒法令宣導活動宣導品採購,2012,2026,15,10,4607500,花蓮縣政府,101年度菸酒法令宣導活動宣導品採購案；102年度菸酒法令宣導活動宣導品採購案；105年度菸酒法令宣導活動宣導品採購案；106年度菸酒法令宣導活動宣導品採購案；107年度菸酒法令宣導活動宣導品採購案；108年度菸酒法令宣導活動宣導品採購案；111年度菸酒法令宣導活動宣導品採購案；113年度菸酒法令宣導活動宣導品採購案；114年度菸酒法令宣導活動宣導品採購案；115年度菸酒法令宣導活動宣導品採購案,同機關且標題核心相同，尚待人工確認是否為同一專案
candidate_7184077dc0f3,推展縣政公關摸彩品舒適型腳踏車採購開口契約,2016,2018,3,3,4590000,花蓮縣政府,105年度推展縣政公關－摸彩品－舒適型腳踏車採購(開口契約)；106年度推展縣政公關－摸彩品－舒適型腳踏車採購(開口契約)；107年度推展縣政公關－摸彩品－舒適型腳踏車採購(開口契約),同機關且標題核心相同，尚待人工確認是否為同一專案
candidate_528b5297c192,壽豐鄉區域排水一般排水清淤開口契約,2013,2019,7,7,4588500,花蓮縣壽豐鄉公所,102年度壽豐鄉區域排水及一般排水清淤工程(開口契約)；104年度壽豐鄉區域排水及一般排水清淤工程(開口契約)；105年度壽豐鄉區域排水及一般排水清淤工程(開口契約)；106年度壽豐鄉區域排水及一般排水清淤工程(開口契約)；107年度壽豐鄉區域排水及一般排水清淤工程(開口契約)；108年度壽豐鄉區域排水及一般排水清淤工程(開口契約)；108年度壽豐鄉區域排水及一般排水清淤工程(開口契約)第二期,同機關且標題核心相同，尚待人工確認是否為同一專案
candidate_e0dd147c614f,原住民地區部落聯絡道路養護,2023,2026,4,4,4566000,花蓮縣鳳林鎮公所,112年度原住民地區部落聯絡道路養護工程；113年度原住民地區部落聯絡道路養護工程；114年度原住民地區部落聯絡道路養護工程；115年度原住民地區部落聯絡道路養護工程,同機關且標題核心相同，尚待人工確認是否為同一專案
candidate_0d81cabf9c42,加強公務和諧連繫西式花圈配送回收採購開口契約,2021,2025,5,4,4560000,花蓮縣政府,110年度加強公務和諧連繫-西式花圈配送與回收採購(開口契約)；110年度加強公務和諧連繫-西式花圈配送與回收採購(開口契約)後續擴充案；112年度加強公務和諧連繫-西式花圈配送與回收採購(開口契約)；115年度加強公務和諧連繫-西式花圈配送與回收採購(開口契約),同機關且標題核心相同，尚待人工確認是否為同一專案
candidate_cf419db41acd,花蓮國中小校務行政系統維護採購,2024,2026,3,2,4559081,花蓮縣政府,113年花蓮國中小校務行政系統維護採購案；115年花蓮國中小校務行政系統維護採購案,同機關且標題核心相同，尚待人工確認是否為同一專案
candidate_12bea88058aa,美術館建築整建委託含建照室裝消防其他專業簽證申報技術服務,2021,2022,2,2,4553229,花蓮縣文化局,美術館建築整建計畫-委託規劃設計監造(含建照、室裝、消防、其他專業簽證及申報)技術服務案；美術館建築整建計畫-委託規劃設計監造(含建照、室裝、消防、其他專業簽證及申報)技術服務案(第二次契約變更),同機關且標題核心相同，尚待人工確認是否為同一專案
candidate_00ac6a2fe793,各村路燈裝設開口契約,2017,2025,9,10,4551893,花蓮縣吉安鄉公所,各村路燈裝設工程(開口契約)；107年度各村路燈裝設工程(開口契約)；108年度各村路燈裝設工程(開口契約)；109年度各村路燈裝設工程(開口契約)；110年度各村路燈裝設工程(開口契約)；111年度各村路燈裝設工程(開口契約)；112年度各村路燈裝設工程(開口契約)；113年度各村路燈裝設工程(開口契約)；114年度各村路燈裝設工程(開口契約)；115年度各村路燈裝設工程(開口契約),同機關且標題核心相同，尚待人工確認是否為同一專案
candidate_10958190cc53,花蓮縣立鳳林國民中學九年級校外教學參觀活動,2019,2026,8,8,4550700,花蓮縣立鳳林國民中學,花蓮縣立鳳林國民中學108年九年級校外教學參觀活動；花蓮縣立鳳林國民中學109年九年級校外教學參觀活動；花蓮縣立鳳林國民中學110年九年級校外教學參觀活動；花蓮縣立鳳林國民中學111年九年級校外教學參觀活動；花蓮縣立鳳林國民中學112年九年級校外教學參觀活動；花蓮縣立鳳林國民中學113年九年級校外教學參觀活動；花蓮縣立鳳林國民中學114年九年級校外教學參觀活動；花蓮縣立鳳林國民中學115年九年級校外教學參觀活動勞務採購,同機關且標題核心相同，尚待人工確認是否為同一專案
candidate_f0154dd97be4,花蓮縣紙錢減量祭祀不燒金推廣,2014,2016,3,2,4549981,花蓮縣環境保護局,103年度花蓮縣紙錢減量及祭祀不燒金推廣計畫；105年度花蓮縣紙錢減量及祭祀不燒金推廣計畫,同機關且標題核心相同，尚待人工確認是否為同一專案
candidate_68069dd16f92,花蓮縣珍貴樹木維護,2010,2014,5,4,4547000,花蓮縣政府,99年度花蓮縣珍貴樹木維護委託專業服務勞務採購；101年度花蓮縣珍貴樹木維護委託專業服務；102年度花蓮縣珍貴樹木維護委託專業服務；103年度花蓮縣珍貴樹木維護委託專業服務,同機關且標題核心相同，尚待人工確認是否為同一專案
candidate_db394e4516c4,富里鄉境內農水路設施改善,2018,2019,2,2,4527000,花蓮縣政府,富里鄉境內農水路設施改善工程；108年度富里鄉境內農水路設施改善工程,同機關且標題核心相同，尚待人工確認是否為同一專案
candidate_6d6ac76c4484,花蓮縣公共設施天然災害復建委託設計監造技術服務工作,2010,2015,6,2,4518000,花蓮縣政府,花蓮縣99年度公共設施天然災害復建工程委託設計監造技術服務工作；花蓮縣97年度公共設施天然災害復建工程委託設計監造技術服務工作,同機關且標題核心相同，尚待人工確認是否為同一專案
candidate_93f295f0b4ec,拉庫拉庫溪流域歷史文化資源清查,2021,2022,2,2,4495000,花蓮縣文化局,拉庫拉庫溪流域歷史文化資源清查計畫；112年拉庫拉庫溪流域歷史文化資源清查計畫,同機關且標題核心相同，尚待人工確認是否為同一專案
candidate_c2304373727a,花蓮縣文化局圖書館自動化系統更新建置,2014,2015,2,2,4488000,花蓮縣文化局,花蓮縣文化局103年度圖書館自動化系統更新建置案；花蓮縣文化局圖書館自動化系統更新建置案第二期計畫,同機關且標題核心相同，尚待人工確認是否為同一專案
candidate_48cde469ee5e,愛心冷凍年菜採購,2016,2019,4,5,4477597,花蓮縣花蓮市公所,105年度愛心冷凍年菜採購；106年度愛心冷凍年菜採購；107年度愛心冷凍年菜採購；108年度愛心冷凍年菜採購,同機關且標題核心相同，尚待人工確認是否為同一專案
candidate_a149f8852f0c,花蓮縣消防局義勇消防總隊宣導義消大隊觀摩訓練招標,2023,2026,4,4,4470000,花蓮縣消防局,花蓮縣消防局112年義勇消防總隊宣導義消大隊觀摩訓練招標案；花蓮縣消防局113年義勇消防總隊宣導義消大隊觀摩訓練招標案；花蓮縣消防局114年義勇消防總隊宣導義消大隊觀摩訓練招標案；花蓮縣消防局115年義勇消防總隊宣導義消大隊觀摩訓練招標案,同機關且標題核心相同，尚待人工確認是否為同一專案
candidate_636751a128f3,道路監控設備系統維護招標,2012,2014,3,2,4470000,花蓮縣政府,「道路監控設備101年度系統維護」招標案；100年度「道路監控設備系統維護」招標案,同機關且標題核心相同，尚待人工確認是否為同一專案
candidate_3cbc6866fa70,花蓮縣清明掃墓便民服務措施鮮花採購開口契約,2025,2026,2,2,4464000,花蓮縣政府,花蓮縣114年度清明掃墓便民服務措施鮮花採購案(開口契約)；花蓮縣115年度清明掃墓便民服務措施鮮花採購案(開口契約),同機關且標題核心相同，尚待人工確認是否為同一專案
candidate_e989b7f70f9c,箭筍農特產品推廣活動,2021,2026,6,4,4457600,花蓮縣萬榮鄉公所,110年箭筍暨農特產品推廣活動；111年度箭筍暨農特產品推廣活動勞務採購；113年箭筍暨農特產品推廣活動；115年箭筍暨農特產品推廣活動,同機關且標題核心相同，尚待人工確認是否為同一專案
candidate_f9ce64f21969,花蓮縣公共區域樹木維護開口契約,2017,2022,6,6,4453000,花蓮縣政府,106年度花蓮縣公共區域樹木維護委託專業服務勞務採購開口契約；107年度花蓮縣公共區域樹木維護委託專業服務勞務採購開口契約；108年度花蓮縣公共區域樹木維護委託專業服務勞務採購開口契約；109年度花蓮縣公共區域樹木維護委託專業服務勞務採購開口契約；110年度花蓮縣公共區域樹木維護委託專業服務勞務採購(開口契約)；111年度花蓮縣公共區域樹木維護委託專業服務勞務採購開口契約,同機關且標題核心相同，尚待人工確認是否為同一專案
candidate_64cdc24f5e73,花蓮縣消防局辦理特種搜救隊國外特種搜救專業訓練機票行程,2022,2023,2,2,4452030,花蓮縣消防局,花蓮縣消防局111年辦理特種搜救隊國外特種搜救專業訓練機票及行程勞務採購案；花蓮縣消防局112年辦理特種搜救隊國外特種搜救專業訓練機票及行程勞務採購案,同機關且標題核心相同，尚待人工確認是否為同一專案
candidate_519001e9a214,光復鄉部落聯絡道路養護,2024,2025,2,2,4440000,花蓮縣光復鄉公所,113年度光復鄉部落聯絡道路養護工程；114年度光復鄉部落聯絡道路養護工程,同機關且標題核心相同，尚待人工確認是否為同一專案
candidate_a547b0206ab7,花蓮縣政府委託辦理花蓮縣兒童少年收出養服務資源中心,2022,2024,3,3,4438000,花蓮縣政府,花蓮縣政府委託辦理「111年度花蓮縣兒童及少年收出養服務資源中心」；花蓮縣政府委託辦理 「112年度花蓮縣兒童及少年收出養服務資源中心」；花蓮縣政府委託辦理 「113年度花蓮縣兒童及少年收出養服務資源中心」,同機關且標題核心相同，尚待人工確認是否為同一專案
candidate_b76ae3de3d57,義消總隊婦女防火宣導大隊觀摩訓練,2013,2019,7,6,4396270,花蓮縣消防局,102年度義消總隊婦女防火宣導大隊觀摩訓練勞務採購案；103年度義消總隊婦女防火宣導大隊觀摩訓練勞務採購案；104年度義消總隊婦女防火宣導大隊觀摩訓練勞務採購案；105年度義消總隊婦女防火宣導大隊觀摩訓練勞務採購案；107年度義消總隊婦女防火宣導大隊觀摩訓練案；108年度義消總隊婦女防火宣導大隊觀摩訓練案,同機關且標題核心相同，尚待人工確認是否為同一專案
candidate_2accfdf3b408,自行車步道休憩景觀環境維護開口契約採購,2023,2024,2,2,4392100,花蓮縣吉安鄉公所,112年度自行車及步道休憩景觀環境維護(開口契約)採購案；113年度自行車及步道休憩景觀環境維護(開口契約)採購案,同機關且標題核心相同，尚待人工確認是否為同一專案
candidate_5b4c4667ee1a,花蓮縣社區福利萌芽,2022,2025,4,4,4390000,花蓮縣政府,111年度花蓮縣社區福利萌芽計畫；112年度花蓮縣社區福利萌芽計畫；113年度花蓮縣社區福利萌芽計畫；115年度花蓮縣社區福利萌芽計畫,同機關且標題核心相同，尚待人工確認是否為同一專案
candidate_e2c0fbdf24f6,花蓮縣社區農村再生專管理輔導培根專業服務委託,2023,2024,2,2,4390000,花蓮縣政府,112年度花蓮縣社區農村再生專案管理及輔導計畫與培根計畫專業服務委託案；113年度花蓮縣社區農村再生專案管理及輔導計畫與培根計畫專業服務委託案,同機關且標題核心相同，尚待人工確認是否為同一專案
candidate_673f5b1c0929,吉安鄉公所宣導品禮品採購開口契約,2025,2026,2,3,4389000,花蓮縣吉安鄉公所,吉安鄉公所宣導品及禮品採購案(開口契約)；吉安鄉公所宣導品及禮品採購案後續擴充(開口契約)；吉安鄉公所115年度宣導品及禮品採購案(開口契約),同機關且標題核心相同，尚待人工確認是否為同一專案
candidate_f4171e2dfb7b,本鄉各村道路排水清淤改善開口契約,2023,2024,2,2,4380000,花蓮縣秀林鄉公所,112年度本鄉各村道路排水清淤及改善工程（開口契約）；113年度本鄉各村道路排水清淤及改善工程(開口契約),同機關且標題核心相同，尚待人工確認是否為同一專案
candidate_cd508bd38044,加強公務和諧連繫外縣市春節蝴蝶蘭花盆栽採購開口契約,2021,2025,5,4,4373745,花蓮縣政府,110年度加強公務和諧連繫-外縣市春節蝴蝶蘭花盆栽採購(開口契約)；112年度加強公務和諧連繫-外縣市春節蝴蝶蘭花盆栽採購(開口契約)；114年度加強公務和諧連繫-外縣市春節蝴蝶蘭花盆栽採購(開口契約)；115年度加強公務和諧連繫－外縣市春節蝴蝶蘭花盆栽採購(開口契約),同機關且標題核心相同，尚待人工確認是否為同一專案
candidate_c30451b64a20,壽豐鄉行道路樹修剪周邊環境維護開口契約,2019,2026,8,7,4368251,花蓮縣壽豐鄉公所,108年度壽豐鄉行道路樹修剪及周邊環境維護工程(開口契約)；109年度壽豐鄉行道路樹修剪及周邊環境維護工程(開口契約)；111年度壽豐鄉行道路樹修剪及周邊環境維護工程(開口契約)；112年度壽豐鄉行道路樹修剪及周邊環境維護工程(開口契約)；113年度壽豐鄉行道路樹修剪及周邊環境維護工程(開口契約)；114年度壽豐鄉行道路樹修剪及周邊環境維護工程(開口契約)；115年度壽豐鄉行道路樹修剪及周邊環境維護勞務採購(開口契約),同機關且標題核心相同，尚待人工確認是否為同一專案
candidate_0b1685b1a99f,花蓮市民族路雨水下水道,2020,2021,2,2,4360450,花蓮縣政府,花蓮市民族路雨水下水道新建工程；花蓮市民族路雨水下水道新建工程-(第一次變更設計）,同機關且標題核心相同，尚待人工確認是否為同一專案
candidate_926596a9986a,秀林鄉有機質肥料6000包採購,2021,2025,5,4,4356000,花蓮縣秀林鄉公所,秀林鄉110年度有機質肥料6000包採購；秀林鄉112年度有機質肥料6000包採購；秀林鄉113年度有機質肥料6000包採購；秀林鄉114年度有機質肥料6000包採購,同機關且標題核心相同，尚待人工確認是否為同一專案
candidate_4a526ba98579,古風排水支線改善,2019,2020,2,2,4353800,花蓮縣政府,108年度古風排水支線改善工程；109年度古風排水支線改善工程,同機關且標題核心相同，尚待人工確認是否為同一專案
candidate_75b7102141ca,2026ICG&CCWC廣告影片單曲音樂錄影帶,2025,2026,2,2,4330000,花蓮縣花蓮市鑄強國民小學,2026ICG&CCWC廣告影片、單曲及音樂錄影帶委託專業服務案；2026ICG&CCWC廣告影片、單曲及音樂錄影帶委託專業服務案-後續擴充,同機關且標題核心相同，尚待人工確認是否為同一專案
candidate_c36cd62d55ec,里鄰長調解委員城鄉發展環境教育政令宣導活動,2023,2026,4,3,4326000,花蓮縣鳳林鎮公所,112年度里鄰長暨調解委員城鄉發展、環境教育、政令宣導活動；113年度里鄰長暨調解委員城鄉發展、環境教育、政令宣導活動；115年度里鄰長暨調解委員城鄉發展、環境教育、政令宣導活動,同機關且標題核心相同，尚待人工確認是否為同一專案
candidate_e1425c711e44,花蓮縣政府水情監測站建置,2018,2019,2,2,4300000,花蓮縣政府,107年度花蓮縣政府水情監測站建置計畫；108年度花蓮縣政府水情監測站建置計畫,同機關且標題核心相同，尚待人工確認是否為同一專案
candidate_9ae6921f7092,花蓮縣政府台北聯絡處辦公廳舍租賃採購,2020,2024,5,6,4298924,花蓮縣政府,花蓮縣政府台北聯絡處109年度辦公廳舍租賃採購案；花蓮縣政府台北聯絡處110年辦公廳舍租賃採購；花蓮縣政府台北聯絡處112年度辦公廳舍租賃採購案；花蓮縣政府台北聯絡處113年度辦公廳舍租賃採購案；花蓮縣政府台北聯絡處113年辦公廳舍租賃採購案；花蓮縣政府114年台北聯絡處辦公廳舍租賃採購案,同機關且標題核心相同，尚待人工確認是否為同一專案
candidate_a015539a1112,監視系統設施設備改善,2010,2012,3,3,4278183,花蓮縣吉安鄉公所,99年度監視系統設施及設備改善工程；100年度監視系統設施及設備改善工程；101年度監視系統設施及設備改善工程,同機關且標題核心相同，尚待人工確認是否為同一專案
candidate_bffd6008dd34,花蓮縣鳳林鎮土石流防災重機械進駐搶修作業工作,2012,2026,15,10,4273200,花蓮縣鳳林鎮公所,花蓮縣鳳林鎮土石流防災重機械進駐搶修作業工作；105年度花蓮縣鳳林鎮土石流防災重機械進駐搶修作業工作；106年度花蓮縣鳳林鎮土石流防災重機械進駐搶修作業工作；109年度花蓮縣鳳林鎮土石流防災重機械進駐搶修作業工作；113年度花蓮縣鳳林鎮土石流防災重機械進駐搶修作業工作；114年度花蓮縣鳳林鎮土石流防災重機械進駐搶修作業工作；115年度花蓮縣鳳林鎮土石流防災重機械進駐搶修作業工作,同機關且標題核心相同，尚待人工確認是否為同一專案
candidate_6c059567639c,天然災害搶險搶修,2013,2017,5,6,4260000,花蓮縣鳳林鎮公所,102年度天然災害搶險搶修工程；103年度天然災害搶險搶修工程；104年度天然災害搶險搶修工程；105年度天然災害搶險搶修工程；106年度天然災害搶險搶修工程；107年度天然災害搶險搶修工程,同機關且標題核心相同，尚待人工確認是否為同一專案
candidate_7fedc9a6cd4c,花蓮縣公共運輸整體行銷,2017,2022,6,2,4256000,花蓮縣政府,花蓮縣公共運輸整體行銷案；111年度花蓮縣公共運輸整體行銷,同機關且標題核心相同，尚待人工確認是否為同一專案
candidate_298449b13c13,新城鄉北埔村親水公園新闢,2010,2013,4,2,4250000,花蓮縣新城鄉公所,新城鄉北埔村親水公園新闢工程規劃設計；新城鄉北埔村親水公園新闢工程,同機關且標題核心相同，尚待人工確認是否為同一專案
candidate_60796968b498,豐濱鄉路燈增設遷移維修開口契約,2022,2025,4,3,4250000,花蓮縣豐濱鄉公所,豐濱鄉112年度路燈增設、遷移及維修工程開口契約；豐濱鄉113年度路燈增設、遷移及維修工程開口契約；豐濱鄉114年度路燈增設、遷移及維修工程開口契約,同機關且標題核心相同，尚待人工確認是否為同一專案
candidate_465a81f0dfd6,協勤民力等人員投保團體意外保險採購,2011,2012,2,2,4247514,花蓮縣政府,100年度協勤民力等人員投保團體意外保險採購案；101年度協勤民力等人員投保團體意外保險採購案,同機關且標題核心相同，尚待人工確認是否為同一專案
candidate_f8c6c9540e4c,吉安鄉公所所屬單位保全防護採購,2018,2022,5,5,4236000,花蓮縣吉安鄉公所,107年度吉安鄉公所暨所屬單位保全防護採購案；108年度吉安鄉公所暨所屬單位保全防護採購案；109年度吉安鄉公所暨所屬單位保全防護採購案；110年度吉安鄉公所暨所屬單位保全防護採購案；111年度吉安鄉公所暨所屬單位保全防護採購案,同機關且標題核心相同，尚待人工確認是否為同一專案
candidate_e5fe3582bfde,玉里鎮車站後排水改善,2010,2011,2,2,4235000,花蓮縣政府,玉里鎮車站後排水改善工程,同機關且標題核心相同，尚待人工確認是否為同一專案
candidate_60c3bf2a6e56,花蓮縣政府所屬一級機關臨時性公務用禮賓車租賃開口契約,2014,2025,12,12,4221592,花蓮縣政府,花蓮縣政府暨所屬一級機關104年度臨時性公務用禮賓車租賃開口契約；花蓮縣政府暨所屬一級機關105年度臨時性公務用禮賓車租賃開口契約；花蓮縣政府暨所屬一級機關106年度臨時性公務用禮賓車租賃開口契約；花蓮縣政府暨所屬一級機關107年度臨時性公務用禮賓車租賃開口契約；花蓮縣政府暨所屬一級機關108年度臨時性公務用禮賓車租賃開口契約；花蓮縣政府暨所屬一級機關109年度臨時性公務用禮賓車租賃開口契約；花蓮縣政府暨所屬一級機關110年度臨時性公務用禮賓車租賃開口契約；花蓮縣政府暨所屬一級機關111年度臨時性公務用禮賓車租賃開口契約；花蓮縣政府暨所屬一級機關112年度臨時性公務用禮賓車租賃開口契約；花蓮縣政府暨所屬一級機關113年度臨時性公務用禮賓車租賃開口契約；花蓮縣政府暨所屬一級機關114年度臨時性公務用禮賓車租賃開口契約；花蓮縣政府暨所屬一級機關115年度臨時性公務用禮賓車租賃開口契約,同機關且標題核心相同，尚待人工確認是否為同一專案
candidate_ef03349f6994,里鄰長政令宣導文康聯誼活動,2023,2026,4,4,4215000,花蓮縣玉里鎮公所,112年里鄰長政令宣導暨文康聯誼活動；113年度里鄰長政令宣導暨文康聯誼活動；114年里鄰長政令宣導暨文康聯誼活動；115年度里鄰長政令宣導暨文康聯誼活動,同機關且標題核心相同，尚待人工確認是否為同一專案
candidate_178150e1c971,花蓮縣政府員工協助方EAP勞務服務採購,2022,2025,4,5,4209337,花蓮縣政府,花蓮縣政府111年員工協助方案(EAP)勞務服務採購案；花蓮縣政府112年員工協助方案(EAP)勞務服務採購案；花蓮縣政府113年員工協助方案(EAP)勞務服務採購案；花蓮縣政府114年員工協助方案(EAP)勞務服務採購案；花蓮縣政府115年員工協助方案(EAP)勞務服務採購案,同機關且標題核心相同，尚待人工確認是否為同一專案
candidate_da6715ef1de2,花蓮縣就業博覽會友善職場事業單位表揚活動,2024,2026,3,3,4200000,花蓮縣政府,花蓮縣113年度就業博覽會暨友善職場事業單位表揚活動；花蓮縣114年度就業博覽會暨友善職場事業單位表揚活動；花蓮縣115年度就業博覽會暨友善職場事業單位表揚活動,同機關且標題核心相同，尚待人工確認是否為同一專案
candidate_1d15602241c1,花蓮縣警察局吉安分局所屬廳舍整修,2025,2026,2,2,4200000,花蓮縣警察局,花蓮縣警察局吉安分局所屬廳舍整修工程,同機關且標題核心相同，尚待人工確認是否為同一專案
candidate_ade27e615787,環保所車輛機具維修保養,2013,2018,6,6,4190540,花蓮縣新城鄉公所,103年環保所車輛(機具)維修(保養)；104年環保所車輛(機具)維修(保養)；105年度環保所車輛(機具)維修(保養)；106年度環保所車輛(機具)維修(保養)；107年度環保所車輛(機具)維修(保養)；108年度環保所車輛(機具)維修(保養),同機關且標題核心相同，尚待人工確認是否為同一專案
candidate_38e319184720,新城鄉路樹修剪搶災搶險勞務開口契約,2021,2026,6,5,4180560,花蓮縣新城鄉公所,111年度新城鄉路樹修剪、搶災搶險勞務開口契約；112年度新城鄉路樹修剪、搶災搶險勞務開口契約；113年度新城鄉路樹修剪、搶災搶險勞務開口契約；114年度新城鄉路樹修剪、搶災搶險勞務開口契約；115年度新城鄉路樹修剪、搶災搶險勞務開口契約,同機關且標題核心相同，尚待人工確認是否為同一專案
candidate_ca656e6e9cef,公立國民中小學單槍投影機更換燈泡開口契約,2014,2016,3,3,4177600,花蓮縣政府,103年度公立國民中小學單槍投影機更換燈泡開口契約；104年度公立國民中小學單槍投影機更換燈泡開口契約；105年度公立國民中小學單槍投影機更換燈泡開口契約,同機關且標題核心相同，尚待人工確認是否為同一專案
candidate_e9686cabfc30,瑞穗鄉區域排水一般排水清淤開口契約,2018,2026,9,8,4172800,花蓮縣瑞穗鄉公所,107年度瑞穗鄉區域排水及一般排水清淤工程(開口契約)；108年度瑞穗鄉區域排水及一般排水清淤工程(開口契約)；109年度瑞穗鄉區域排水及一般排水清淤工程(開口契約)；110年度瑞穗鄉區域排水及一般排水清淤工程(開口契約)；111年度瑞穗鄉區域排水及一般排水清淤工程第二期(開口契約)；113年度瑞穗鄉區域排水及一般排水清淤(開口契約)；114年度瑞穗鄉區域排水及一般排水清淤工程(開口契約)；115年度瑞穗鄉區域排水及一般排水清淤工程(開口契約),同機關且標題核心相同，尚待人工確認是否為同一專案
candidate_569ed3a2e276,自立膳食食材採購,2023,2025,3,3,4171250,花蓮縣立南平中學,113年度自立膳食食材採購案；114年度自立膳食食材採購案；115年度自立膳食食材採購案,同機關且標題核心相同，尚待人工確認是否為同一專案
candidate_5ed40fa4e128,縣立體育場所轄各場館消防設備改善,2015,2018,4,3,4165968,花蓮縣政府,104年度縣立體育場所轄各場館消防設備改善工程；105年度縣立體育場所轄各場館消防設備改善工程；107年度縣立體育場所轄各場館消防設備改善工程,同機關且標題核心相同，尚待人工確認是否為同一專案
candidate_5db88f36c357,中央路知卡宣大道南華二街道路環境維護開口契約,2018,2025,8,7,4160000,花蓮縣吉安鄉公所,108年度中央路、知卡宣大道及南華二街道路環境維護(開口契約)；109年度中央路、知卡宣大道及南華二街道路環境維護(開口契約)；110年度中央路、知卡宣大道及南華二街道路環境維護(開口契約）；111年度中央路、知卡宣大道及南華二街道路環境維護(開口契約)；112年度中央路、知卡宣大道及南華二街道路環境維護(開口契約)；114年度中央路、知卡宣大道及南華二街道路環境維護(開口契約)；115年度中央路、知卡宣大道及南華二街道路環境維護(開口契約),同機關且標題核心相同，尚待人工確認是否為同一專案
candidate_df369e4d2de1,花蓮縣養殖漁業生產區維護管理,2021,2024,4,3,4153428,花蓮縣政府,花蓮縣養殖漁業生產區維護管理勞務採購；111年度花蓮縣養殖漁業生產區維護管理勞務採購；113年度花蓮縣養殖漁業生產區維護管理勞務採購案,同機關且標題核心相同，尚待人工確認是否為同一專案
candidate_fb411d89eb5a,崇德社區籃球場整修,2012,2018,7,2,4150000,花蓮縣秀林鄉公所,崇德社區籃球場整修工程,同機關且標題核心相同，尚待人工確認是否為同一專案
candidate_80c9140699bf,秀林鄉全鄉鄉民團體意外保險採購,2024,2025,2,2,4140640,花蓮縣秀林鄉公所,113年度秀林鄉全鄉鄉民團體意外保險採購；114年度秀林鄉全鄉鄉民團體意外保險採購,同機關且標題核心相同，尚待人工確認是否為同一專案
candidate_1dd65c7a3e6f,花蓮縣13鄉鎮市公所清潔隊三節禮盒採購,2020,2026,7,6,4128806,花蓮縣環境保護局,109年花蓮縣13鄉鎮市公所清潔隊三節禮盒採購；111年度花蓮縣13鄉鎮市公所清潔隊三節禮盒採購；112年度花蓮縣13鄉鎮市公所清潔隊三節禮盒採購；113年度花蓮縣13鄉鎮市公所清潔隊三節禮盒採購；114年度花蓮縣13鄉鎮市公所清潔隊三節禮盒採購；115年度花蓮縣13鄉鎮市公所清潔隊三節禮盒採購,同機關且標題核心相同，尚待人工確認是否為同一專案
candidate_3fb20faf07f0,水稻葉穗稻熱病整合防治開口合約採購,2020,2022,3,3,4105400,花蓮縣玉里鎮公所,109年度水稻葉穗稻熱病整合防治計畫(開口合約)採購案；110年度水稻葉穗稻熱病整合防治計畫(開口合約)採購案；111年度水稻葉穗稻熱病整合防治計畫(開口合約)採購案,同機關且標題核心相同，尚待人工確認是否為同一專案
candidate_731c3d604c09,花蓮縣原住民族聲音採集,2024,2025,2,2,4100000,花蓮縣政府,113年花蓮縣原住民族聲音採集勞務採購案；114年花蓮縣原住民族聲音採集勞務採購案,同機關且標題核心相同，尚待人工確認是否為同一專案
candidate_0894f9652aea,107花蓮動漫培育發展,2018,2019,2,2,4089000,花蓮縣文化局,107-108年花蓮動漫培育發展計畫；107-108年花蓮動漫培育發展計畫後續擴充,同機關且標題核心相同，尚待人工確認是否為同一專案
candidate_4438d489118b,花蓮縣政府教育處公務車所屬學校校車保險採購,2011,2015,5,7,4075024,花蓮縣政府,花蓮縣政府教育處100年度公務車暨所屬學校校車保險採購；花蓮縣政府教育處101年度公務車暨所屬學校校車保險採購；花蓮縣政府教育處102年度公務車暨所屬學校校車保險採購；花蓮縣政府教育處102年度公務車暨所屬學校校車保險採購後續擴充案；花蓮縣政府教育處103年度公務車暨所屬學校校車保險採購；花蓮縣政府教育處104年度公務車暨所屬學校校車保險採購；花蓮縣政府教育處104年公務車暨所屬學校校車保險採購後續擴充案,同機關且標題核心相同，尚待人工確認是否為同一專案
candidate_f5e406c29191,充實體育器材設備採購,2016,2019,4,2,4070000,花蓮縣政府,105年度充實體育器材設備採購；107年度充實體育器材設備採購,同機關且標題核心相同，尚待人工確認是否為同一專案
candidate_477288f42f64,花蓮縣國民中小學校務行政系統維護採購,2019,2021,3,5,4068030,花蓮縣政府,花蓮縣108年國民中小學校務行政系統維護採購案；花蓮縣109年國民中小學校務行政系統維護採購案；花蓮縣109年度國民中小學校務行政系統維護採購案；花蓮縣110年國民中小學校務行政系統維護採購案,同機關且標題核心相同，尚待人工確認是否為同一專案
candidate_b439075b55fe,加強公務和諧連繫–在地農特產品–世界冠軍蜜香紅茶茶葉禮盒採購開口契約,2023,2025,3,3,4064850,花蓮縣政府,113年度加強公務和諧連繫–在地農特產品–世界冠軍蜜香紅茶茶葉禮盒採購(開口契約)；114年度加強公務和諧連繫–在地農特產品–世界冠軍蜜香紅茶茶葉禮盒採購(開口契約)；115年度加強公務和諧連繫–在地農特產品–世界冠軍蜜香紅茶茶葉禮盒採購(開口契約),同機關且標題核心相同，尚待人工確認是否為同一專案
candidate_83b05a6175ee,花蓮縣國中小校園課桌椅修繕開口契約,2020,2021,2,2,4053608,花蓮縣吉安鄉宜昌國民小學,花蓮縣國中小校園課桌椅修繕勞務採購(開口契約)；花蓮縣國中小校園課桌椅修繕勞務採購(開口契約)後續擴充,同機關且標題核心相同，尚待人工確認是否為同一專案
candidate_c9298783a279,鳳林鎮都市雨水下水道清淤,2011,2026,16,5,4040000,花蓮縣鳳林鎮公所,鳳林鎮都市計畫雨水下水道清淤工程(第二期)；113年度鳳林鎮都市計畫雨水下水道清淤工程；114年度鳳林鎮都市計畫雨水下水道清淤工程；114年度鳳林鎮都市計畫雨水下水道第二期清淤工程；115年度鳳林鎮都市計畫雨水下水道清淤工程,同機關且標題核心相同，尚待人工確認是否為同一專案
candidate_022e70864b4f,花蓮縣警察局區域聯防VPN防火牆設備汰換採購,2017,2020,4,2,4040000,花蓮縣政府,花蓮縣警察局106年度區域聯防VPN防火牆設備汰換採購案；花蓮縣警察局109年度區域聯防VPN防火牆設備汰換採購案,同機關且標題核心相同，尚待人工確認是否為同一專案
candidate_71d1e6ec3f77,玉里鎮樂合里農花玉305農路改善,2012,2013,2,2,4036000,花蓮縣政府,玉里鎮樂合里農花玉305農路改善工程；玉里鎮樂合里農花玉305農路第二期改善工程,同機關且標題核心相同，尚待人工確認是否為同一專案
candidate_1ca7db601339,花蓮縣光復鄉地方基層民政業務相關人員政令宣導活動,2025,2026,2,2,4033840,花蓮縣光復鄉公所,花蓮縣光復鄉114年度地方基層民政業務相關人員政令宣導活動；花蓮縣光復鄉115年度地方基層民政業務相關人員政令宣導活動,同機關且標題核心相同，尚待人工確認是否為同一專案
candidate_515ef3166006,花蓮縣瑞穗鄉全鄉鄉民團體傷害保險,2024,2026,3,3,4033000,花蓮縣瑞穗鄉公所,花蓮縣瑞穗鄉113年度全鄉鄉民團體傷害保險；花蓮縣瑞穗鄉114年度全鄉鄉民團體傷害保險；花蓮縣瑞穗鄉115年度全鄉鄉民團體傷害保險,同機關且標題核心相同，尚待人工確認是否為同一專案
candidate_dadb55c72374,光華社區疊石意象環境綠美化,2022,2023,2,2,4025000,花蓮縣政府,光華社區疊石意象及環境綠美化（第二期）工程；光華社區疊石意象及環境綠美化(第三期)工程,同機關且標題核心相同，尚待人工確認是否為同一專案
candidate_d08d42f169ef,花蓮縣文化局轄管各館舍設施委託監造服務開口契約,2016,2017,2,2,4021065,花蓮縣文化局,105年度花蓮縣文化局轄管各館舍及設施委託規劃設計及監造服務開口契約；106年度花蓮縣文化局轄管各館舍及設施委託規劃設計及監造服務開口契約,同機關且標題核心相同，尚待人工確認是否為同一專案
candidate_234bcf6177ea,全本音樂劇《貓》,2021,2022,2,2,4000000,花蓮縣文化局,「全本音樂劇-《貓》」,同機關且標題核心相同，尚待人工確認是否為同一專案
candidate_1d909cd494c1,花蓮縣推動農地利用綜合規劃,2023,2024,2,2,4000000,花蓮縣政府,112年花蓮縣推動農地利用綜合規劃計畫委託專業服務勞務採購；113年花蓮縣推動農地利用綜合規劃計畫委託專業服務勞務採購,同機關且標題核心相同，尚待人工確認是否為同一專案
candidate_f7358813ec18,玉里國中射箭隊器材財物採購,2017,2020,4,3,3975903,花蓮縣政府,玉里國中106年射箭隊器材財物採購；玉里國中107年射箭隊器材財物採購；玉里國中109年射箭隊器材財物採購,同機關且標題核心相同，尚待人工確認是否為同一專案
candidate_905b8bbc00fe,花蓮縣地方稅務局稅務行政系統資訊設備維護服務,2016,2017,2,2,3974800,花蓮縣政府,花蓮縣地方稅務局105年度「稅務及行政系統資訊設備維護服務」；花蓮縣地方稅務局106年度「稅務及行政系統資訊設備維護服務」,同機關且標題核心相同，尚待人工確認是否為同一專案
candidate_d63520e3dd01,花蓮縣身心障礙福利服務中心修繕,2016,2018,3,2,3970000,花蓮縣政府,104年度花蓮縣身心障礙福利服務中心修繕工程；107年度花蓮縣身心障礙福利服務中心修繕計畫,同機關且標題核心相同，尚待人工確認是否為同一專案
candidate_74baa52a9537,花蓮縣地方稅局稅務行政系統資訊設備維護服務,2017,2019,3,2,3946200,花蓮縣地方稅務局,花蓮縣地方稅局107年度稅務及行政系統資訊設備維護服務案；花蓮縣地方稅局「稅務及行政系統資訊設備維護服務案」108年後續擴充,同機關且標題核心相同，尚待人工確認是否為同一專案
candidate_86b32ed143a2,推展縣政公關白米茶葉禮盒組採購開口契約下半年度增購,2015,2018,4,2,3940000,花蓮縣政府,104年度推展縣政公關－白米與茶葉禮盒組採購(開口契約)下半年度增購；107年度推展縣政公關-白米與茶葉禮盒組採購(開口契約)下半年度增購案,同機關且標題核心相同，尚待人工確認是否為同一專案
candidate_56e53926336d,花蓮縣北區農水路野溪水土保持設施搶修〈險〉開口契約,2012,2013,2,2,3940000,花蓮縣政府,花蓮縣北區農水路、野溪、水土保持設施搶修〈險〉工程 (開口契約),同機關且標題核心相同，尚待人工確認是否為同一專案
candidate_1cd052c7842a,瑞穗國中游泳池整建,2011,2019,9,2,3938000,花蓮縣政府,瑞穗國中游泳池整建工程；瑞穗國中107年度游泳池整建工程,同機關且標題核心相同，尚待人工確認是否為同一專案
candidate_f20dd9318fef,花蓮縣北區農水路野溪水土保持設施搶修〈險〉,2010,2011,2,2,3930000,花蓮縣政府,花蓮縣北區農水路、野溪、水土保持設施搶修〈險〉工程,同機關且標題核心相同，尚待人工確認是否為同一專案
candidate_f97f54093fff,加強公務和諧連繫摸彩品本縣地區超市禮券採購開口契約,2022,2024,3,2,3929070,花蓮縣政府,111年度加強公務和諧連繫-摸彩品-本縣地區超市禮券採購(開口契約)；113年度加強公務和諧連繫-摸彩品-本縣地區超市禮券採購(開口契約)後續擴充案,同機關且標題核心相同，尚待人工確認是否為同一專案
candidate_98e2848f3ea8,推展縣政公關玫瑰石版畫豐田玉石版畫採購開口契約,2015,2018,4,3,3925000,花蓮縣政府,104年度推展縣政公關－玫瑰石版畫、豐田玉石版畫採購(開口契約)；107年度推展縣政公關－玫瑰石版畫、豐田玉石版畫採購(開口契約),同機關且標題核心相同，尚待人工確認是否為同一專案
candidate_85db27708cd3,緊急救護雲端作業系統擴充,2024,2026,3,2,3924731,花蓮縣消防局,113年緊急救護雲端作業系統擴充案；115年緊急救護雲端作業系統擴充案,同機關且標題核心相同，尚待人工確認是否為同一專案
candidate_e26890d5e012,南通土資場重機械租用,2010,2014,5,5,3919850,花蓮縣玉里鎮公所,99年度南通土資場重機械租用勞務採購案；100年度南通土資場重機械租用勞務採購案；101年度南通土資場重機械租用勞務採購案；102年度南通土資場重機械租用勞務採購案；103年度南通土資場重機械租用勞務採購案,同機關且標題核心相同，尚待人工確認是否為同一專案
candidate_2637da0b9ece,花蓮縣警察局員警勤務鞋採購,2019,2021,3,3,3919128,花蓮縣政府,花蓮縣警察局108年度員警勤務鞋採購案；花蓮縣警察局109年度員警勤務鞋採購案；花蓮縣警察局110年度員警勤務鞋採購案,同機關且標題核心相同，尚待人工確認是否為同一專案
candidate_47556e30c9e0,花蓮縣警察局e化勤務指管系統維護採購,2018,2025,8,4,3917000,花蓮縣警察局,花蓮縣警察局107年度e化勤務指管系統維護採購案；花蓮縣警察局111年度e化勤務指管系統維護採購案；花蓮縣警察局113年度e化勤務指管系統維護採購案；花蓮縣警察局114年度e化勤務指管系統維護採購案,同機關且標題核心相同，尚待人工確認是否為同一專案
candidate_dfb835832e95,佳心舊社Istasipal家屋管理維護推廣教育,2018,2020,3,2,3898000,花蓮縣文化局,佳心舊社Istasipal家屋管理維護暨推廣教育計畫；109年佳心舊社Istasipal家屋管理維護暨推廣教育計畫,同機關且標題核心相同，尚待人工確認是否為同一專案
candidate_e984941715b8,推展縣政公關食品飲料禮盒開口契約,2018,2023,6,6,3897066,花蓮縣政府,107年推展縣政公關食品飲料禮盒開口契約；108年推展縣政公關食品飲料禮盒開口契約；109年推展縣政公關食品飲料禮盒開口契約；110年推展縣政公關食品飲料禮盒開口契約；111年推展縣政公關食品飲料禮盒開口契約；112年推展縣政公關食品飲料禮盒開口契約,同機關且標題核心相同，尚待人工確認是否為同一專案
candidate_f719e44bc60c,新城鄉新設維護路燈開口合約,2015,2016,2,2,3893640,花蓮縣新城鄉公所,104年度新城鄉新設與維護路燈開口合約；105年度新城鄉新設與維護路燈開口合約,同機關且標題核心相同，尚待人工確認是否為同一專案
candidate_ca56aff2f629,花蓮縣社會福利館6樓會議室隔間屋面防水,2020,2021,2,2,3891969,花蓮縣政府,花蓮縣社會福利館6樓會議室隔間及屋面防水工程,同機關且標題核心相同，尚待人工確認是否為同一專案
candidate_924ecef6c5d0,花蓮市公園綠地等除草開口契約,2025,2026,2,2,3888920,花蓮縣花蓮市公所,114年度花蓮市公園、綠地等除草勞務採購(開口契約)；115年度花蓮市公園、綠地等除草勞務採購(開口契約),同機關且標題核心相同，尚待人工確認是否為同一專案
candidate_6380e34f954d,古風排水改善,2012,2026,15,2,3858000,花蓮縣政府,古風排水改善工程；115年度古風排水改善工程,同機關且標題核心相同，尚待人工確認是否為同一專案
candidate_3dcd735a34f0,全縣13鄉鎮市區域排水清淤疏浚維護等,2012,2013,2,2,3858000,花蓮縣政府,全縣13鄉鎮市區域排水清淤疏浚維護等工程,同機關且標題核心相同，尚待人工確認是否為同一專案
candidate_bd84724001b4,花蓮溪口馬太鞍重要濕地之規劃經營管理審查處分作業,2016,2022,7,4,3850000,花蓮縣政府,花蓮溪口、馬太鞍重要濕地之規劃、經營管理、審查及處分作業案；107年度花蓮溪口、馬太鞍重要濕地之規劃、經營管理、審查及處分作業案；花蓮溪口、馬太鞍重要濕地之規劃、經營管理、審查及處分作業案（第3期）；花蓮溪口、馬太鞍重要濕地之規劃、經營管理、審查及處分作業案（第5期）,同機關且標題核心相同，尚待人工確認是否為同一專案
candidate_ee06e26acdba,水土保持戶外教學推廣多元化宣導,2020,2026,7,6,3845000,花蓮縣政府,109年度水土保持戶外教學推廣及多元化宣導計畫；110年度水土保持戶外教學推廣及多元化宣導計畫；111年水土保持戶外教學推廣及多元化宣導計畫；112年水土保持戶外教學推廣及多元化宣導計畫；113年水土保持戶外教學推廣及多元化宣導計畫；115年水土保持戶外教學推廣及多元化宣導計畫,同機關且標題核心相同，尚待人工確認是否為同一專案
candidate_f89678017ea9,花蓮縣南區農水路野溪水土保持設施搶修〈險〉開口契約,2012,2013,2,2,3840000,花蓮縣政府,花蓮縣南區農水路、野溪、水土保持設施搶修〈險〉工程 (開口契約),同機關且標題核心相同，尚待人工確認是否為同一專案
candidate_eeac1d09c21f,花蓮縣吉安鄉公所中文圖書採購財物採購,2024,2026,3,3,3830000,花蓮縣吉安鄉公所,花蓮縣吉安鄉公所「113年中文圖書採購」財物採購案；花蓮縣吉安鄉公所「114年中文圖書採購」財物採購案；花蓮縣吉安鄉公所「115年中文圖書採購」財物採購案,同機關且標題核心相同，尚待人工確認是否為同一專案
candidate_e37186afccbc,流域綜合治理水土保持治山防災等,2014,2015,2,2,3803940,花蓮縣政府,103年度流域綜合治理、水土保持、治山防災等工程委託技術服務工作；104年度流域綜合治理、水土保持、治山防災等工程委託技術服務工作,同機關且標題核心相同，尚待人工確認是否為同一專案
candidate_04ac0bfdebf4,花蓮縣社區福利永續扎根委託勞務服務,2018,2021,4,4,3800000,花蓮縣政府,「107年度花蓮縣社區福利永續扎根計畫」委託勞務服務案；「108年度花蓮縣社區福利永續扎根計畫」委託勞務服務；109年度花蓮縣社區福利永續扎根計畫委託勞務服務案；110年度花蓮縣社區福利永續扎根計畫委託勞務服務案,同機關且標題核心相同，尚待人工確認是否為同一專案
candidate_0d0615facfcc,花蓮縣配合國土推動農地利用綜合規劃,2021,2022,2,2,3800000,花蓮縣政府,110年花蓮縣配合國土計畫推動農地利用綜合規劃計畫委託專業服務勞務採購；111年花蓮縣配合國土計畫推動農地利用綜合規劃計畫委託專業服務勞務採購,同機關且標題核心相同，尚待人工確認是否為同一專案
candidate_25ed37e6675b,卓溪鄉聖誕節歲末聯歡晚會活動採購,2017,2018,2,2,3794000,花蓮縣卓溪鄉公所,卓溪鄉2017年聖誕節暨歲末聯歡晚會活動委託專業服務採購案；卓溪鄉2018年聖誕節暨歲末聯歡晚會活動委託專業服務採購案,同機關且標題核心相同，尚待人工確認是否為同一專案
candidate_9ea1ed6ee615,花蓮縣立棒球場修繕,2013,2014,2,2,3780000,花蓮縣政府,102年度花蓮縣立棒球場修繕工程；103年度花蓮縣立棒球場修繕工程,同機關且標題核心相同，尚待人工確認是否為同一專案
candidate_8fe3c87d3b91,秀林國中租用學生專車服務,2016,2026,11,4,3766660,花蓮縣立秀林國民中學,秀林國中105年度租用學生專車服務(後續擴充)；秀林國中112年度租用學生專車服務；秀林國中113年度租用學生專車服務；秀林國中115年度租用學生專車服務,同機關且標題核心相同，尚待人工確認是否為同一專案
candidate_19434be3fd19,花蓮縣南區災後復建設計監造技術服務開口契約,2011,2012,2,2,3764800,花蓮縣政府,花蓮縣100年度南區災後復建工程設計、監造技術服務開口契約；花蓮縣101年度南區災後復建工程設計、監造技術服務開口契約,同機關且標題核心相同，尚待人工確認是否為同一專案
candidate_cbd4f0636944,崇德村排水溝改善,2011,2019,9,3,3760000,花蓮縣秀林鄉公所,崇德村排水溝改善工程,同機關且標題核心相同，尚待人工確認是否為同一專案
candidate_7a307a17cdc1,光復鄉道路挖掘修復改善,2021,2023,3,2,3710000,花蓮縣光復鄉公所,110年度光復鄉道路挖掘修復及改善工程；112年度光復鄉道路挖掘修復及改善工程,同機關且標題核心相同，尚待人工確認是否為同一專案
candidate_33140c0968ce,知卡宣公園戲水區域機械設備維護工作,2018,2021,4,4,3705322,花蓮縣政府,107年知卡宣公園戲水區域機械設備維護工作；108年度知卡宣公園戲水區域機械設備維護工作；109年度知卡宣公園戲水區域機械設備維護工作；110年度知卡宣公園戲水區域機械設備維護工作,同機關且標題核心相同，尚待人工確認是否為同一專案
candidate_a832c926f15c,花蓮縣消防局公務車輛保養維護採購分項決標,2023,2026,4,3,3705000,花蓮縣消防局,花蓮縣消防局112年度公務車輛保養維護採購案(分項決標)；花蓮縣消防局114年度公務車輛保養維護採購案（分項決標）,同機關且標題核心相同，尚待人工確認是否為同一專案
candidate_1386fd6c04e1,花蓮縣兒童少年寄養家庭服務,2022,2025,4,4,3700000,花蓮縣政府,111年度花蓮縣兒童及少年寄養家庭服務計畫；花蓮縣兒童及少年寄養家庭服務計畫(後續擴充)；113年度花蓮縣兒童及少年寄養家庭服務計畫；114年度花蓮縣兒童及少年寄養家庭服務計畫,同機關且標題核心相同，尚待人工確認是否為同一專案
candidate_65c6ea51251b,花蓮縣簡易自來水系統設備維護更新開口契約,2018,2019,2,2,3700000,花蓮縣政府,107年度花蓮縣簡易自來水系統設備維護及更新工程(開口契約)；108年度花蓮縣簡易自來水系統設備維護及更新工程(開口契約),同機關且標題核心相同，尚待人工確認是否為同一專案
candidate_65647f0e5f3f,吉安鄉各部落聯絡道路維護整修緊急搶修開口契約,2024,2026,3,3,3699000,花蓮縣吉安鄉公所,113年度吉安鄉各部落聯絡道路維護、整修及緊急搶修工程(開口契約)；114年度吉安鄉各部落聯絡道路維護、整修及緊急搶修工程(開口契約)；115年度吉安鄉各部落聯絡道路維護、整修及緊急搶修工程(開口契約),同機關且標題核心相同，尚待人工確認是否為同一專案
candidate_5f392d74dba7,花蓮縣政府辦理原住民族地區部落公共委託設計服務,2014,2015,2,2,3695000,花蓮縣政府,花蓮縣政府辦理103年度原住民族地區部落公共工程委託設計服務；花蓮縣政府辦理104年度原住民族地區部落公共工程委託設計服務,同機關且標題核心相同，尚待人工確認是否為同一專案
candidate_5edc0d001104,游泳池委外經營管理,2016,2024,9,4,3685000,花蓮縣立自強國民中學,105年度游泳池委外經營管理勞務採購；107年度游泳池委外經營管理勞務採購；110年度游泳池委外經營管理勞務採購；113年度游泳池委外經營管理,同機關且標題核心相同，尚待人工確認是否為同一專案
candidate_1a27439acd85,花蓮縣南區農水路野溪水土保持設施搶修〈險〉,2010,2011,2,2,3680000,花蓮縣政府,花蓮縣南區農水路、野溪、水土保持設施搶修〈險〉工程,同機關且標題核心相同，尚待人工確認是否為同一專案
candidate_a2ac3f87d770,花蓮縣海灘岸漂流木打撈清理搶修險開口,2011,2012,2,2,3659020,花蓮縣政府,100年度花蓮縣海灘（岸）漂流木打撈清理搶修（險）開口勞務採購案；101年度花蓮縣海灘（岸）漂流木打撈清理搶修（險）開口勞務採購案,同機關且標題核心相同，尚待人工確認是否為同一專案
candidate_272c3cdbef76,發展特色運動改善運動訓練環境採購,2012,2014,3,3,3648880,花蓮縣政府,101年度發展特色運動及改善運動訓練環境採購；102年度發展特色運動及改善運動訓練環境採購；103年度發展特色運動及改善運動訓練環境採購,同機關且標題核心相同，尚待人工確認是否為同一專案
candidate_969c24ccbe6f,學田排水改善,2011,2017,7,3,3648000,花蓮縣政府,學田排水改善工程,同機關且標題核心相同，尚待人工確認是否為同一專案
candidate_cc68c4a281ac,各村路燈裝設,2011,2016,6,6,3638830,花蓮縣吉安鄉公所,各村路燈裝設工程,同機關且標題核心相同，尚待人工確認是否為同一專案
candidate_83c7b6a9b2a4,新城鄉各村新設路燈開口契約,2022,2023,2,2,3630000,花蓮縣新城鄉公所,111年度新城鄉各村新設路燈工程開口契約；112年度新城鄉各村新設路燈工程開口契約,同機關且標題核心相同，尚待人工確認是否為同一專案
candidate_2985081aa0e7,花蓮縣消防局義消總隊救護義消大隊觀摩訓練招標,2020,2025,6,5,3621000,花蓮縣消防局,花蓮縣消防局109年度義消總隊救護義消大隊觀摩訓練招標案；花蓮縣消防局110年度義消總隊救護義消大隊觀摩訓練招標案；花蓮縣消防局112年義消總隊救護義消大隊觀摩訓練招標案；花蓮縣消防局113年度義消總隊救護義消大隊觀摩訓練招標案；花蓮縣消防局114年度義消總隊救護義消大隊觀摩訓練招標案,同機關且標題核心相同，尚待人工確認是否為同一專案
candidate_df0a54c9336a,縣政戶外大型看板開口契約,2019,2024,6,7,3619000,花蓮縣政府,108年縣政戶外大型看板開口契約；109年縣政戶外大型看板開口契約；110年縣政戶外大型看板開口契約；111年縣政戶外大型看板開口契約；112年縣政戶外大型看板開口契約；113年縣政戶外大型看板開口契約；114年縣政戶外大型看板開口契約,同機關且標題核心相同，尚待人工確認是否為同一專案
candidate_a648f1fd5012,2025花蓮年貨大街展售活動,2024,2025,2,2,3617600,花蓮縣政府,2025花蓮年貨大街展售活動；2025花蓮年貨大街展售活動(第一次契約變更),同機關且標題核心相同，尚待人工確認是否為同一專案
candidate_b9d38de0c7f4,路燈線路維修開口契約,2015,2021,7,4,3614000,花蓮縣光復鄉公所,104年度路燈線路維修工程(開口契約)；105年度路燈線路維修工程(開口契約)；109年度路燈線路維修工程(開口契約)；110年度路燈線路維修工程(開口契約),同機關且標題核心相同，尚待人工確認是否為同一專案
candidate_2fd435deb933,花蓮縣消防局投保義勇消防人員含救災宣導救護義消民間救難團體意外保險,2022,2026,5,4,3602240,花蓮縣消防局,花蓮縣消防局111年度投保義勇消防人員(含救災、宣導及救護義消)及民間救難團體意外保險－後續擴充；花蓮縣消防局113年度投保義勇消防人員(含救災、宣導及救護義消)及民間救難團體意外保險；花蓮縣消防局114年度投保義勇消防人員(含救災、宣導及救護義消)及民間救難團體意外保險－後續擴充案；花蓮縣消防局115年度投保義勇消防人員(含救災、宣導及救護義消)及民間救難團體意外保險,同機關且標題核心相同，尚待人工確認是否為同一專案
candidate_935066635692,新城鄉路燈維護材料費工資,2011,2013,3,3,3600446,花蓮縣新城鄉公所,100年度新城鄉路燈維護材料費及工資；101年度新城鄉路燈維護材料費及工資；102年度新城鄉路燈維護材料費及工資,同機關且標題核心相同，尚待人工確認是否為同一專案
candidate_c5984bc8646b,身心障礙者支持性就業服務,2018,2019,2,2,3600065,花蓮縣政府,107年度身心障礙者支持性就業服務計畫；108年度身心障礙者支持性就業服務計畫,同機關且標題核心相同，尚待人工確認是否為同一專案
candidate_e1810dcb559f,花蓮縣土石流潛勢溪流資料更新維護,2025,2026,2,2,3600000,花蓮縣政府,114年度花蓮縣土石流潛勢溪流資料更新維護計畫；114年度花蓮縣土石流潛勢溪流資料更新維護計畫（後續擴充）,同機關且標題核心相同，尚待人工確認是否為同一專案
candidate_d549e1cca64a,機關學校公文管理系統維護服務,2020,2021,2,2,3592837,花蓮縣政府,109年度機關學校公文管理系統維護服務案；110年度機關學校公文管理系統維護服務案,同機關且標題核心相同，尚待人工確認是否為同一專案
candidate_1f48a090bc55,光復鄉公園綠地管理維護開口契約,2016,2021,6,6,3592500,花蓮縣光復鄉公所,105年度光復鄉公園綠地管理維護勞務採購開口契約；106年度光復鄉公園綠地管理維護勞務採購開口契約；107年度光復鄉公園綠地管理維護勞務採購開口契約；108年度光復鄉公園綠地管理維護勞務採購開口契約；109年度光復鄉公園綠地管理維護勞務採購開口契約；110年度光復鄉公園綠地管理維護勞務採購開口契約,同機關且標題核心相同，尚待人工確認是否為同一專案
candidate_e91f0e43021f,借問站形象識別標誌標準設計規範建置執行,2016,2020,5,4,3592400,花蓮縣政府,「借問站」形象識別標誌與標準設計規範建置執行案；108年「借問站」形象識別標誌與標準設計規範建置執行案；109年『借問站』形象識別標誌與標準設計規範建置執行案,同機關且標題核心相同，尚待人工確認是否為同一專案
candidate_6ea37a438748,富世村道路公共設施改善,2015,2017,3,3,3588000,花蓮縣秀林鄉公所,富世村道路及公共設施改善工程,同機關且標題核心相同，尚待人工確認是否為同一專案
candidate_381f76b7111c,花蓮縣秀林鄉公所檔銷毀電子儲存等工作委外服務,2021,2024,4,2,3585000,花蓮縣秀林鄉公所,花蓮縣秀林鄉公所110年度檔案銷毀及電子儲存等工作委外服務勞務採購案；花蓮縣秀林鄉公所113年度檔案銷毀及電子儲存等工作委外服務勞務採購案,同機關且標題核心相同，尚待人工確認是否為同一專案
candidate_ceb63bd99921,花蓮縣全縣社區全民聯合運動會花蓮市選手職員運動服裝,2014,2025,12,12,3584000,花蓮縣花蓮市公所,103年度花蓮縣全縣暨社區全民聯合運動會花蓮市選手及職員運動服裝；104年度花蓮縣全縣暨社區全民聯合運動會花蓮市選手及職員運動服裝；105年度花蓮縣全縣暨社區全民聯合運動會花蓮市選手及職員運動服裝；106年度花蓮縣全縣暨社區全民聯合運動會花蓮市選手及職員運動服裝；107年度花蓮縣全縣暨社區全民聯合運動會花蓮市選手及職員運動服裝；108年度花蓮縣全縣暨社區全民聯合運動會花蓮市選手及職員運動服裝；109年度花蓮縣全縣暨社區全民聯合運動會花蓮市選手及職員運動服裝；110年度花蓮縣全縣暨社區全民聯合運動會花蓮市選手及職員運動服裝；111年度花蓮縣全縣暨社區全民聯合運動會花蓮市選手及職員運動服裝；112年度花蓮縣全縣暨社區全民聯合運動會花蓮市選手及職員運動服裝；113年度花蓮縣全縣暨社區全民聯合運動會花蓮市選手及職員運動服裝；114年度花蓮縣全縣暨社區全民聯合運動會花蓮市選手及職員運動服裝,同機關且標題核心相同，尚待人工確認是否為同一專案
candidate_260cbe0aef69,花蓮縣政府新聞訊息監測,2016,2021,6,7,3579580,花蓮縣政府,花蓮縣政府105年新聞訊息監測案；花蓮縣政府106年新聞訊息監測案；花蓮縣政府107年新聞訊息監測案；花蓮縣政府108年新聞訊息監測案；花蓮縣政府109年新聞訊息監測案；花蓮縣政府110年新聞訊息監測案,同機關且標題核心相同，尚待人工確認是否為同一專案
candidate_86b0e08be79d,體育器材設備採購,2016,2024,9,2,3576888,花蓮縣政府,105年體育器材設備採購；112年度體育器材設備採購,同機關且標題核心相同，尚待人工確認是否為同一專案
candidate_e60ccc8d3422,全測站光波測距電子經緯儀2套採購,2017,2022,6,4,3564200,花蓮縣政府,106年度全測站光波測距電子經緯儀2套採購案；108年度全測站光波測距電子經緯儀2套採購案；110年度全測站光波測距電子經緯儀2套採購案；111年度全測站光波測距電子經緯儀2套採購案,同機關且標題核心相同，尚待人工確認是否為同一專案
candidate_9e687d56a5c4,壽豐鄉牛山段農路改善,2015,2018,4,2,3560000,花蓮縣政府,壽豐鄉牛山段農路改善工程,同機關且標題核心相同，尚待人工確認是否為同一專案
candidate_8a5c7efa9520,推展縣政公關花圈配送回收採購開口契約,2016,2018,3,3,3555200,花蓮縣政府,105年度推展縣政公關－花圈配送與回收採購(開口契約)；106年度推展縣政公關－花圈配送與回收採購(開口契約)；107年度推展縣政公關－花圈配送與回收採購(開口契約),同機關且標題核心相同，尚待人工確認是否為同一專案
candidate_ae6861864493,水源村社區部落風貌改善,2010,2011,2,2,3529950,花蓮縣秀林鄉公所,水源村社區部落風貌改善工程,同機關且標題核心相同，尚待人工確認是否為同一專案
candidate_f0ed230fe4ef,花蓮地區水資源回收中心放流水自動連續監測設施後續維護校正工作,2018,2021,4,2,3523890,花蓮縣政府,花蓮地區水資源回收中心放流水自動連續監測設施及後續維護校正工作；110年度花蓮地區水資源回收中心放流水自動連續監測設施及後續維護校正工作,同機關且標題核心相同，尚待人工確認是否為同一專案
candidate_c64fc28eaa94,吉安鄉區域排水一般排水清淤,2011,2020,10,10,3520000,花蓮縣吉安鄉公所,吉安鄉區域排水及一般排水清淤工程；吉安鄉區域排水及一般排水清淤工程(第二期)；109年度吉安鄉區域排水及一般排水清淤工程,同機關且標題核心相同，尚待人工確認是否為同一專案
candidate_826b9ff08c7d,花蓮市活化商圈觀光活動花得開心購物節,2023,2026,4,4,3500000,花蓮縣花蓮市公所,花蓮市112年度活化商圈觀光活動-花得開心購物節；花蓮市113年度活化商圈觀光活動-花得開心購物節；花蓮市114年度活化商圈觀光活動-花得開心購物節；花蓮市115年度活化商圈觀光活動-花得開心購物節,同機關且標題核心相同，尚待人工確認是否為同一專案
candidate_dd4bd980bcdc,花蓮縣有機農業促進區輔導推廣,2024,2025,2,2,3500000,花蓮縣政府,113年花蓮縣有機農業促進區輔導與推廣計畫；114年花蓮縣有機農業促進區輔導與推廣計畫,同機關且標題核心相同，尚待人工確認是否為同一專案
candidate_f6dd97354400,公務車輛保養維護採購,2016,2018,3,3,3490160,花蓮縣政府,105年度公務車輛保養維護採購案；106年度公務車輛保養維護採購案；107年度公務車輛保養維護採購案,同機關且標題核心相同，尚待人工確認是否為同一專案
candidate_b3b6a63d0879,九九重陽節敬老禮品商品券,2011,2015,5,2,3478500,花蓮縣吉安鄉公所,100年度九九重陽節敬老禮品（商品券）；101年度九九重陽節敬老禮品（商品券）,同機關且標題核心相同，尚待人工確認是否為同一專案
candidate_658c3eb062fb,花蓮縣陽光電城周邊災害搶修搶險開口契約,2016,2020,5,4,3476200,花蓮縣政府,106年花蓮縣陽光電城及周邊災害搶修搶險開口契約；107年花蓮縣陽光電城及周邊災害搶修搶險開口契約；「108年花蓮縣陽光電城及周邊災害搶修搶險開口契約」；「109年花蓮縣陽光電城及周邊災害搶修搶險開口契約」,同機關且標題核心相同，尚待人工確認是否為同一專案
candidate_3c670d91b24d,花蓮縣環保餐具清洗中心委託設計監造技術服務,2020,2025,6,4,3472000,花蓮縣環境保護局,花蓮縣環保餐具清洗中心委託設計監造技術服務案；「花蓮縣環保餐具清洗中心委託設計監造技術服務案」第二次契約變更；「花蓮縣環保餐具清洗中心委託設計監造技術服務案」第三次契約變更,同機關且標題核心相同，尚待人工確認是否為同一專案
candidate_876cb44c9eb2,玉里國中八年級校外教學,2023,2024,2,3,3448700,花蓮縣立玉里國民中學,玉里國中112年度八年級校外教學勞務採購；玉里國中113年度八年級校外教學勞務採購；玉里國中114年度八年級校外教學勞務採購,同機關且標題核心相同，尚待人工確認是否為同一專案
candidate_c347a3e8b8c1,發展特色運動採購,2023,2025,3,3,3443555,花蓮縣立體育高級中等學校,112年度發展特色運動計畫採購；113年度發展特色運動計畫採購；114年發展特色運動計畫採購,同機關且標題核心相同，尚待人工確認是否為同一專案
candidate_dfccffc17e88,花蓮縣公共圖書館優質化文化局圖書館環境改善委託設計監造技術服務,2016,2018,3,2,3441505,花蓮縣文化局,「105年度花蓮縣公共圖書館優質化計畫－文化局圖書館環境改善案-委託設計及監造」技術服務案；「花蓮縣公共圖書館優質化計畫-文化局圖書館環境改善案-委託設計及監造」技術服務案,同機關且標題核心相同，尚待人工確認是否為同一專案
candidate_d0b3b1e68f4b,花蓮縣政府委託經營管理花蓮縣兒童福利服務托育資源中心,2013,2016,4,2,3441500,花蓮縣政府,花蓮縣政府委託經營管理花蓮縣兒童福利服務暨托育資源中心,同機關且標題核心相同，尚待人工確認是否為同一專案
candidate_16247cc9e193,光復鄉馬衛仔溪排水改善,2012,2020,9,2,3437000,花蓮縣政府,光復鄉馬衛仔溪排水改善工程；109年度光復鄉馬衛仔溪排水改善工程,同機關且標題核心相同，尚待人工確認是否為同一專案
candidate_8db376f0141d,花蓮縣動植物防疫所狗貓躍動園區辦公廳舍周邊環境清潔維護,2022,2026,5,3,3436635,花蓮縣政府,花蓮縣動植物防疫所暨狗貓躍動園區111年度辦公廳舍及周邊環境清潔維護勞務採購；花蓮縣動植物防疫所暨狗貓躍動園區112年度辦公廳舍及周邊環境清潔維護勞務採購；花蓮縣動植物防疫所暨狗貓躍動園區115年度辦公廳舍及周邊環境清潔維 護勞務採購,同機關且標題核心相同，尚待人工確認是否為同一專案
candidate_85432d6dc67b,花蓮縣吉安國中廁所整修,2016,2017,2,2,3436000,花蓮縣政府,花蓮縣吉安國中廁所整修工程,同機關且標題核心相同，尚待人工確認是否為同一專案
candidate_044cdb1bdcb9,路燈新設開口契約,2012,2016,5,5,3430734,花蓮縣壽豐鄉公所,101年度路燈新設工程（開口契約）；102年度路燈新設工程(開口契約)；103年度路燈新設工程（開口契約）；104年度路燈新設工程（開口契約）；105年度路燈新設工程(開口契約),同機關且標題核心相同，尚待人工確認是否為同一專案
candidate_d6793d2dcd02,花蓮縣北區五鄉市垃圾轉運監督稽查評估,2011,2013,3,2,3428650,花蓮縣政府,100年度花蓮縣北區五鄉市垃圾轉運監督稽查評估計畫；102年度花蓮縣北區五鄉市垃圾轉運監督稽查評估計畫,同機關且標題核心相同，尚待人工確認是否為同一專案
candidate_f380c63fb473,九九重陽敬老禮品採購,2013,2019,7,7,3423984,花蓮縣瑞穗鄉公所,102年度九九重陽敬老禮品採購案；103年度九九重陽敬老禮品採購案；104年度九九重陽敬老禮品採購案；105年度九九重陽敬老禮品採購案；106年度九九重陽敬老禮品採購案；107年度九九重陽敬老禮品採購案；「108年度九九重陽敬老禮品」採購案,同機關且標題核心相同，尚待人工確認是否為同一專案
candidate_362c59868139,採購防治水稻葉穗稻熱病福壽螺藥劑採購開口契約,2021,2023,3,3,3422635,花蓮縣吉安鄉公所,110年採購防治水稻葉穗稻熱病及福壽螺藥劑採購案開口契約；111年採購防治水稻葉穗稻熱病及福壽螺藥劑採購案(開口契約)；112年採購防治水稻葉穗稻熱病及福壽螺藥劑採購案(開口契約),同機關且標題核心相同，尚待人工確認是否為同一專案
candidate_7e5f5d5dfec0,吉安鄉慈雲山火化場火化爐具增設空氣污染防治設備委託設計監造技術服務,2010,2011,2,3,3420000,花蓮縣吉安鄉公所,吉安鄉慈雲山火化場火化爐具增設空氣污染防治設備工程委託設計監造技術服務；100年度吉安鄉慈雲山火化場火化爐具增設空氣污染防治設備工程委託設計監造技術服務；101年度吉安鄉慈雲山火化場火化爐具增設空氣污染防治設備工程委託設計監造技術服務,同機關且標題核心相同，尚待人工確認是否為同一專案
candidate_8f9c6ada497f,影音紀錄拍攝,2016,2018,3,3,3418000,花蓮縣文化局,「105年影音紀錄拍攝計畫」；106年影音紀錄拍攝計畫；107年影音紀錄拍攝計畫,同機關且標題核心相同，尚待人工確認是否為同一專案
candidate_cc5c9cf3911b,信義國小校園遊樂器材設施改善,2018,2019,2,2,3402900,花蓮縣政府,信義國小校園遊樂器材設施改善工程,同機關且標題核心相同，尚待人工確認是否為同一專案
candidate_089894a05a83,花蓮縣國際身心障礙者日系列活動,2023,2025,3,3,3400000,花蓮縣政府,112年度花蓮縣國際身心障礙者日系列活動；113年度花蓮縣國際身心障礙者日系列活動；114年度花蓮縣國際身心障礙者日系列活動,同機關且標題核心相同，尚待人工確認是否為同一專案
candidate_086edd25e9f5,119救災救護指揮派遣系統核心設備維護,2021,2022,2,2,3400000,花蓮縣消防局,119救災救護指揮派遣系統核心設備維護案；112年119救災救護指揮派遣系統核心設備維護案,同機關且標題核心相同，尚待人工確認是否為同一專案
candidate_1c7f1a37a7d6,幼兒園各分班主園房舍內部設施設備修繕,2023,2024,2,2,3400000,花蓮縣秀林鄉公所,112年度幼兒園各分班暨主園房舍內部設施設備修繕；113年度幼兒園各分班暨主園房舍內部設施設備修繕,同機關且標題核心相同，尚待人工確認是否為同一專案
candidate_50ae6f62ba54,花蓮蘭亭大會全國賽場地佈置印刷品,2021,2026,6,6,3399730,花蓮縣吉安鄉稻香國民小學,110年花蓮蘭亭大會全國賽場地佈置及印刷品勞務採購；111年花蓮蘭亭大會全國賽場地佈置及印刷品勞務採購；112年花蓮蘭亭大會全國賽場地佈置及印刷品勞務採購；113年花蓮蘭亭大會全國賽場地佈置及印刷品勞務採購；114年花蓮蘭亭大會全國賽場地佈置及印刷品勞務採購；115年花蓮蘭亭大會全國賽場地佈置及印刷品勞務採購,同機關且標題核心相同，尚待人工確認是否為同一專案
candidate_9a11cb114252,花蓮縣教育輔具A項肢體障礙類財物採購,2018,2024,7,9,3398640,花蓮縣立宜昌國民中學,107年度花蓮縣第1次教育輔具（A項肢體障礙類）財物採購；107年度花蓮縣第2次教育輔具（A項肢體障礙類）財物採購；108年度花蓮縣第2次教育輔具（A項肢體障礙類）財物採購；110年度花蓮縣第2次教育輔具（A項肢體障礙類）財物採購；111年度花蓮縣第1次教育輔具（A項肢體障礙類）財物採購；111年度花蓮縣第2次教育輔具（A項肢體障礙類）財物採購；112年度花蓮縣第1次教育輔具（A項肢體障礙類）財物採購；112年度花蓮縣第2次教育輔具（A項肢體障礙類）財物採購；113年度花蓮縣第1次教育輔具（A項肢體障礙類）財物採購,同機關且標題核心相同，尚待人工確認是否為同一專案
candidate_475dec002417,花蓮縣環保局公害防治鞭炮機設備,2023,2024,2,3,3397800,花蓮縣環境保護局,花蓮縣環保局公害防治鞭炮機設備工程；花蓮縣環保局公害防治鞭炮機設備工程-第1次契約變更,同機關且標題核心相同，尚待人工確認是否為同一專案
candidate_d0b63bd6e64d,2019太平洋燈會宮廷燈財物採購,2018,2019,2,3,3397000,花蓮縣政府,2019太平洋燈會宮廷燈財物採購案；2019太平洋燈會宮廷燈財物採購案第1次契約變更,同機關且標題核心相同，尚待人工確認是否為同一專案
candidate_7e72900ab799,鳳林鎮文化志工研習觀摩活動,2019,2026,8,7,3390000,花蓮縣鳳林鎮公所,鳳林鎮108年度文化志工研習觀摩活動；鳳林鎮109年度文化志工研習觀摩活動；鳳林鎮110年度文化志工研習觀摩活動；鳳林鎮111年度文化志工研習觀摩活動；鳳林鎮112年度文化志工研習觀摩活動；鳳林鎮114年度文化志工研習觀摩活動；鳳林鎮115年度文化志工研習觀摩活動,同機關且標題核心相同，尚待人工確認是否為同一專案
candidate_40ccd5d1e44e,花蓮縣光復鄉全鄉鄉民團體傷害保險,2022,2024,3,3,3387270,花蓮縣光復鄉公所,花蓮縣光復鄉111年度全鄉鄉民團體傷害保險；花蓮縣光復鄉112年度全鄉鄉民團體傷害保險；花蓮縣光復鄉113年度全鄉鄉民團體傷害保險,同機關且標題核心相同，尚待人工確認是否為同一專案
candidate_cb8f12acfd52,花蓮縣政府聯合運動大會財物租賃採購,2018,2026,9,5,3384090,花蓮縣政府,花蓮縣政府107年聯合運動大會財物租賃採購案；花蓮縣政府108年聯合運動大會財物租賃採購案；花蓮縣政府110年聯合運動大會財物租賃採購案；花蓮縣政府113年聯合運動大會財物租賃採購案；花蓮縣政府115年聯合運動大會財物租賃採購案,同機關且標題核心相同，尚待人工確認是否為同一專案
candidate_d590ed910c12,花蓮市進豐園區設施改善,2015,2017,3,2,3380000,花蓮縣花蓮市公所,花蓮市進豐園區設施改善工程,同機關且標題核心相同，尚待人工確認是否為同一專案
candidate_ef0252d6ad30,花蓮縣環境保護局公害防治鞭炮機設備,2025,2026,2,4,3374500,花蓮縣環境保護局,花蓮縣環境保護局公害防治鞭炮機設備工程；花蓮縣環境保護局公害防治鞭炮機設備工程-第1次契約變更,同機關且標題核心相同，尚待人工確認是否為同一專案
candidate_60eff3d27e61,秀林鄉清潔隊重型機械養護採購開口契約,2018,2026,9,5,3369500,花蓮縣秀林鄉公所,107年度秀林鄉清潔隊重型機械養護採購開口契約；112年度秀林鄉清潔隊重型機械養護採購開口契約；113年度秀林鄉清潔隊重型機械養護採購開口契約；114年度秀林鄉清潔隊重型機械養護採購開口契約；115年度秀林鄉清潔隊重型機械養護採購開口契約,同機關且標題核心相同，尚待人工確認是否為同一專案
candidate_f1cb88b92348,壽豐鄉路燈新設開口契約,2018,2024,7,5,3368000,花蓮縣壽豐鄉公所,壽豐鄉107年度路燈新設工程(開口契約)；壽豐鄉108年路燈新設工程(開口契約)；壽豐鄉109年路燈新設工程(開口契約)；壽豐鄉110年度路燈新設工程(開口契約)；壽豐鄉113年路燈新設工程(開口契約),同機關且標題核心相同，尚待人工確認是否為同一專案
candidate_61946f9c36bf,美崙山公園公共設施整修,2015,2016,2,3,3363000,花蓮縣政府,美崙山公園公共設施整修工程；105年美崙山公園公共設施整修工程,同機關且標題核心相同，尚待人工確認是否為同一專案
candidate_63ded385fc65,花蓮縣推動讀經教育讀本印製,2016,2023,8,3,3362000,花蓮縣花蓮市明義國民小學,花蓮縣105年度推動讀經教育讀本印製；110年度花蓮縣推動讀經教育讀本印製；112年度花蓮縣推動讀經教育讀本印製,同機關且標題核心相同，尚待人工確認是否為同一專案
candidate_cb726130fc32,花蓮縣休閒農業區輔導診斷整合行銷專業服務委託,2019,2021,3,2,3350000,花蓮縣政府,108年度「花蓮縣休閒農業區輔導診斷及整合行銷」專業服務委託案；110年度花蓮縣休閒農業區輔導診斷及整合行銷專業服務委託案,同機關且標題核心相同，尚待人工確認是否為同一專案
candidate_138523fbfb9a,原住民族地區部落聯絡道路養護,2024,2025,2,3,3349768,花蓮縣新城鄉公所,113年度原住民族地區部落聯絡道路養護工程；113年度原住民族地區部落聯絡道路養護工程(第1次變更設計)；114年度原住民族地區部落聯絡道路養護工程,同機關且標題核心相同，尚待人工確認是否為同一專案
candidate_bac8e126f18f,租賃公務車輛,2016,2020,5,6,3345892,花蓮縣萬榮鄉公所,105年度租賃公務車輛；106年度租賃工程公務車輛；107年度租賃工程公務車輛；108年度租賃工程公務車輛；109年度租賃工程公務車輛；110年度租賃工程公務車輛,同機關且標題核心相同，尚待人工確認是否為同一專案
candidate_a6fb30a4dbe0,花蓮縣政府原住民行政處辦公室遷移裝修,2022,2023,2,2,3337800,花蓮縣政府,花蓮縣政府原住民行政處辦公室遷移裝修工程；花蓮縣政府原住民行政處辦公室遷移裝修工程(第一次契約變更),同機關且標題核心相同，尚待人工確認是否為同一專案
candidate_c4f3331fd7c0,洄瀾文訊月刊出版,2013,2016,4,4,3334000,花蓮縣文化局,102年洄瀾文訊月刊出版計畫；洄瀾文訊月刊出版計畫；105年洄瀾文訊月刊出版計畫；106年洄瀾文訊月刊出版計畫,同機關且標題核心相同，尚待人工確認是否為同一專案
candidate_44424dc7539f,編號鄉道市區道路重要路段養護,2010,2023,14,2,3316800,花蓮縣富里鄉公所,99年度編號鄉道及市區道路重要路段養護工程；編號鄉道及市區道路重要路段養護工程,同機關且標題核心相同，尚待人工確認是否為同一專案
candidate_9e90f943dc77,壽豐鄉樹湖村荖山至樹湖社區聯絡道路改善,2015,2016,2,2,3315000,花蓮縣政府,壽豐鄉樹湖村荖山至樹湖社區聯絡道路改善工程(第一期)；壽豐鄉樹湖村荖山至樹湖社區聯絡道路改善工程(第二期),同機關且標題核心相同，尚待人工確認是否為同一專案
candidate_9095b55403e6,便衣員警服裝470套採購,2011,2012,2,2,3313500,花蓮縣警察局,100年度便衣員警服裝470套採購案；101年度便衣員警服裝470套採購案,同機關且標題核心相同，尚待人工確認是否為同一專案
candidate_e12589e1fc1f,達莫溪排水改善,2011,2012,2,2,3307000,花蓮縣政府,達莫溪排水改善工程,同機關且標題核心相同，尚待人工確認是否為同一專案
candidate_244c36430eb2,性侵害被害人後續追蹤服務方,2024,2025,2,2,3307000,花蓮縣政府,113年度性侵害被害人後續追蹤服務方案；113年度性侵害被害人後續追蹤服務方案(114年度後續擴充),同機關且標題核心相同，尚待人工確認是否為同一專案
candidate_53df3fc63ffa,明義國小樂器設備採購,2018,2024,7,6,3304500,花蓮縣花蓮市明義國民小學,107年明義國小樂器設備採購；108年明義國小樂器設備採購；109年明義國小樂器設備採購；110年明義國小樂器設備採購；111年明義國小樂器設備採購；112年明義國小樂器設備採購,同機關且標題核心相同，尚待人工確認是否為同一專案
candidate_91c51aaf0849,光復鄉大華村大華街107巷道路改善,2016,2017,2,2,3300000,花蓮縣光復鄉公所,光復鄉大華村大華街107巷道路改善工程,同機關且標題核心相同，尚待人工確認是否為同一專案
candidate_fa4376662aee,都市雨水下水道清淤開口契約,2020,2021,2,2,3300000,花蓮縣新城鄉公所,109年度都市計畫雨水下水道清淤工程開口契約；110年度都市計畫雨水下水道清淤工程開口契約,同機關且標題核心相同，尚待人工確認是否為同一專案
candidate_2c606dfaef7c,秀林鄉公私立幼兒園聯合體適能趣味親子活動服裝採購,2016,2026,11,8,3299560,花蓮縣秀林鄉公所,秀林鄉105年度公私立幼兒園聯合體適能趣味親子活動服裝採購；秀林鄉108年度公私立幼兒園聯合體適能趣味親子活動服裝採購案；秀林鄉109年度公私立幼兒園聯合體適能趣味親子活動服裝採購案；秀林鄉110年度公私立幼兒園聯合體適能趣味親子活動服裝採購案；秀林鄉111年度公私立幼兒園聯合體適能趣味親子活動服裝採購案；秀林鄉112年度公私立幼兒園聯合體適能趣味親子活動服裝採購案；秀林鄉113年度公私立幼兒園聯合體適能趣味親子活動服裝採購案；秀林鄉115年度公私立幼兒園聯合體適能趣味親子活動服裝採購案,同機關且標題核心相同，尚待人工確認是否為同一專案
candidate_b418fec84a29,大花蓮英文報行銷,2020,2026,7,4,3288500,花蓮縣政府,109年大花蓮英文報行銷案；110年大花蓮英文報行銷案；114年大花蓮英文報行銷案；115年大花蓮英文報行銷案,同機關且標題核心相同，尚待人工確認是否為同一專案
candidate_ec75fd3b5a2d,富里鄉路燈線路維修開口契約,2013,2018,6,6,3282000,花蓮縣富里鄉公所,富里鄉102年度路燈線路維修工程(開口契約)；富里鄉103年度路燈線路維修工程(開口契約)；富里鄉104年度路燈線路維修工程(開口契約)；富里鄉105年度路燈線路維修工程(開口契約)；富里鄉106年度路燈線路維修工程(開口契約)；富里鄉107年度路燈線路維修工程(開口契約),同機關且標題核心相同，尚待人工確認是否為同一專案
candidate_f71636ab37c1,鳳林鎮轄內道路改善,2018,2024,7,3,3270000,花蓮縣鳳林鎮公所,鳳林鎮轄內道路改善工程,同機關且標題核心相同，尚待人工確認是否為同一專案
candidate_bcf3cf475885,偏遠地區學校設施設備,2021,2025,5,2,3270000,花蓮縣政府,110年度偏遠地區學校設施設備案；114年度偏遠地區學校設施設備工程,同機關且標題核心相同，尚待人工確認是否為同一專案
candidate_8fccd481f5be,花蓮市公所清潔隊各型車輛備胎購置輪胎維修,2014,2020,7,5,3261900,花蓮縣花蓮市公所,花蓮市公所清潔隊各型車輛備胎購置及輪胎維修；花蓮市公所清潔隊各型車輛備胎購置及輪胎維修第1次後續擴充；花蓮市公所清潔隊各型車輛備胎購置及輪胎維修第2次後續擴充,同機關且標題核心相同，尚待人工確認是否為同一專案
candidate_6c48290b130e,本鄉各村道路橋樑維護開口契約,2015,2018,4,3,3261250,花蓮縣秀林鄉公所,104年本鄉各村道路橋樑維護工程（開口契約）；106年本鄉各村道路橋樑維護工程（開口契約）；107年度本鄉各村道路橋樑維護工程（開口契約）,同機關且標題核心相同，尚待人工確認是否為同一專案
candidate_e9b6ee21211d,改善運動訓練環境訓練器材採購,2018,2019,2,2,3256000,花蓮縣政府,107年度改善運動訓練環境-訓練器材採購；108年度改善運動訓練環境-訓練器材採購,同機關且標題核心相同，尚待人工確認是否為同一專案
candidate_acc72bfd6779,本府保全系統維護,2010,2021,12,10,3254464,花蓮縣政府,100年度本府保全系統維護；102年度本府保全系統維護；103年度本府保全系統維護；104年度本府保全系統維護；105年度本府保全系統維護；106年度本府保全系統維護；107年度本府保全系統維護；108年度本府保全系統維護；109年度本府保全系統維護；110年度本府保全系統維護,同機關且標題核心相同，尚待人工確認是否為同一專案
candidate_3031f097a905,長良國小教育部補助偏遠地區學校非山非市學校設施設備改善,2021,2024,4,2,3254000,花蓮縣政府,長良國小110年度教育部補助偏遠地區學校及非山非市學校設施設備改善工程；長良國小113年度教育部補助偏遠地區學校及非山非市學校設施設備改善工程,同機關且標題核心相同，尚待人工確認是否為同一專案
candidate_318647ff05b9,花蓮縣公共運輸通勤月票專管理,2025,2026,2,2,3250000,花蓮縣政府,114年度花蓮縣公共運輸通勤月票專案管理案；115年度花蓮縣公共運輸通勤月票專案管理案,同機關且標題核心相同，尚待人工確認是否為同一專案
candidate_3e0aa3616a86,國風國中航空噪音防制設施,2022,2025,4,2,3238000,花蓮縣立國風國民中學,國風國中111年航空噪音防制設施工程；國風國中114年航空噪音防制設施工程採購案,同機關且標題核心相同，尚待人工確認是否為同一專案
candidate_8f1265375ff3,觀光尖兵交通安全政令宣導活動,2014,2019,6,6,3237000,花蓮縣政府,103年觀光尖兵暨交通安全政令宣導活動案；104年觀光尖兵暨交通安全政令宣導活動案；105年觀光尖兵暨交通安全政令宣導活動案；106年觀光尖兵暨交通安全政令宣導活動；107年觀光尖兵暨交通安全政令宣導活動；108年觀光尖兵暨交通安全政令宣導活動,同機關且標題核心相同，尚待人工確認是否為同一專案
candidate_0fecb5150955,國民中小學校務行政系統維護採購,2022,2023,2,2,3236599,花蓮縣政府,111年國民中小學校務行政系統維護採購案；112年國民中小學校務行政系統維護採購案,同機關且標題核心相同，尚待人工確認是否為同一專案
candidate_2c4acddc105e,知卡宣公園倉庫空間整備活化展覽設計佈展,2021,2022,2,2,3220000,花蓮縣政府,知卡宣公園倉庫空間整備活化計畫展覽設計佈展委託專業服務案；知卡宣公園倉庫空間整備活化計畫展覽設計佈展委託專業服務案契約變更,同機關且標題核心相同，尚待人工確認是否為同一專案
candidate_642ae1288fe0,花蓮市區景觀燈等照明設施修繕,2017,2018,2,2,3205000,花蓮縣花蓮市公所,106年度花蓮市區景觀燈等照明設施修繕工程；107年度花蓮市區景觀燈等照明設施修繕工程,同機關且標題核心相同，尚待人工確認是否為同一專案
candidate_5974c699d7d5,清潔隊車輛機具用油品潤滑油乙批,2013,2022,10,10,3201180,花蓮縣花蓮市公所,102年度清潔隊車輛機具用油品(潤滑油)乙批；103年清潔隊車輛機具用油品（潤滑油）乙批；104年清潔隊車輛機具用油品(潤滑油)乙批；105年度清潔隊車輛機具用油品(潤滑油)乙批；106年度清潔隊車輛機具用油品(潤滑油)乙批；107年清潔隊車輛機具用油品（潤滑油）乙批；108年度清潔隊車輛機具用油品（潤滑油）乙批；109年清潔隊車輛機具用油品（潤滑油）乙批；110年清潔隊車輛機具用油品（潤滑油）乙批；111年清潔隊車輛機具用油品（潤滑油）乙批,同機關且標題核心相同，尚待人工確認是否為同一專案
candidate_4ae45543e1aa,青年刊物委託製作,2023,2026,4,4,3200000,花蓮縣政府,112年青年刊物委託製作勞務採購案；113年青年刊物委託製作勞務採購；114年青年刊物委託製作勞務採購案；115年青年刊物委託製作勞務採購,同機關且標題核心相同，尚待人工確認是否為同一專案
candidate_3c662d719b07,拉庫拉庫溪流域歷史文化資源解說登山嚮導技能培訓,2019,2020,2,2,3200000,花蓮縣文化局,拉庫拉庫溪流域歷史文化資源解說及登山嚮導技能培訓計畫；109年拉庫拉庫溪流域歷史文化資源解說及登山嚮導技能培訓計畫,同機關且標題核心相同，尚待人工確認是否為同一專案
candidate_b06e31b603d5,里鄰長等報紙採購,2012,2014,3,3,3192000,花蓮縣玉里鎮公所,102年度里鄰長等報紙採購案；103年度里鄰長等報紙採購案；104年度里鄰長等報紙採購案,同機關且標題核心相同，尚待人工確認是否為同一專案
candidate_27e7dfc31197,瑞穗鄉災害搶修修復開口,2011,2013,3,3,3186000,花蓮縣瑞穗鄉公所,瑞穗鄉100年度災害搶修及修復開口工程；瑞穗鄉101年度災害搶修及修復開口工程；瑞穗鄉102年度災害搶修及修復開口工程,同機關且標題核心相同，尚待人工確認是否為同一專案
candidate_acdadd59268f,花蓮縣政府教育處公共空間清潔工作,2015,2024,10,10,3181043,花蓮縣政府,花蓮縣政府教育處104年公共空間清潔工作；花蓮縣政府教育處105年公共空間清潔工作；花蓮縣政府教育處106年公共空間清潔工作；花蓮縣政府教育處107年度公共空間清潔工作；花蓮縣政府教育處108年度公共空間清潔工作；花蓮縣政府教育處109年度公共空間清潔工作；花蓮縣政府教育處110年度公共空間清潔工作；花蓮縣政府教育處110年度公共空間清潔工作-後續擴充；花蓮縣政府教育處112年度公共空間清潔工作；花蓮縣政府教育處114年度公共空間清潔工作,同機關且標題核心相同，尚待人工確認是否為同一專案
candidate_a7bf96d5e93e,施政滿意度民意問卷調查委外服務,2019,2026,8,8,3172000,花蓮縣政府,108年施政滿意度民意問卷調查委外服務案；109年施政滿意度民意問卷調查委外服務案；110年施政滿意度民意問卷調查委外服務案；111年施政滿意度民意問卷調查委外服務案；112年施政滿意度民意問卷調查委外服務案；113年施政滿意度民意問卷調查委外服務案；114年施政滿意度民意問卷調查委外服務案；115年施政滿意度民意問卷調查委外服務案,同機關且標題核心相同，尚待人工確認是否為同一專案
candidate_cf41f1f677d4,花蓮縣成年監護或輔助宣告服務,2025,2026,2,2,3168750,花蓮縣政府,花蓮縣成年監護或輔助宣告服務,同機關且標題核心相同，尚待人工確認是否為同一專案
candidate_7ce9a7b4b1c5,花蓮縣青年安心成家住宅聯外道路,2019,2020,2,2,3165000,花蓮縣政府,花蓮縣青年安心成家住宅聯外道路工程,同機關且標題核心相同，尚待人工確認是否為同一專案
candidate_61a56b6140b5,花蓮縣春安工作宣導品採購,2013,2017,5,5,3164250,花蓮縣政府,花蓮縣102年春安工作宣導品採購案；花蓮縣103年春安工作宣導品採購案；花蓮縣104年春安工作宣導品採購案；花蓮縣105年春安工作宣導品採購案；花蓮縣106年春安工作宣導品採購案,同機關且標題核心相同，尚待人工確認是否為同一專案
candidate_304c95a625ca,托兒所各分所房舍內部設施設備修繕開口契約,2012,2013,2,3,3160000,花蓮縣秀林鄉公所,托兒所各分所房舍內部設施設備修繕（開口契約）；托兒所各分所房舍內部設施設備修繕（第二期開口契約）,同機關且標題核心相同，尚待人工確認是否為同一專案
candidate_427d03852ce3,花蓮縣鳳林鎮客家聚落保存樹林尾伯公廟環境改善,2013,2014,2,2,3160000,花蓮縣鳳林鎮公所,101年度花蓮縣鳳林鎮客家聚落保存-樹林尾伯公廟環境改善規劃設計；花蓮縣鳳林鎮客家聚落保存-樹林尾伯公廟環境改善工程,同機關且標題核心相同，尚待人工確認是否為同一專案
candidate_4ee24a8581c2,花蓮縣警察局煙毒尿液委外檢驗開口合約採購,2018,2019,2,2,3153200,花蓮縣政府,花蓮縣警察局107年度煙毒尿液委外檢驗開口合約採購案；花蓮縣警察局108年度煙毒尿液委外檢驗開口合約採購案,同機關且標題核心相同，尚待人工確認是否為同一專案
candidate_120232352438,花蓮縣AILEAD365線上教學平臺採購,2022,2023,2,2,3152500,花蓮縣政府,111年花蓮縣AILEAD365線上教學平臺採購案；112年花蓮縣AILEAD365線上教學平臺採購案,同機關且標題核心相同，尚待人工確認是否為同一專案
candidate_0715770f028e,壽豐鄉災害搶險搶修,2010,2012,3,3,3143000,花蓮縣壽豐鄉公所,壽豐鄉99年度災害搶險、搶修工程；壽豐鄉100年度災害搶險、搶修工程；壽豐鄉101年度災害搶險、搶修工程,同機關且標題核心相同，尚待人工確認是否為同一專案
candidate_a486057fff95,花蓮縣身心障礙者生活狀況各項需求評估調查,2014,2024,11,4,3140000,花蓮縣政府,103年花蓮縣身心障礙者生活狀況及各項需求評估調查；108年花蓮縣身心障礙者生活狀況及各項需求評估調查；113年花蓮縣身心障礙者生活狀況及各項需求評估調查,同機關且標題核心相同，尚待人工確認是否為同一專案
candidate_785c3abb6bab,花蓮地區花蓮市吉安鄉公寓大廈集合式住宅地下室水肥抽除物排除開口契約,2013,2014,2,2,3134000,花蓮縣政府,花蓮地區(花蓮市及吉安鄉)公寓、大廈、集合式住宅地下室水肥抽除物排除開口契約；花蓮地區(花蓮市及吉安鄉)公寓、大廈、集合式住宅地下室水肥抽除物排除(開口契約),同機關且標題核心相同，尚待人工確認是否為同一專案
candidate_5f581c12904c,本鎮轄內12處公墓墓地除草整理,2018,2025,8,7,3128480,花蓮縣玉里鎮公所,107年度本鎮轄內12處公墓墓地除草整理勞務採購案；109年本鎮轄內12處公墓墓地除草整理勞務採購案；110年本鎮轄內12處公墓墓地除草整理勞務採購案；111年本鎮轄內12處公墓墓地除草整理勞務採購案；112年本鎮轄內12處公墓墓地除草整理勞務採購案；113年本鎮轄內12處公墓墓地除草整理勞務採購案；114年度本鎮轄內12處公墓墓地除草整理勞務採購案,同機關且標題核心相同，尚待人工確認是否為同一專案
candidate_e2c6e941ecc5,檔庫房電腦機房消防系統租賃維護採購,2016,2025,10,8,3117920,花蓮縣政府,106年檔案庫房暨電腦機房消防系統租賃及維護採購案；107年檔案庫房暨電腦機房消防系統租賃及維護採購案；108年檔案庫房暨電腦機房消防系統租賃及維護採購案；109年檔案庫房暨電腦機房消防系統租賃及維護採購案；112年檔案庫房暨電腦機房消防系統租賃及維護採購案；113年檔案庫房暨電腦機房消防系統租賃及維護採購案；114年檔案庫房暨電腦機房消防系統租賃及維護採購案；115年檔案庫房暨電腦機房消防系統租賃及維護採購案,同機關且標題核心相同，尚待人工確認是否為同一專案
candidate_a96d5d31b1b4,區域排水一般排水清淤,2016,2025,10,5,3109000,花蓮縣玉里鎮公所,105年度區域排水及一般排水清淤工程；106年度區域排水及一般排水清淤工程；107年度區域排水及一般排水清淤工程；108年度區域排水及一般排水清淤工程；114年度區域排水及一般排水清淤工程,同機關且標題核心相同，尚待人工確認是否為同一專案
candidate_c7ecce8798cd,本鄉各村路燈裝設,2012,2014,3,2,3100000,花蓮縣秀林鄉公所,本鄉101年度各村路燈裝設工程；本鄉102年度各村路燈裝設工程,同機關且標題核心相同，尚待人工確認是否為同一專案
candidate_922cd88ac942,花崗國中藝才班樂器採購,2019,2025,7,5,3093000,花蓮縣立花崗國民中學,花崗國中108年藝才班樂器採購案；花崗國中110年藝才班樂器採購；花崗國中111年藝才班樂器採購；花崗國中113年藝才班樂器採購；花崗國中114年藝才班樂器採購,同機關且標題核心相同，尚待人工確認是否為同一專案
candidate_1b018c035760,花蓮縣警察局委外煙毒尿液檢驗採購,2016,2017,2,2,3091760,花蓮縣政府,花蓮縣警察局105年度委外煙毒尿液檢驗採購案；花蓮縣警察局106年度委外煙毒尿液檢驗採購案,同機關且標題核心相同，尚待人工確認是否為同一專案
candidate_31e871492c01,大港口排水改善,2011,2012,2,2,3083000,花蓮縣政府,大港口排水改善工程,同機關且標題核心相同，尚待人工確認是否為同一專案
candidate_76bb4b327fb2,幸福壽豐歡慶中秋中秋節聯歡晚會,2022,2024,3,3,3080600,花蓮縣壽豐鄉公所,幸福壽豐、歡慶中秋111年中秋節聯歡晚會；幸福壽豐、歡慶中秋112年中秋節聯歡晚會；幸福壽豐、歡慶中秋113年中秋節聯歡晚會,同機關且標題核心相同，尚待人工確認是否為同一專案
candidate_928bb81c3db7,水源村道路改善,2010,2011,2,2,3077800,花蓮縣秀林鄉公所,水源村道路改善工程,同機關且標題核心相同，尚待人工確認是否為同一專案
candidate_fd73b4d43273,瑞穗鄉都市雨水下水道清淤,2013,2017,5,4,3071600,花蓮縣瑞穗鄉公所,瑞穗鄉都市計畫雨水下水道清淤工程；105年度瑞穗鄉都市計畫雨水下水道清淤工程；106年瑞穗鄉都市計畫雨水下水道清淤工程,同機關且標題核心相同，尚待人工確認是否為同一專案
candidate_d523b2a7f09b,結核病防治業務宣導品開口契約,2019,2020,2,2,3058250,花蓮縣政府,108年結核病防治業務宣導品開口契約；109年結核病防治業務宣導品開口契約,同機關且標題核心相同，尚待人工確認是否為同一專案
candidate_66d21f5a37f1,花蓮縣警察局巡守大隊服裝採購,2021,2025,5,2,3042753,花蓮縣警察局,花蓮縣警察局110年度巡守大隊服裝採購案；花蓮縣警察局114年度巡守大隊服裝採購案,同機關且標題核心相同，尚待人工確認是否為同一專案
candidate_7af99cab099f,本鄉各村擴音廣播設備修繕養護採購,2021,2022,2,2,3036000,花蓮縣秀林鄉公所,110年度本鄉各村擴音廣播設備修繕養護採購；111年度本鄉各村擴音廣播設備修繕養護採購,同機關且標題核心相同，尚待人工確認是否為同一專案
candidate_ae7fd9956cec,新城鄉體健設施改善開口契約,2021,2022,2,2,3030858,花蓮縣新城鄉公所,110年度新城鄉體健設施改善工程開口契約,同機關且標題核心相同，尚待人工確認是否為同一專案
candidate_98872839e178,秀林鄉有機質肥料採購,2010,2013,4,4,3024500,花蓮縣秀林鄉公所,99年度秀林鄉有機質肥料採購；秀林鄉100年度有機質肥料採購；秀林鄉101年度有機質肥料採購；秀林鄉102年度有機質肥料採購,同機關且標題核心相同，尚待人工確認是否為同一專案
candidate_2e52587e9db1,花蓮縣地方稅務局各類文書用品統一印刷採購開口契約,2016,2021,6,5,3024014,花蓮縣政府,花蓮縣地方稅務局「105年度各類文書用品統一印刷採購案開口契約」；花蓮縣地方稅務局「106年度各類文書用品統一印刷採購案開口契約」；花蓮縣地方稅務局「107年度各類文書用品統一印刷採購案開口契約」；花蓮縣地方稅務局「108年度各類文書用品統一印刷採購案開口契約」；花蓮縣地方稅務局「110年度各類文書用品統一印刷採購案開口契約」,同機關且標題核心相同，尚待人工確認是否為同一專案
candidate_2bbf8561d65b,壽豐鄉樹湖荖山至樹湖社區聯絡道路改善,2019,2020,2,2,3020314,花蓮縣政府,壽豐鄉樹湖荖山至樹湖社區聯絡道路改善工程；壽豐鄉樹湖荖山至樹湖社區聯絡道路改善工程第一次變更設計,同機關且標題核心相同，尚待人工確認是否為同一專案
candidate_f478aed34191,編號鄉道市區道路重要路段養護含知卡宣大道道路環境維護,2013,2016,4,4,3010000,花蓮縣吉安鄉公所,編號鄉道及市區道路重要路段養護工程(含知卡宣大道)-道路環境維護,同機關且標題核心相同，尚待人工確認是否為同一專案
candidate_53820664e1fd,佳民村排水溝道路公共設施改善,2016,2017,2,2,3010000,花蓮縣秀林鄉公所,佳民村排水溝及道路公共設施改善工程；106年度佳民村排水溝及道路公共設施改善工程,同機關且標題核心相同，尚待人工確認是否為同一專案
candidate_7d21984c1b51,2023花蓮幸福聖誕城佈置採購,2023,2024,2,2,3000000,花蓮縣政府,2023花蓮幸福聖誕城佈置採購；2023花蓮幸福聖誕城佈置採購後續擴充,同機關且標題核心相同，尚待人工確認是否為同一專案
candidate_87a40e1db2e5,花蓮縣政府LINE官方帳號推廣,2021,2026,6,5,2982749,花蓮縣政府,花蓮縣政府LINE官方帳號推廣案；111年度花蓮縣政府LINE官方帳號推廣案；112年度花蓮縣政府LINE官方帳號推廣案；114年度花蓮縣政府LINE官方帳號推廣案；115年花蓮縣政府LINE官方帳號推廣案,同機關且標題核心相同，尚待人工確認是否為同一專案
candidate_79cb344517c0,觀光產業園區環境場域公廁等設施管養修繕消防公安設施費用開口契約,2022,2026,5,4,2980000,花蓮縣秀林鄉公所,111年度觀光產業園區環境場域、公廁等設施管養修繕、消防公安設施費用(開口契約)；113年度觀光產業園區環境場域、公廁等設施管養修繕、消防公安設施費用(開口契約)；114年度觀光產業園區環境場域、公廁等設施管養修繕、消防公安設施費用(開口契約)；115年度觀光產業園區環境場域、公廁等設施管養修繕、消防公安設施費用(開口契約),同機關且標題核心相同，尚待人工確認是否為同一專案
candidate_863d9e000a2e,卓溪鄉參加全國太魯閣族運動會食宿交通採購,2024,2026,3,2,2978000,花蓮縣卓溪鄉公所,113年卓溪鄉參加全國太魯閣族運動會食宿交通採購案；卓溪鄉參加115年度全國太魯閣族運動會食宿交通採購案,同機關且標題核心相同，尚待人工確認是否為同一專案
candidate_714898bafd2e,花蓮縣災後復建委託設計監造工作開口契約,2011,2012,2,2,2973300,花蓮縣政府,花蓮縣100年度災後復建工程委託設計及監造工作「開口契約」；花蓮縣101年度災後復建工程委託設計及監造工作「開口契約」,同機關且標題核心相同，尚待人工確認是否為同一專案
candidate_b25792b752ab,花蓮蘭亭大會全國賽完賽獎品財物採購,2022,2026,5,5,2970000,花蓮縣吉安鄉稻香國民小學,111年花蓮蘭亭大會全國賽完賽獎品財物採購；112年花蓮蘭亭大會全國賽完賽獎品財物採購；113年花蓮蘭亭大會全國賽完賽獎品財物採購；114年花蓮蘭亭大會全國賽完賽獎品財物採購；115年花蓮蘭亭大會全國賽完賽獎品財物採購,同機關且標題核心相同，尚待人工確認是否為同一專案
candidate_fa229b19159f,灌溉蓄水池,2011,2012,2,2,2967800,花蓮縣政府,100年度灌溉蓄水池工程（第1期）；100年度灌溉蓄水池工程（第2期）,同機關且標題核心相同，尚待人工確認是否為同一專案
candidate_5107a782a9f0,花蓮市鄰長團體意外保險,2011,2026,16,11,2965795,花蓮縣花蓮市公所,101年度花蓮市鄰長團體意外保險；102年度花蓮市鄰長團體意外保險；103年度花蓮市鄰長團體意外保險；104年度花蓮市鄰長團體意外保險；105年度花蓮市鄰長團體意外保險；106年度花蓮市鄰長團體意外保險；107年度花蓮市鄰長團體意外保險；108年度花蓮市鄰長團體意外保險；109年度花蓮市鄰長團體意外保險；110年度花蓮市鄰長團體意外保險；115年度花蓮市鄰長團體意外保險,同機關且標題核心相同，尚待人工確認是否為同一專案
candidate_21139becf0e4,花蓮縣廢輪胎回收工作,2014,2018,5,5,2960950,花蓮縣政府,花蓮縣103年度廢輪胎回收工作；花蓮縣104年度廢輪胎回收工作；花蓮縣105年度廢輪胎回收工作；花蓮縣107年度廢輪胎回收工作；花蓮縣108年度廢輪胎回收工作,同機關且標題核心相同，尚待人工確認是否為同一專案
candidate_b192ad6d5629,客家文化宣傳服務,2025,2026,2,2,2960000,花蓮縣政府,114年客家文化宣傳服務案；115年客家文化宣傳服務案,同機關且標題核心相同，尚待人工確認是否為同一專案
candidate_20dea156d582,富里鄉公所村鄰長報紙採購,2012,2014,3,4,2955000,花蓮縣富里鄉公所,富里鄉公所101年度村鄰長報紙採購案；富里鄉公所 102年度村鄰長報紙採購案；富里鄉公所103年度村鄰長報紙採購案；富里鄉公所104年度村鄰長報紙採購案,同機關且標題核心相同，尚待人工確認是否為同一專案
candidate_741acde38b9d,花蓮縣市區公車營運服務評鑑委託服務,2016,2025,10,10,2951245,花蓮縣政府,105年度花蓮縣市區公車營運與服務評鑑計畫委託服務案；106年度花蓮縣市區公車營運與服務評鑑計畫委託服務案；107年度花蓮縣市區公車營運與服務評鑑計畫委託服務案；108年度花蓮縣市區公車營運與服務評鑑計畫委託服務案；109年花蓮縣市區公車營運與服務評鑑計畫委託服務案；110年度花蓮縣市區公車營運與服務評鑑計畫委託服務案；111年度花蓮縣市區公車營運與服務評鑑計畫委託服務案；112年度花蓮縣市區公車營運與服務評鑑計畫委託服務案；113年度花蓮縣市區公車營運與服務評鑑計畫委託服務案；114年度花蓮縣市區公車營運與服務評鑑計畫委託服務案,同機關且標題核心相同，尚待人工確認是否為同一專案
candidate_c520e67f33ff,吉安鄉公所所屬單位保全服務採購,2023,2025,3,3,2950500,花蓮縣吉安鄉公所,吉安鄉公所暨所屬單位保全服務採購案；吉安鄉公所暨所屬單位保全服務採購案第2次後續擴充；吉安鄉公所暨所屬單位保全服務採購案第三次後續擴充,同機關且標題核心相同，尚待人工確認是否為同一專案
candidate_f643425cb463,花蓮縣警察局所屬各單位防颱窗設置,2012,2013,2,2,2950000,花蓮縣政府,花蓮縣警察局暨所屬各單位防颱窗設置工程；花蓮縣警察局所屬各單位防颱窗設置工程,同機關且標題核心相同，尚待人工確認是否為同一專案
candidate_d35009f8be9e,卓溪鄉崙天部落簡易自來水系統改善,2023,2024,2,2,2948710,花蓮縣政府,卓溪鄉崙天部落簡易自來水系統改善工程；卓溪鄉崙天部落簡易自來水系統改善工程第一次變更設計,同機關且標題核心相同，尚待人工確認是否為同一專案
candidate_c3dadc4d3090,花蓮縣消防局公務車輛保險採購,2016,2017,2,2,2939437,花蓮縣政府,花蓮縣消防局105年度公務車輛保險採購案；花蓮縣消防局106年度公務車輛保險採購案,同機關且標題核心相同，尚待人工確認是否為同一專案
candidate_42765c4b965e,秀林鄉車輛重機械租約開口契約,2014,2018,5,5,2938000,花蓮縣秀林鄉公所,103年秀林鄉車輛與工程重機械租約(開口契約)；104年秀林鄉車輛與工程重機械租約(開口契約)；105年秀林鄉車輛與工程重機械租約(開口契約)；106年秀林鄉車輛與工程重機械租約(開口契約)；107年秀林鄉車輛與工程重機械租約(開口契約),同機關且標題核心相同，尚待人工確認是否為同一專案
candidate_685385ad67fd,花蓮縣政府推展縣政公關摸彩品舒適型腳踏車財物採購開口契約,2014,2015,2,2,2937000,花蓮縣政府,花蓮縣政府103年度推展縣政公關－摸彩品－舒適型腳踏車財物採購開口契約；花蓮縣政府104年度推展縣政公關－摸彩品－舒適型腳踏車財物採購開口契約,同機關且標題核心相同，尚待人工確認是否為同一專案
candidate_0fc60ab68139,瑞穗鄉瑞北坑溪排水改善,2013,2018,6,2,2934000,花蓮縣政府,瑞穗鄉瑞北坑溪排水改善工程；107年度瑞穗鄉瑞北坑溪排水改善工程,同機關且標題核心相同，尚待人工確認是否為同一專案
candidate_dcc3f4154aac,花蓮縣北區災後復建設計監造技術服務開口契約,2011,2012,2,2,2932900,花蓮縣政府,花蓮縣100年度北區災後復建工程設計、監造技術服務開口契約；花蓮縣101年度北區災後復建工程設計、監造技術服務開口契約,同機關且標題核心相同，尚待人工確認是否為同一專案
candidate_097f4969b01b,救災無線電系統數位車裝台手提台採購,2012,2013,2,2,2931650,花蓮縣政府,救災無線電系統數位車裝台及手提台採購案；102年救災無線電系統數位車裝台及手提台採購案,同機關且標題核心相同，尚待人工確認是否為同一專案
candidate_e12b362880e7,花蓮縣新城鄉公所村鄰長政令宣導教育訓練活動,2024,2025,2,2,2928000,花蓮縣新城鄉公所,花蓮縣新城鄉公所113年度村鄰長政令宣導教育訓練活動；花蓮縣新城鄉公所114年度村鄰長政令宣導教育訓練活動,同機關且標題核心相同，尚待人工確認是否為同一專案
candidate_0e4238fccc4e,台灣好行服務升級太魯閣線東海岸線行銷規劃執行,2020,2021,2,3,2924000,花蓮縣政府,「109年度台灣好行服務升級計畫－太魯閣線、東海岸線」行銷規劃執行案；「109年度台灣好行服務升級計畫-太魯閣線、東海岸線」行銷規劃執行案(第一次契約變更)；「109年度台灣好行服務升級計畫－太魯閣線、東海岸線」行銷規劃執行案(第二次契約變更),同機關且標題核心相同，尚待人工確認是否為同一專案
candidate_785444342f61,花蓮縣富里鄉村鄰長政令宣導文康訓練活動採購,2020,2026,7,3,2919582,花蓮縣富里鄉公所,花蓮縣富里鄉109年度村鄰長政令宣導暨文康訓練活動計畫採購案；花蓮縣富里鄉114年度村鄰長政令宣導暨文康訓練活動採購案；花蓮縣富里鄉115年度村鄰長政令宣導暨文康訓練活動採購案,同機關且標題核心相同，尚待人工確認是否為同一專案
candidate_902c025b0344,富里鄉車站街道路改善,2016,2017,2,2,2918000,花蓮縣富里鄉公所,富里鄉車站街道路改善工程；富里鄉車站街道路改善工程第二期,同機關且標題核心相同，尚待人工確認是否為同一專案
candidate_6a612a93af41,秀林鄉土石流防災重機械進駐租約開口契約,2019,2023,5,5,2910000,花蓮縣秀林鄉公所,108年度秀林鄉土石流防災重機械進駐租約(開口契約)；109年度秀林鄉土石流防災重機械進駐租約(開口契約)；110年度秀林鄉土石流防災重機械進駐租約(開口契約)；111年度秀林鄉土石流防災重機械進駐租約(開口契約)；112年度秀林鄉土石流防災重機械進駐租約(開口契約),同機關且標題核心相同，尚待人工確認是否為同一專案
candidate_58ca8fe0d22c,加強公務和諧連繫–西式敬輓花圈修復採購開口契約,2023,2025,3,3,2905000,花蓮縣政府,113年度加強公務和諧連繫–西式敬輓花圈修復採購(開口契約)；114年度加強公務和諧連繫–西式敬輓花圈修復採購(開口契約)；115年度加強公務和諧連繫–西式敬輓花圈修復採購(開口契約),同機關且標題核心相同，尚待人工確認是否為同一專案
candidate_81d962d71862,影音紀錄拍攝行銷,2019,2020,2,2,2900000,花蓮縣文化局,108年影音紀錄拍攝行銷計畫；109年影音紀錄拍攝行銷計畫,同機關且標題核心相同，尚待人工確認是否為同一專案
candidate_9bc9eb443ccc,《花蓮客家》季刊出版,2020,2021,2,2,2900000,花蓮縣政府,109年《花蓮客家》季刊出版計畫勞務採購；110年《花蓮客家》季刊出版計畫,同機關且標題核心相同，尚待人工確認是否為同一專案
candidate_c133b88298ba,既有法定退縮空間現有巷道空間資訊化作業專,2025,2026,2,2,2900000,花蓮縣政府,既有法定退縮空間(現有巷道)空間資訊化作業專案(第一期)；既有法定退縮空間(現有巷道)空間資訊化作業專案(第二期),同機關且標題核心相同，尚待人工確認是否為同一專案
candidate_a9eabb4e2c9b,性別暴力初級預防社區培力,2020,2022,3,3,2890000,花蓮縣政府,109年度性別暴力初級預防社區培力計畫；111年度性別暴力初級預防社區培力計畫；112年度性別暴力初級預防社區培力計畫,同機關且標題核心相同，尚待人工確認是否為同一專案
candidate_633cdd702f5c,垃圾車資源回收車重機械等車輛輪胎維修開口契約,2017,2023,7,8,2889000,花蓮縣壽豐鄉公所,106年度垃圾車、資源回收車及重機械等車輛輪胎維修開口契約；107年度垃圾車、資源回收車及重機械等車輛輪胎維修開口契約；108年度垃圾車、資源回收車及重機械等車輛輪胎維修開口契約；109年度垃圾車、資源回收車及重機械等車輛輪胎維修開口契約；110年度垃圾車、資源回收車及重機械等車輛輪胎維修開口契約；111年度垃圾車、資源回收車及重機械等車輛輪胎維修開口契約；113年度垃圾車、資源回收車及重機械等車輛輪胎維修開口契約,同機關且標題核心相同，尚待人工確認是否為同一專案
candidate_e530de7a1787,花蓮縣清潔車輛即時衛星定位應用程式租賃,2022,2026,5,4,2882000,花蓮縣環境保護局,112年花蓮縣清潔車輛即時衛星定位應用程式租賃案；113年度花蓮縣清潔車輛即時衛星定位應用程式租賃案；114年度花蓮縣清潔車輛即時衛星定位應用程式租賃案；115年度花蓮縣清潔車輛即時衛星定位應用程式租賃案,同機關且標題核心相同，尚待人工確認是否為同一專案
candidate_b443f83d0def,公共建築物火災險公共意外責任險採購,2011,2018,8,7,2870000,花蓮縣玉里鎮公所,100年度公共建築物火災險及公共意外責任險採購案；102年度公共建築物火災險及公共意外責任險採購案；103年度公共建築物火災險及公共意外責任險採購案；104年度公共建築物火災險及公共意外責任險採購案；105年度公共建築物火災險及公共意外責任險採購案；106年度公共建築物火災險及公共意外責任險採購案；107年度公共建築物火災險及公共意外責任險採購案,同機關且標題核心相同，尚待人工確認是否為同一專案
candidate_d819cf3ca407,提升外籍勞工查察諮詢業務服務品質實施外勞業務佐理員招標,2013,2020,8,7,2868044,花蓮縣政府,102年度提升外籍勞工查察暨諮詢業務服務品質實施計畫_外勞業務佐理員招標案；103年度提升外籍勞工查察暨諮詢業務服務品質實施計畫-外勞業務佐理員招標案；104年度提升外籍勞工查察暨諮詢業務服務品質實施計畫-外勞業務佐理員招標案；105年度提升外籍勞工查察暨諮詢業務服務品質實施計畫-外勞業務佐理員招標案；107年度「提升外籍勞工查察暨諮詢業務服務品質實施計畫-外勞業務佐理員」招標案；108年度「提升外籍勞工查察暨諮詢業務服務品質實施計畫-外勞業務佐理員」招標案；109年度「提升外籍勞工查察暨諮詢業務服務品質實施計畫-外勞業務佐理員」招標案,同機關且標題核心相同，尚待人工確認是否為同一專案
candidate_86bf95c46da1,防汛期土石流防災重機械待命開口契約,2016,2021,6,4,2848200,花蓮縣富里鄉公所,105年度防汛期土石流防災重機械待命開口契約；106年度防汛期土石流防災重機械待命開口契約；107年度防汛期土石流防災重機械待命開口契約；110年度防汛期土石流防災重機械待命開口契約,同機關且標題核心相同，尚待人工確認是否為同一專案
candidate_ea2b944e1f1a,禮品摸彩品開口契約採購,2011,2014,4,2,2844600,花蓮縣政府,禮品、摸彩品開口契約採購案,同機關且標題核心相同，尚待人工確認是否為同一專案
candidate_b8ae43b16589,花蓮縣慶祝兒童節活動海洋親子趴,2022,2026,5,3,2844400,花蓮縣花蓮市明義國民小學,花蓮縣慶祝111年度兒童節活動-海洋親子趴；花蓮縣慶祝114年度兒童節活動-海洋親子趴；花蓮縣慶祝115年度兒童節活動-海洋親子趴,同機關且標題核心相同，尚待人工確認是否為同一專案
candidate_4e60668aec1b,公立國民中小學消防安全設備檢查申報,2014,2019,6,5,2836355,花蓮縣政府,103年度公立國民中小學消防安全設備檢查申報；105年度公立國民中小學消防安全設備檢查申報；107年度公立國民中小學消防安全設備檢查申報；108年度公立國民中小學消防安全設備檢查申報；「108年度公立國民中小學消防安全設備檢查申報」後續擴充案,同機關且標題核心相同，尚待人工確認是否為同一專案
candidate_1d03028424f1,文創產業個輔導,2018,2019,2,2,2831000,花蓮縣文化局,107年文創產業個案輔導；108年文創產業個案輔導,同機關且標題核心相同，尚待人工確認是否為同一專案
candidate_f7b0c4a3d856,花蓮縣消防局119資訊系統網路設備維護,2018,2020,3,3,2820000,花蓮縣消防局,花蓮縣消防局108年度119資訊系統及網路設備維護案；花蓮縣消防局109年度119資訊系統及網路設備維護案；花蓮縣消防局110年119資訊系統及網路設備維護案,同機關且標題核心相同，尚待人工確認是否為同一專案
candidate_a81787a3788d,花蓮市小黑蚊防治噴藥消毒服務,2019,2024,6,6,2810825,花蓮縣花蓮市公所,108年度花蓮市小黑蚊防治噴藥消毒服務；109年度花蓮市小黑蚊防治噴藥消毒服務；110年度花蓮市小黑蚊防治噴藥消毒服務；111年度花蓮市小黑蚊防治噴藥消毒服務；112年度花蓮市小黑蚊防治噴藥消毒服務；113年度花蓮市小黑蚊防治噴藥消毒服務,同機關且標題核心相同，尚待人工確認是否為同一專案
candidate_bba40ee46703,紅葉村農路改善,2016,2019,4,3,2808000,花蓮縣萬榮鄉公所,紅葉村農路改善工程；106年紅葉村農路改善工程,同機關且標題核心相同，尚待人工確認是否為同一專案
candidate_1ecc2536ec18,國風國中樂器設備,2015,2020,6,9,2803263,花蓮縣立國風國民中學,國風國中樂器設備工程,同機關且標題核心相同，尚待人工確認是否為同一專案
candidate_ad5fc39a2086,花蓮縣立體育場環境監測污水處理系統定期保養維護工作開口契約,2017,2023,7,2,2800000,花蓮縣政府,107年度花蓮縣立體育場環境監測及污水處理系統定期保養維護工作(開口契約)；112年度花蓮縣立體育場環境監測及污水處理系統定期保養維護工作(開口契約),同機關且標題核心相同，尚待人工確認是否為同一專案
candidate_a122cabe1c65,16處公墓設施設備修繕開口契約,2023,2026,4,2,2800000,花蓮縣秀林鄉公所,112年度16處公墓設施設備修繕工程(開口契約)；114年16處公墓設施設備修繕工程(開口契約),同機關且標題核心相同，尚待人工確認是否為同一專案
candidate_d58ff44ae9a0,花蓮縣臺灣原住民族文化館系列活動規劃執行,2021,2023,3,2,2800000,花蓮縣政府,110年花蓮縣臺灣原住民族文化館系列活動規劃與執行勞務採購案；112年花蓮縣臺灣原住民族文化館系列活動規劃與執行勞務採購案,同機關且標題核心相同，尚待人工確認是否為同一專案
candidate_96e4174eda9b,永續政策縣政宣傳服務,2023,2025,3,2,2800000,花蓮縣政府,112年永續政策暨縣政宣傳服務案；114年永續政策暨縣政宣傳服務案,同機關且標題核心相同，尚待人工確認是否為同一專案
candidate_f3128f9a0bf0,洄瀾形象新媒體宣傳服務,2025,2026,2,2,2800000,花蓮縣政府,114年洄瀾形象新媒體宣傳服務案；115年洄瀾形象新媒體宣傳服務案,同機關且標題核心相同，尚待人工確認是否為同一專案
candidate_97cf741d2c17,花蓮縣政府主計處預決算書人事處職員通訊錄等印製採購,2023,2025,3,3,2797779,花蓮縣政府,112年度花蓮縣政府主計處預(決)算書及人事處職員通訊錄等印製採購；113年度花蓮縣政府主計處預(決)算書及人事處職員通訊錄等印製採購；114年度花蓮縣政府主計處預(決)算書及人事處職員通訊錄等印製採購,同機關且標題核心相同，尚待人工確認是否為同一專案
candidate_8afb6b1f4e52,瑞穗鄉全鄉反射鏡街路牌道路標線標誌設置維護開口契約,2025,2026,2,2,2796973,花蓮縣瑞穗鄉公所,瑞穗鄉114年度全鄉反射鏡、街路牌、道路標線標誌設置及維護工程(開口契約)；瑞穗鄉115年度全鄉反射鏡、街路牌、道路標線標誌設置及維護工程(開口契約),同機關且標題核心相同，尚待人工確認是否為同一專案
candidate_971d66fa4cf8,中琉公園兒童遊樂設施改善,2020,2021,2,3,2790200,花蓮縣花蓮市公所,中琉公園兒童遊樂設施改善工程,同機關且標題核心相同，尚待人工確認是否為同一專案
candidate_4b0d2f5bb8f9,災害搶險搶修第一區,2011,2014,4,3,2789365,花蓮縣玉里鎮公所,100年度災害搶險與搶修工程(第一區)；102年度災害搶險與搶修工程(第一區)；103年度災害搶險與搶修工程(第一區),同機關且標題核心相同，尚待人工確認是否為同一專案
candidate_d50e9edfda6a,花蓮縣公立國民中小學建築物公共安全檢查申報,2012,2023,12,8,2788195,花蓮縣政府,花蓮縣101年度公立國民中小學建築物公共安全檢查申報；花蓮縣106年度公立國民中小學建築物公共安全檢查申報；花蓮縣107年度公立國民中小學建築物公共安全檢查申報；花蓮縣108年度公立國民中小學建築物公共安全檢查申報；花蓮縣109年度公立國民中小學建築物公共安全檢查申報；花蓮縣110年度公立國民中小學建築物公共安全檢查申報；花蓮縣111年度公立國民中小學建築物公共安全檢查申報；花蓮縣112年度公立國民中小學建築物公共安全檢查申報,同機關且標題核心相同，尚待人工確認是否為同一專案
candidate_ff22958fd89d,花蓮市區行道樹含綠美化土石流等災害重機械搶修,2012,2015,4,3,2778000,花蓮縣花蓮市公所,101年度花蓮市區行道樹(含綠美化)及土石流等災害重機械搶修工程；103年度花蓮市區行道樹(含綠美化)及土石流等災害重機械搶修工程；104年度花蓮市區行道樹(含綠美化)及土石流等災害重機械搶修工程,同機關且標題核心相同，尚待人工確認是否為同一專案
candidate_711011575086,東大門夜市災害搶修搶險開口契約,2023,2024,2,2,2775000,花蓮縣政府,112年東大門夜市災害搶修搶險開口契約；113年東大門夜市災害搶修搶險開口契約,同機關且標題核心相同，尚待人工確認是否為同一專案
candidate_0c1d30a86a83,全國消防資訊系統網際網路設備維護,2014,2016,3,3,2770000,花蓮縣政府,103年全國消防資訊系統暨網際網路設備維護案；104年全國消防資訊系統暨網際網路設備維護案；105年度全國消防資訊系統暨網際網路設備維護案,同機關且標題核心相同，尚待人工確認是否為同一專案
candidate_e3486b96889a,花蓮縣消防局租用挖土機搶救挖掘勞務開口契約,2025,2026,2,2,2752492,花蓮縣消防局,花蓮縣消防局114年租用挖土機搶救挖掘勞務開口契約；花蓮縣消防局115年租用挖土機搶救挖掘勞務開口契約,同機關且標題核心相同，尚待人工確認是否為同一專案
candidate_cc608f2da6de,本鄉各村路燈增設,2017,2020,4,3,2752000,花蓮縣秀林鄉公所,本鄉各村路燈增設工程；107年度本鄉各村路燈增設工程；108年度本鄉各村路燈增設工程,同機關且標題核心相同，尚待人工確認是否為同一專案
candidate_f4f46014ea91,花蓮地政事務所圖解數化地籍圖整合建置都市地形圖套疊作業,2014,2015,2,2,2750000,花蓮縣花蓮地政事務所,花蓮地政事務所103年度圖解數化地籍圖整合建置及都市計畫地形圖套疊作業；花蓮地政事務所104年度圖解數化地籍圖整合建置及都市計畫 地形圖套疊作業,同機關且標題核心相同，尚待人工確認是否為同一專案
candidate_cf7c6241436a,花蓮縣政府土壤液化調查風險評估專顧問,2021,2023,3,2,2740000,花蓮縣政府,花蓮縣政府109年度土壤液化調查與風險評估計畫專案顧問；花蓮縣政府110年度土壤液化調查與風險評估計畫專案顧問,同機關且標題核心相同，尚待人工確認是否為同一專案
candidate_d46d134cde98,萬榮排水支線改善,2019,2020,2,2,2733000,花蓮縣政府,108年度萬榮排水支線改善工程；109年度萬榮排水支線改善工程,同機關且標題核心相同，尚待人工確認是否為同一專案
candidate_e8f1fc218c94,花蓮縣新城鄉花6線道路剛性路面改善,2025,2026,2,2,2729931,花蓮縣新城鄉公所,花蓮縣新城鄉花6線道路剛性路面改善工程；花蓮縣新城鄉花6線道路剛性路面改善工程(第一次變更設計),同機關且標題核心相同，尚待人工確認是否為同一專案
candidate_4cacfb0f2d40,光復鄉土石流重機械待命開口契約,2014,2016,3,3,2725000,花蓮縣光復鄉公所,103年度光復鄉土石流重機械待命開口契約；104年度光復鄉土石流重機械待命開口契約；105年度光復鄉土石流重機械待命開口契約,同機關且標題核心相同，尚待人工確認是否為同一專案
candidate_5e084dad14d4,玉里鎮赤科山道路零星維護開口契約採購,2018,2019,2,3,2716776,花蓮縣玉里鎮公所,玉里鎮赤科山道路零星維護 (開口契約)採購案；玉里鎮赤科山道路零星維護(開口契約)採購案,同機關且標題核心相同，尚待人工確認是否為同一專案
candidate_eb84462b7e29,花蓮縣政府周邊環境園藝綠美化,2013,2019,7,6,2704930,花蓮縣政府,102年度花蓮縣政府周邊環境園藝綠美化勞務採購；104年度花蓮縣政府周邊環境園藝綠美化勞務採購；105年度花蓮縣政府周邊環境園藝綠美化勞務採購；106年度花蓮縣政府周邊環境園藝綠美化勞務採購；107年度花蓮縣政府周邊環境園藝綠美化勞務採購；108年度花蓮縣政府周邊環境園藝綠美化勞務採購,同機關且標題核心相同，尚待人工確認是否為同一專案
candidate_deeb7b1b2a82,衛星定位接收儀一套採購,2017,2019,3,4,2702000,花蓮縣政府,106年度衛星定位接收儀一套採購案；107年度衛星定位接收儀一套採購案；108年度衛星定位接收儀一套採購案,同機關且標題核心相同，尚待人工確認是否為同一專案
candidate_ef5387a3c5f4,資訊設備維護服務,2021,2025,5,4,2700000,花蓮縣萬榮鄉公所,111年資訊設備維護服務案；112年資訊設備維護服務案；113年資訊設備維護服務案；115年資訊設備維護服務案,同機關且標題核心相同，尚待人工確認是否為同一專案
candidate_0127fc3cc907,奇萊玩一夏自行車活動專業服務採購,2024,2026,3,3,2700000,花蓮縣花蓮市公所,113年「奇萊玩一夏」自行車活動專業服務採購；114年「奇萊玩一夏」自行車活動專業服務採購；115年「奇萊玩一夏」自行車活動專業服務採購,同機關且標題核心相同，尚待人工確認是否為同一專案
candidate_c0d722317e24,花蓮縣公立國民中小學消防安全設備檢查申報,2012,2024,13,5,2699000,花蓮縣政府,花蓮縣101年度公立國民中小學消防安全設備檢查申報；花蓮縣110年度公立國民中小學消防安全設備檢查申報；花蓮縣110年度公立國民中小學消防安全設備檢查申報-後續擴充；花蓮縣112年度公立國民中小學消防安全設備檢查申報；花蓮縣112年度公立國民中小學消防安全設備檢查申報-後續擴充,同機關且標題核心相同，尚待人工確認是否為同一專案
candidate_7e0ab7e38abf,協勤民力等人員團體福利壽險採購,2014,2016,3,3,2698696,花蓮縣政府,103年度協勤民力等人員團體福利壽險採購案；104年度協勤民力等人員團體福利壽險採購案；105年度協勤民力等人員團體福利壽險採購案,同機關且標題核心相同，尚待人工確認是否為同一專案
candidate_0935949fce72,花蓮縣模範農民表彰績優農業產銷班頒獎交流活動,2022,2024,3,3,2694923,花蓮縣政府,111年度花蓮縣模範農民表彰暨績優農業產銷班頒獎交流活動；113年度花蓮縣模範農民表彰暨績優農業產銷班頒獎交流活動；113年度花蓮縣模範農民表彰暨績優農業產銷班頒獎交流活動-第2次契約變更,同機關且標題核心相同，尚待人工確認是否為同一專案
candidate_0ff43238a84e,長橋國小教學大樓門窗改善,2023,2025,3,2,2691470,花蓮縣鳳林鎮長橋國民小學,長橋國小「教學大樓門窗改善工程」；114年度長橋國小教學大樓門窗改善工程,同機關且標題核心相同，尚待人工確認是否為同一專案
candidate_82073eb1974f,秀林鄉本所清潔隊清潔車輛養護開口契約,2017,2018,2,2,2690000,花蓮縣秀林鄉公所,秀林鄉106年度本所清潔隊清潔車輛養護開口契約；秀林鄉107年度本所清潔隊清潔車輛養護開口契約,同機關且標題核心相同，尚待人工確認是否為同一專案
candidate_baf1edcf335f,花蓮縣世界狂犬病日世界動物日動物保護認養活動,2024,2025,2,2,2690000,花蓮縣動植物防疫所,113年花蓮縣世界狂犬病日暨世界動物日動物保護認養活動勞務採購案；114年花蓮縣世界狂犬病日暨世界動物日動物保護認養活動勞務採購,同機關且標題核心相同，尚待人工確認是否為同一專案
candidate_f5037af74492,豐濱鄉土石流防災重機械待命開口契約,2014,2026,13,5,2685000,花蓮縣豐濱鄉公所,豐濱鄉102年度土石流防災重機械待命開口契約勞務採購案；豐濱鄉105年度土石流防災重機械待命開口契約勞務採購案；豐濱鄉106年度土石流防災重機械待命開口契約勞務採購案；111年度豐濱鄉土石流防災重機械待命開口契約；115年度豐濱鄉土石流防災重機械待命開口契約,同機關且標題核心相同，尚待人工確認是否為同一專案
candidate_ac4794bcf173,新城鄉災害搶修搶險,2014,2018,5,2,2680000,花蓮縣新城鄉公所,103年度新城鄉災害搶修搶險工程；107年度新城鄉災害搶修搶險工程,同機關且標題核心相同，尚待人工確認是否為同一專案
candidate_d373042d4c2d,花蓮好近選物品牌形象館營運實體店面通路,2020,2021,2,2,2680000,花蓮縣政府,「花蓮好近選物品牌形象館-營運實體店面通路」勞務採購案；花蓮好近選物品牌形象館-營運實體店面通路勞務採購案(第1次契約變更),同機關且標題核心相同，尚待人工確認是否為同一專案
candidate_5f33dae510c2,光華樂活創意園區後期安全環境清潔維護,2017,2019,3,3,2678000,花蓮縣政府,光華樂活創意園區後期安全及環境清潔維護案；108年度光華樂活創意園區後期安全及環境清潔維護案,同機關且標題核心相同，尚待人工確認是否為同一專案
candidate_14f5b6d892b1,秀林鄉有機質肥料5500包採購,2017,2020,4,3,2677400,花蓮縣秀林鄉公所,秀林鄉106年度有機質肥料5500包採購；秀林鄉108年度有機質肥料5500包採購；秀林鄉109年度有機質肥料5500包採購,同機關且標題核心相同，尚待人工確認是否為同一專案
candidate_c9c207a2cfdf,花蓮縣秀林鄉公所環保業務觀摩活動,2022,2026,5,5,2670810,花蓮縣秀林鄉公所,111年花蓮縣秀林鄉公所環保業務觀摩活動；112年花蓮縣秀林鄉公所環保業務觀摩活動；113年花蓮縣秀林鄉公所環保業務觀摩活動；114年花蓮縣秀林鄉公所環保業務觀摩活動；115年花蓮縣秀林鄉公所環保業務觀摩活動,同機關且標題核心相同，尚待人工確認是否為同一專案
candidate_d639578d2c7a,美崙山保安林刈草除蔓,2015,2021,7,6,2665150,花蓮縣政府,104年度美崙山保安林刈草除蔓勞務採購案；105年度美崙山保安林刈草除蔓勞務採購案；106年度美崙山保安林刈草除蔓勞務採購；107年度美崙山保安林刈草除蔓勞務採購；109年度美崙山保安林刈草除蔓勞務採購；110年度美崙山保安林刈草除蔓勞務採購案,同機關且標題核心相同，尚待人工確認是否為同一專案
candidate_3acad6b9de85,垃圾車資源回收車鏟裝車等車輛維修採購,2020,2022,3,3,2661360,花蓮縣萬榮鄉公所,109年度垃圾車、資源回收車及鏟裝車等車輛維修採購案；110年度垃圾車、資源回收車及鏟裝車等車輛維修採購；111年度垃圾車、資源回收車及鏟裝車等車輛維修採購,同機關且標題核心相同，尚待人工確認是否為同一專案
candidate_6e312ab8ff47,豐川排水改善,2010,2012,3,2,2658000,花蓮縣政府,豐川排水改善工程,同機關且標題核心相同，尚待人工確認是否為同一專案
candidate_cd69d2ccfa4c,花蓮縣警察局員警勤務雨衣採購,2017,2021,5,2,2657444,花蓮縣政府,花蓮縣警察局106年度員警勤務雨衣採購案；花蓮縣警察局110年度員警勤務雨衣採購案,同機關且標題核心相同，尚待人工確認是否為同一專案
candidate_5bb042992d7b,富里鄉公所公墓除草,2011,2021,11,12,2652700,花蓮縣富里鄉公所,富里鄉公所101年度公墓除草勞務採購；富里鄉公所102年度公墓除草勞務採購案；富里鄉公所103年度公墓除草勞務採購案；富里鄉公所104年度公墓除草勞務採購案；富里鄉公所105年度公墓除草勞務採購案；富里鄉公所106年度公墓除草勞務採購案；富里鄉公所 107年度公墓除草勞務採購案；富里鄉公所108年度公墓除草勞務採購案；富里鄉公所109年度公墓除草勞務採購案；富里鄉公所110年度公墓除草勞務採購案,同機關且標題核心相同，尚待人工確認是否為同一專案
candidate_343c88fe535c,花蓮縣消防局救災裝備器材1批,2024,2026,3,3,2650300,花蓮縣消防局,花蓮縣消防局113年救災裝備器材1批；花蓮縣消防局114年救災裝備器材1批；花蓮縣消防局115年度救災裝備器材1批後續擴充案,同機關且標題核心相同，尚待人工確認是否為同一專案
candidate_5bc9e838f24d,花蓮縣執行農地利用綜合規劃,2025,2026,2,2,2650000,花蓮縣政府,114年花蓮縣執行農地利用綜合規劃計畫委託專業服務勞務採購；115年花蓮縣執行農地利用綜合規劃計畫委託專業服務勞務採購,同機關且標題核心相同，尚待人工確認是否為同一專案
candidate_3f275e06d19d,中央對直轄市縣市政府疏浚清淤委託測量服務工作開口契約,2018,2020,3,3,2649882,花蓮縣政府,107年度中央對直轄市及縣市政府疏浚清淤委託規劃設計及測量服務工作(開口契約)；108年度中央對直轄市及縣市政府疏浚清淤委託規劃設計及測量服務工作(開口契約)；109年度中央對直轄市及縣市政府疏浚清淤委託規劃設計及測量服務工作(開口契約),同機關且標題核心相同，尚待人工確認是否為同一專案
candidate_14fcf20976de,花蓮縣警察局無線電機所需相關零件耗材採購,2010,2014,5,3,2648000,花蓮縣政府,花蓮縣警察局99年度無線電機所需相關零件及耗材採購案；花蓮縣警察局101年度無線電機所需相關零件及耗材採購案；花蓮縣警察局103年度無線電機所需相關零件及耗材採購,同機關且標題核心相同，尚待人工確認是否為同一專案
candidate_2faa98a2fa70,瑞穗鄉內砍草清理等開口維護作業,2014,2019,6,6,2634800,花蓮縣瑞穗鄉公所,103年度瑞穗鄉內砍草清理等開口維護作業；104年度瑞穗鄉內砍草清理等開口維護作業；105年度瑞穗鄉內砍草清理等開口維護作業；106年度瑞穗鄉內砍草清理等開口維護作業；107年度瑞穗鄉內砍草清理等開口維護作業；108年度瑞穗鄉內砍草清理等開口維護作業,同機關且標題核心相同，尚待人工確認是否為同一專案
candidate_82d6e60af9bd,花蓮縣臺灣原住民族文化館OT前置作業,2014,2017,4,2,2630500,花蓮縣政府,花蓮縣臺灣原住民族文化館OT案前置作業計畫委託專業服務案；106年度花蓮縣臺灣原住民族文化館OT案前置作業計畫委託專業服務案,同機關且標題核心相同，尚待人工確認是否為同一專案
candidate_e33a5ebef842,無名溪排水改善,2011,2014,4,2,2624000,花蓮縣政府,無名溪排水改善工程,同機關且標題核心相同，尚待人工確認是否為同一專案
candidate_bb6741035f67,111全中運水上運動游泳器材租賃,2021,2022,2,2,2611600,花蓮縣秀林鄉富世國民小學,111全中運水上運動(游泳)器材租賃勞務採購案；111全中運水上運動(游泳)器材租賃勞務採購案(第一次契約變更),同機關且標題核心相同，尚待人工確認是否為同一專案
candidate_3b3b9194f511,電腦資訊設備維護,2011,2013,3,3,2610000,花蓮縣萬榮鄉公所,電腦及資訊設備維護；102年度電腦資訊設備維護,同機關且標題核心相同，尚待人工確認是否為同一專案
candidate_68e6aa381184,員工文康活動環境教育觀摩活動,2024,2025,2,2,2610000,花蓮縣鳳林鎮公所,113年度員工文康活動及環境教育觀摩活動；114年度員工文康活動暨環境教育觀摩活動,同機關且標題核心相同，尚待人工確認是否為同一專案
candidate_6f830f264934,光復鄉原住民族經濟產業保留地業務觀摩活動,2017,2026,10,6,2604710,花蓮縣光復鄉公所,106年度光復鄉原住民族經濟產業暨保留地業務觀摩活動；108年度光復鄉原住民族經濟產業暨保留地業務觀摩活動；109年度光復鄉原住民族經濟產業暨保留地業務觀摩活動；110年度光復鄉原住民族經濟產業暨保留地業務觀摩活動；111年度光復鄉原住民族經濟產業暨保留地業務觀摩活動；115年度光復鄉原住民族經濟產業暨保留地業務觀摩活動,同機關且標題核心相同，尚待人工確認是否為同一專案
candidate_e5d7cd2ccf4a,秀林鄉清潔隊清潔車輛養護採購,2019,2020,2,2,2604000,花蓮縣秀林鄉公所,108年度秀林鄉清潔隊清潔車輛養護採購；109年度秀林鄉清潔隊清潔車輛養護採購,同機關且標題核心相同，尚待人工確認是否為同一專案
candidate_c953d77eb92b,中正國小學生游泳課程採購,2020,2025,6,6,2600420,花蓮縣花蓮市中正國民小學,中正國小109年度學生游泳課程採購案；中正國小110年度學生游泳課程採購案；中正國小111年度學生游泳課程採購案；中正國小112年度學生游泳課程採購案；中正國小113年度學生游泳課程採購案；中正國小114年度學生游泳課程採購案,同機關且標題核心相同，尚待人工確認是否為同一專案
candidate_f5f519bffd6a,崙天部落道路路面鋪設,2022,2023,2,2,2600000,花蓮縣卓溪鄉公所,崙天部落道路路面鋪設工程,同機關且標題核心相同，尚待人工確認是否為同一專案
candidate_e0cb2f702a24,衛星定位儀一套全測站光波測距電子經緯儀二套,2014,2015,2,2,2598888,花蓮縣政府,衛星定位儀一套及全測站光波測距電子經緯儀二套,同機關且標題核心相同，尚待人工確認是否為同一專案
candidate_117131a026bb,路燈維修材料採購,2011,2020,10,9,2597385,花蓮縣玉里鎮公所,100年路燈維修材料採購；102年路燈維修材料採購案；103年度路燈維修材料採購案；「104年度路燈維修材料」採購案；105年度路燈維修材料採購案；106年度路燈維修材料採購案；107年度路燈維修材料採購案；107年度路燈維修材料採購案(第二次)；109年度路燈維修材料採購案,同機關且標題核心相同，尚待人工確認是否為同一專案
candidate_e9ae12288691,本鄉各村監視器設備裝設,2022,2023,2,2,2590000,花蓮縣秀林鄉公所,111年本鄉各村監視器設備裝設工程；112年本鄉各村監視器設備裝設工程,同機關且標題核心相同，尚待人工確認是否為同一專案
candidate_1d552037be0a,花蓮縣農村再生設計監造,2021,2023,3,3,2582839,花蓮縣政府,花蓮縣110年度農村再生工程設計監造委託技術服務案；花蓮縣111年度農村再生工程設計監造委託技術服務案；花蓮縣112年度農村再生工程設計監造委託技術服務,同機關且標題核心相同，尚待人工確認是否為同一專案
candidate_b09f6987605c,重陽節敬老養生飲品禮盒採購,2015,2019,5,4,2573317,花蓮縣富里鄉公所,104年度重陽節敬老養生飲品禮盒採購；106年重陽節敬老養生飲品禮盒採購；107年重陽節敬老養生飲品禮盒採購；108年重陽節敬老養生飲品禮盒採購,同機關且標題核心相同，尚待人工確認是否為同一專案
candidate_74cd56022288,花蓮縣光復鄉土石流大規模崩塌防災重機械待命開口契約,2024,2026,3,2,2570000,花蓮縣光復鄉公所,113年度花蓮縣光復鄉土石流及大規模崩塌防災重機械待命(開口契約)；115年度花蓮縣光復鄉土石流及大規模崩塌防災重機械待命(開口契約),同機關且標題核心相同，尚待人工確認是否為同一專案
candidate_24e3eaa6acd4,光華樂活創意園區後期路燈環境清潔維護,2020,2021,2,3,2565000,花蓮縣政府,109年度光華樂活創意園區（後期）路燈及環境清潔維護案；109年度光華樂活創意園區（後期）路燈及環境清潔維護-後續擴充案；110年度光華樂活創意園區（後期）路燈及環境清潔維護案,同機關且標題核心相同，尚待人工確認是否為同一專案
candidate_fd36c619171e,花蓮縣部落文化健康綜合服務據點運動舒包財物採購,2018,2020,3,3,2555950,花蓮縣政府,花蓮縣部落文化健康綜合服務據點運動舒包財物採購案；108年花蓮縣部落文化健康綜合服務據點運動舒包財物採購案,同機關且標題核心相同，尚待人工確認是否為同一專案
candidate_1b10ab17abe6,鄉長因公出國考察,2022,2026,5,4,2552000,花蓮縣壽豐鄉公所,111年度鄉長因公出國考察；112年度鄉長因公出國考察；113年度鄉長因公出國考察；115年度鄉長因公出國考察,同機關且標題核心相同，尚待人工確認是否為同一專案
candidate_236c6b759bae,鑄強國小校外教學活動畢業旅行,2022,2026,5,5,2551000,花蓮縣花蓮市鑄強國民小學,鑄強國小校外教學活動-畢業旅行,同機關且標題核心相同，尚待人工確認是否為同一專案
candidate_a8afb9da88be,文創產業聚落輔導,2018,2019,2,2,2550000,花蓮縣文化局,107年文創產業聚落輔導；108年文創產業聚落輔導,同機關且標題核心相同，尚待人工確認是否為同一專案
candidate_659a89a2ac30,國風國中七年級學生校外教學活動採購,2010,2025,16,9,2547995,花蓮縣立國風國民中學,國風國中「七年級學生校外教學活動」採購案；國風國中113年度七年級學生校外教學活動採購案；國風國中114年度七年級學生校外教學活動採購案,同機關且標題核心相同，尚待人工確認是否為同一專案
candidate_f3b10150f2fd,新城鄉轄內反光鏡開口契約,2011,2020,10,10,2545300,花蓮縣新城鄉公所,100年度新城鄉轄內反光鏡工程開口契約；101年度新城鄉轄內反光鏡工程開口契約；102年度新城鄉轄內反光鏡工程開口契約；103年度新城鄉轄內反光鏡工程開口契約；104年度新城鄉轄內反光鏡工程開口契約；105年度新城鄉轄內反光鏡工程開口契約；106年度新城鄉轄內反光鏡工程開口契約；107年度新城鄉轄內反光鏡工程開口契約；108年度新城鄉轄內反光鏡工程開口契約；109年度新城鄉轄內反光鏡工程開口契約,同機關且標題核心相同，尚待人工確認是否為同一專案
candidate_d907d73a01a4,花蓮縣衛生局實驗室標準品試劑採購,2022,2025,4,4,2542788,花蓮縣衛生局,111年花蓮縣衛生局實驗室標準品試劑採購案；112年花蓮縣衛生局實驗室標準品試劑採購；113年花蓮縣衛生局實驗室標準品試劑採購；114年花蓮縣衛生局實驗室標準品試劑採購,同機關且標題核心相同，尚待人工確認是否為同一專案
candidate_bb9288b49b18,花蓮縣推動特色農遊專業服務委託,2021,2023,3,2,2539000,花蓮縣政府,110年度花蓮縣推動特色農遊專業服務委託案；112年度花蓮縣推動特色農遊專業服務委託案,同機關且標題核心相同，尚待人工確認是否為同一專案
candidate_7762c76862d0,花蓮縣政府菸酒查緝業務觀摩財政其他相關業務交流聯繫活動,2020,2024,5,5,2529950,花蓮縣政府,花蓮縣政府109年度菸酒查緝業務觀摩及財政其他相關業務交流聯繫活動；花蓮縣政府110年度菸酒查緝業務觀摩及財政其他相關業務交流聯繫活動；花蓮縣政府111年度第一次菸酒查緝業務觀摩及財政其他相關業務交流聯繫活動；花蓮縣政府112年度菸酒查緝業務觀摩及財政其他相關業務交流聯繫活動；花蓮縣政府113年度菸酒查緝業務觀摩及財政其他相關業務交流聯繫活動,同機關且標題核心相同，尚待人工確認是否為同一專案
candidate_a348b2b79186,玉里國中教師宿舍修繕,2013,2026,14,2,2529200,花蓮縣立玉里國民中學,玉里國中102年教師宿舍修繕工程；玉里國中教師宿舍修繕工程,同機關且標題核心相同，尚待人工確認是否為同一專案
candidate_99f3dde7d8db,吉安溪相關維護管理工作,2013,2016,4,4,2520000,花蓮縣吉安鄉公所,吉安溪相關維護管理工作,同機關且標題核心相同，尚待人工確認是否為同一專案
candidate_c4866bf84d34,豐濱鄉災害搶險搶修,2021,2023,3,3,2520000,花蓮縣豐濱鄉公所,110年度豐濱鄉災害搶險搶修工程；111年度豐濱鄉災害搶險搶修工程；112年度豐濱鄉災害搶險搶修工程,同機關且標題核心相同，尚待人工確認是否為同一專案
candidate_95d864bc1b50,花蓮縣光復鄉公園公廁等環境維護開口契約,2025,2026,2,2,2520000,花蓮縣光復鄉公所,114年度花蓮縣光復鄉公園公廁等環境維護勞務採購(開口契約)；115年度花蓮縣光復鄉公園公廁等環境維護勞務採購(開口契約),同機關且標題核心相同，尚待人工確認是否為同一專案
candidate_9f474dd85b39,新城國小充實改善午餐廚房設備,2017,2020,4,2,2517000,花蓮縣政府,新城國小充實及改善午餐廚房設備工程；新城國小110年度充實及改善午餐廚房設備工程,同機關且標題核心相同，尚待人工確認是否為同一專案
candidate_2204fb9cb3d4,花蓮縣政府0206震災未設籍於受毀損住宅所有權人重建購住宅貸款利息補貼委託經理銀行辦理專貸款善款補貼利息,2019,2025,7,4,2514748,花蓮縣政府,「花蓮縣政府0206震災未設籍於受毀損住宅所有權人重建（購）住宅貸款利息補貼計畫」委託經理銀行辦理專案貸款善款補貼利息案,同機關且標題核心相同，尚待人工確認是否為同一專案
candidate_f0937e01b7c4,資源回收業務觀摩活動採購,2017,2019,3,4,2507960,花蓮縣吉安鄉公所,106年資源回收業務觀摩活動採購案；107年資源回收業務觀摩活動採購案；108年度資源回收業務觀摩活動採購案,同機關且標題核心相同，尚待人工確認是否為同一專案
candidate_9648b38c277b,花蓮縣政府小簡報室資訊系統更新會議桌椅汰換,2024,2025,2,2,2505000,花蓮縣政府,花蓮縣政府小簡報室資訊系統更新暨會議桌椅汰換案；花蓮縣政府小簡報室資訊系統更新暨會議桌椅汰換案(後續擴充),同機關且標題核心相同，尚待人工確認是否為同一專案
candidate_f89036b2af33,玉里鎮樂合里安通農路改善,2017,2019,3,2,2495850,花蓮縣政府,玉里鎮樂合里安通農路改善工程；108年度玉里鎮樂合里安通農路改善工程,同機關且標題核心相同，尚待人工確認是否為同一專案
candidate_2158a3bf22b6,花蓮縣消防局義消裝備器材1批消防衣帽鞋裝備16套肺力閥20組,2024,2025,2,2,2492000,花蓮縣消防局,花蓮縣消防局113年義消裝備器材1批-消防衣帽鞋裝備16套、肺力閥20組；花蓮縣消防局114年義消裝備器材1批-消防衣帽鞋裝備16套、肺力閥20組後續擴充案,同機關且標題核心相同，尚待人工確認是否為同一專案
candidate_5afdc3973faf,花蓮縣聯合海葬,2018,2026,9,9,2487600,花蓮縣政府,花蓮縣107年度聯合海葬；花蓮縣108年度聯合海葬勞務採購案；花蓮縣109年度聯合海葬勞務採購案；花蓮縣110年度聯合海葬勞務採購案；花蓮縣111年度聯合海葬勞務採購案；花蓮縣112年度聯合海葬勞務採購案；花蓮縣113年度聯合海葬勞務採購案；花蓮縣114年度聯合海葬勞務採購案；花蓮縣115年度聯合海葬,同機關且標題核心相同，尚待人工確認是否為同一專案
candidate_58a077654027,加強公務和諧連繫中堂輓聯採購開口契約,2022,2025,4,4,2484000,花蓮縣政府,111年度加強公務和諧連繫－中堂、輓聯採購(開口契約)；111年加強公務和諧連繫-中堂、輓聯採購(開口契約)後續擴充案；114年度加強公務和諧連繫-中堂、輓聯採購(開口契約)；115年度加強公務和諧連繫-中堂、輓聯採購(開口契約),同機關且標題核心相同，尚待人工確認是否為同一專案
candidate_66475661b54f,災害搶險搶修第二區,2011,2014,4,3,2476740,花蓮縣玉里鎮公所,100年度災害搶險與搶修工程(第二區)；102年度災害搶險與搶修工程(第二區)；103年度災害搶險與搶修工程(第二區),同機關且標題核心相同，尚待人工確認是否為同一專案
candidate_09fca9bb74f0,新城鄉村鄰長政令宣導活動,2016,2022,7,2,2458750,花蓮縣新城鄉公所,新城鄉105年度村鄰長政令宣導活動；新城鄉111年度村鄰長政令宣導活動,同機關且標題核心相同，尚待人工確認是否為同一專案
candidate_88884f364693,榕樹產業道路改善,2014,2015,2,2,2458000,花蓮縣秀林鄉公所,榕樹產業道路改善工程,同機關且標題核心相同，尚待人工確認是否為同一專案
candidate_0a4fc9e25702,榕樹部落產業道路改善,2010,2011,2,2,2454000,花蓮縣秀林鄉公所,榕樹部落產業道路改善工程,同機關且標題核心相同，尚待人工確認是否為同一專案
candidate_61386f42c11b,中堂輓聯賀匾開口契約採購,2010,2012,3,3,2449000,花蓮縣政府,中堂、輓聯、賀匾開口契約採購案；中堂、輓聯、賀匾開口契約採購；101年中堂、輓聯、賀匾開口契約採購,同機關且標題核心相同，尚待人工確認是否為同一專案
candidate_5598f792f98b,游泳教學救生員教練人力,2015,2023,9,7,2446539,花蓮縣花蓮市明義國民小學,104年度游泳教學救生員及教練人力；106年度游泳教學救生員及教練人力；107年度游泳教學救生員及教練人力；108年度游泳教學救生員及教練人力；110年度游泳教學救生員及教練人力；111年度游泳教學救生員及教練人力；112年度游泳教學救生員及教練人力,同機關且標題核心相同，尚待人工確認是否為同一專案
candidate_08ea2e520ded,榮安公園環境維護工作開口契約,2017,2025,9,6,2444676,花蓮縣吉安鄉公所,106年度榮安公園環境維護工作(開口契約)；110年度榮安公園環境維護工作(開口契約)；111年度榮安公園環境維護工作(開口契約)；112年度榮安公園環境維護工作(開口契約)；114年度榮安公園環境維護工作 (開口契約)；115年度榮安公園環境維護工作 (開口契約),同機關且標題核心相同，尚待人工確認是否為同一專案
candidate_3485ead08551,花蓮縣政府未婚公教人員聯誼活動採購,2022,2025,4,4,2439000,花蓮縣政府,花蓮縣政府111年未婚公教人員聯誼活動採購案；花蓮縣政府112年未婚公教人員聯誼活動採購案；花蓮縣政府113年未婚公教人員聯誼活動採購案；花蓮縣政府114年未婚公教人員聯誼活動採購案,同機關且標題核心相同，尚待人工確認是否為同一專案
candidate_0e144d717d10,花蓮縣立體育場環境清潔,2022,2026,5,2,2428020,花蓮縣政府,112年度花蓮縣立體育場環境清潔勞務採購；115年度花蓮縣立體育場環境清潔勞務採購,同機關且標題核心相同，尚待人工確認是否為同一專案
candidate_3b5c7c8d4b21,強制性親職教育輔導,2016,2022,7,3,2425000,花蓮縣政府,105年度強制性親職教育輔導；110年度強制性親職教育輔導；111年度強制性親職教育輔導(後續擴充案),同機關且標題核心相同，尚待人工確認是否為同一專案
candidate_b0404bfb3366,觀光醫療行銷,2012,2013,2,2,2420000,花蓮縣衛生局,101年觀光醫療行銷計畫；102年觀光醫療行銷計畫,同機關且標題核心相同，尚待人工確認是否為同一專案
candidate_b9278ceb77f9,花蓮縣地方稅務局總局環境清潔委外服務採購,2024,2026,3,2,2417394,花蓮縣地方稅務局,花蓮縣地方稅務局「114年度總局環境清潔委外服務採購案」；花蓮縣地方稅務局「115年度總局環境清潔委外服務採購案」,同機關且標題核心相同，尚待人工確認是否為同一專案
candidate_66198b9bebbb,無線電配件耗材財物開口契約採購,2024,2025,2,2,2415700,花蓮縣消防局,113年無線電配件耗材財物開口契約採購案,同機關且標題核心相同，尚待人工確認是否為同一專案
candidate_8bd50ccf8a7f,花蓮縣警察局委外辦理煙毒尿液檢驗採購,2012,2014,3,3,2414700,花蓮縣政府,花蓮縣警察局101年度委外辦理煙毒尿液檢驗採購案；花蓮縣警察局102年度委外辦理煙毒尿液檢驗採購案；花蓮縣警察局103年度委外辦理煙毒尿液檢驗採購案,同機關且標題核心相同，尚待人工確認是否為同一專案
candidate_f1089d138595,花蓮縣警察局資訊耗材採購,2015,2017,3,4,2404800,花蓮縣政府,花蓮縣警察局104年度資訊耗材採購案；花蓮縣警察局105年度資訊耗材採購案；花蓮縣警察局106年度資訊耗材採購案,同機關且標題核心相同，尚待人工確認是否為同一專案
candidate_b66a84832f3e,花蓮縣公共區域樹木維護開口契約採購,2024,2025,2,3,2400000,花蓮縣政府,112年度花蓮縣公共區域樹木維護委託專業服務勞務採購開口契約_第一次契約變更(後續擴充)採購；112年度花蓮縣公共區域樹木維護委託專業服務勞務採購開口契約_第二次契約變更(後續擴充)採購；112年度花蓮縣公共區域樹木維護委託專業服務勞務採購開口契約_第三次契約變更(後續擴充)採購,同機關且標題核心相同，尚待人工確認是否為同一專案
candidate_0221b4dd8971,水稻葉穗稻熱病綜合防治改進藥劑採購,2013,2019,7,6,2399860,花蓮縣壽豐鄉公所,102年度水稻葉穗稻熱病綜合防治與改進計畫藥劑採購；103年度水稻葉穗稻熱病綜合防治與改進計畫藥劑採購；104年度水稻葉穗稻熱病綜合防治與改進計畫藥劑採購；105年度水稻葉穗稻熱病綜合防治與改進計畫藥劑採購；106年度水稻葉穗稻熱病綜合防治與改進計畫藥劑採購；108年度水稻葉穗稻熱病綜合防治與改進計畫藥劑採購,同機關且標題核心相同，尚待人工確認是否為同一專案
candidate_fb9e3cd427b3,花蓮縣平地鄉結核病防治胸部X光篩檢,2013,2015,3,3,2396390,花蓮縣政府,花蓮縣102年平地鄉結核病防治胸部X光篩檢；花蓮縣103年平地鄉結核病防治胸部X光篩檢；花蓮縣104年平地鄉結核病防治胸部X光篩檢,同機關且標題核心相同，尚待人工確認是否為同一專案
candidate_9f732f06093c,村鄰長政令宣導文康活動採購,2024,2025,2,2,2394000,花蓮縣壽豐鄉公所,113年度村鄰長政令宣導暨文康活動採購；114年度村鄰長政令宣導暨文康活動採購,同機關且標題核心相同，尚待人工確認是否為同一專案
candidate_e6bda2b86258,吉安國中整修學校社區化活動場所,2012,2020,9,5,2393800,花蓮縣立吉安國民中學,吉安國中整修學校社區化活動場所工程；吉安國中102年整修學校社區化活動場所工程；吉安國中103年度整修學校社區化活動場所工程；吉安國中104年整修學校社區化活動場所工程；吉安國中109年整修學校社區化活動場所工程,同機關且標題核心相同，尚待人工確認是否為同一專案
candidate_9120cb3c3fa8,花蓮縣花蓮地政事務所委託辦理圖解數化地籍圖整合建置都市地形圖套疊工作,2017,2018,2,2,2386000,花蓮縣花蓮地政事務所,花蓮縣花蓮地政事務所委託辦理106年度圖解數化地籍圖整合建置及都市計畫地形圖套疊工作；花蓮縣花蓮地政事務所委託辦理107年度圖解數化地籍圖整合建置及都市計畫地形圖套疊工作,同機關且標題核心相同，尚待人工確認是否為同一專案
candidate_ca4018f8ea4c,平和國中學生專車接駁服務,2023,2026,4,4,2385390,花蓮縣立平和國民中學,112年度平和國中學生專車接駁服務；113年度平和國中學生專車接駁服務；114年度平和國中學生專車接駁服務；115年度平和國中學生專車接駁服務,同機關且標題核心相同，尚待人工確認是否為同一專案
candidate_defe7173cd96,原住民族地方通行語傳統名稱標示補助,2022,2024,3,3,2383000,花蓮縣吉安鄉公所,111年度原住民族地方通行語及傳統名稱標示補助計畫；112年度原住民族地方通行語及傳統名稱標示補助計畫；113年度原住民族地方通行語及傳統名稱標示補助計畫,同機關且標題核心相同，尚待人工確認是否為同一專案
candidate_5589b901c816,花蓮縣幸福花蓮生活物資券印刷財物採購,2024,2026,3,3,2381024,花蓮縣政府,花蓮縣113年度「幸福花蓮」生活物資券印刷財物採購案；花蓮縣114年度「幸福花蓮」生活物資券印刷財物採購案；花蓮縣115年度「幸福花蓮」生活物資券印刷財物採購案,同機關且標題核心相同，尚待人工確認是否為同一專案
candidate_467f9beb892d,光復鄉都市雨水下水道清淤,2024,2026,3,2,2380000,花蓮縣光復鄉公所,113年度光復鄉都市計畫雨水下水道清淤工程；115年度光復鄉都市計畫雨水下水道清淤工程,同機關且標題核心相同，尚待人工確認是否為同一專案
candidate_35681da78819,花蓮縣政府社會處電腦資訊設備租賃維護,2022,2024,3,2,2376000,花蓮縣政府,111年度花蓮縣政府社會處電腦資訊設備租賃暨維護案；111年度花蓮縣政府社會處電腦資訊設備租賃暨維護案(後續擴充),同機關且標題核心相同，尚待人工確認是否為同一專案
candidate_ca4685c4303c,輸送機設備,2015,2018,4,2,2369000,花蓮縣花蓮市公所,輸送機設備,同機關且標題核心相同，尚待人工確認是否為同一專案
candidate_b65fbfa70e3f,鳳林鎮宣傳月曆採購,2019,2025,7,7,2367500,花蓮縣鳳林鎮公所,109年鳳林鎮宣傳月曆採購；110年鳳林鎮宣傳月曆採購；2022年鳳林鎮宣傳月曆採購；2023年鳳林鎮宣傳月曆採購；2024年鳳林鎮宣傳月曆採購；2025年鳳林鎮宣傳月曆採購；2026年鳳林鎮宣傳月曆採購案,同機關且標題核心相同，尚待人工確認是否為同一專案
candidate_7709abe781d4,發光二極體先進照明採購,2016,2017,2,2,2354200,花蓮縣富里鄉公所,105年度發光二極體先進照明採購案；106年發光二極體先進照明採購案,同機關且標題核心相同，尚待人工確認是否為同一專案
candidate_78b096203d3c,花蓮縣受保護樹木維護採購,2017,2018,2,2,2350000,花蓮縣政府,106年度花蓮縣受保護樹木維護委託專業服務採購案；107年度花蓮縣受保護樹木維護委託專業服務採購案,同機關且標題核心相同，尚待人工確認是否為同一專案
candidate_cb095453d3b8,光復鄉編號鄉道市區道路重要路段養護,2024,2025,2,2,2350000,花蓮縣光復鄉公所,113年度光復鄉編號鄉道及市區道路重要路段養護工程；114年度光復鄉編號鄉道及市區道路重要路段養護工程,同機關且標題核心相同，尚待人工確認是否為同一專案
candidate_04e6bffa6252,卓溪鄉編號鄉道市區道路重要路段養護,2025,2026,2,2,2350000,花蓮縣卓溪鄉公所,114年度卓溪鄉編號鄉道及市區道路重要路段養護工程；115年度卓溪鄉編號鄉道及市區道路重要路段養護工程,同機關且標題核心相同，尚待人工確認是否為同一專案
candidate_04cc48ada354,致贈70歲以上長者重陽節禮券採購,2014,2017,4,4,2347255,花蓮縣光復鄉公所,103年度致贈70歲以上長者重陽節禮券採購案；104年度致贈70歲以上長者重陽節禮券採購案；105年度致贈70歲以上長者重陽節禮券採購案；106年度致贈70歲以上長者重陽節禮券採購案,同機關且標題核心相同，尚待人工確認是否為同一專案
candidate_b6afe3f8bb13,花蓮縣政府土石採取提貨管制卡採購,2013,2023,11,6,2342900,花蓮縣政府,花蓮縣政府102年度土石採取提貨管制卡採購案；花蓮縣政府104年度土石採取提貨管制卡採購案；花蓮縣政府106年度土石採取提貨管制卡採購案；花蓮縣政府土石採取提貨管制卡採購案,同機關且標題核心相同，尚待人工確認是否為同一專案
candidate_d9ff67c49f88,基層村里鄰長政令宣導伴手禮採購,2023,2024,2,3,2335200,花蓮縣政府,112年度基層村(里)鄰長政令宣導-伴手禮採購案；113年度基層村(里)鄰長政令宣導-伴手禮採購案；114年度基層村(里)鄰長政令宣導-伴手禮採購案,同機關且標題核心相同，尚待人工確認是否為同一專案
candidate_87d6c7e557a8,新城鄉村鄰長教育訓練活動,2013,2015,3,3,2333250,花蓮縣新城鄉公所,新城鄉102年度村鄰長教育訓練活動；新城鄉103年度村鄰長教育訓練活動；新城鄉104年度村鄰長教育訓練活動,同機關且標題核心相同，尚待人工確認是否為同一專案
candidate_b5a5abe25fa1,花蓮縣農產包裝品牌輔導飲品禮盒,2024,2026,3,2,2331430,花蓮縣政府,113年花蓮縣農產包裝及品牌輔導-飲品禮盒計畫；113年花蓮縣農產包裝及品牌輔導-飲品禮盒計畫(第1次契約變更),同機關且標題核心相同，尚待人工確認是否為同一專案
candidate_f42b2809dfbb,花蓮縣政府推展縣政公關食品飲料禮盒財物採購開口契約,2013,2014,2,2,2321350,花蓮縣政府,花蓮縣政府102年度推展縣政公關-食品飲料禮盒財物採購開口契約；花蓮縣政府103年度推展縣政公關－食品飲料禮盒財物採購開口契約,同機關且標題核心相同，尚待人工確認是否為同一專案
candidate_dd6fd2ec62bb,花蓮縣衛生局綜合保健業務佰元面額禮券提貨券開口契約採購,2022,2026,5,5,2317900,花蓮縣衛生局,111年花蓮縣衛生局綜合保健業務佰元面額禮券(提貨券)開口契約採購案；112年花蓮縣衛生局綜合保健業務佰元面額禮券(提貨券)開口契約採購案；113年花蓮縣衛生局綜合保健業務佰元面額禮券(提貨券)開口契約採購案；114年花蓮縣衛生局綜合保健業務佰元面額禮券(提貨券)開口契約採購案；115年花蓮縣衛生局綜合保健業務佰元面額禮券(提貨券)開口契約採購案,同機關且標題核心相同，尚待人工確認是否為同一專案
candidate_312a7d1edf00,升旗典禮財物租賃採購,2012,2019,8,8,2305760,花蓮縣政府,102年度「升旗典禮」財物租賃採購案；103年度升旗典禮財物租賃採購案；104年度升旗典禮財物租賃採購案；105年度升旗典禮財物租賃採購案；106年度「升旗典禮」財物租賃採購案；107年度「升旗典禮」財物租賃採購案；108年度「升旗典禮」財物租賃採購案；109年度「升旗典禮」財物租賃採購案,同機關且標題核心相同，尚待人工確認是否為同一專案
candidate_a34f5b106d01,學生營養品麵包採購,2017,2026,10,8,2299726,花蓮縣立體育高級中等學校,學生營養品(麵包)採購；學生營養品（麵包）採購；學生營養品(麵包)採購後續擴充,同機關且標題核心相同，尚待人工確認是否為同一專案
candidate_c73e46663679,本鎮都市雨水下水道清淤,2013,2016,4,2,2298899,花蓮縣鳳林鎮公所,本鎮都市計畫雨水下水道清淤工程；105年度本鎮都市計畫雨水下水道清淤工程,同機關且標題核心相同，尚待人工確認是否為同一專案
candidate_c16f7c619d7f,佳民村社區部落風貌改善,2010,2011,2,2,2297000,花蓮縣秀林鄉公所,佳民村社區部落風貌改善工程,同機關且標題核心相同，尚待人工確認是否為同一專案
candidate_ffdab8622484,花蓮縣警察局資訊區域聯防監控網路警政應用系統等電腦設備維護,2015,2017,3,3,2296000,花蓮縣政府,花蓮縣警察局104年度資訊區域聯防-監控網路暨警政應用系統等電腦設備維護案；花蓮縣警察局105年度資訊區域聯防-監控網路暨警政應用系統等電腦設備維護案；花蓮縣警察局106年度資訊區域聯防-監控網路暨警政應用系統等電腦設備維護案,同機關且標題核心相同，尚待人工確認是否為同一專案
candidate_2cbc5c4d51db,村鄰長調解委員政令宣導活動採購,2020,2025,6,3,2294000,花蓮縣瑞穗鄉公所,「109年度村鄰長、調解委員政令宣導活動」採購案；112年度村鄰長、調解委員政令宣導活動採購案；「114年度村鄰長、調解委員政令宣導活動」採購案,同機關且標題核心相同，尚待人工確認是否為同一專案
candidate_a353322313d2,花蓮縣養殖漁業生產區維護管理養殖生產區小型清淤開口契約,2021,2023,3,3,2285000,花蓮縣政府,110年度花蓮縣養殖漁業生產區維護管理-養殖生產區小型工程及清淤工程(開口契約)；111年度花蓮縣養殖漁業生產區維護管理-養殖生產區小型工程及清淤工程(開口契約)；112年度花蓮縣養殖漁業生產區維護管理-養殖生產區小型工程及清淤工程開口契約,同機關且標題核心相同，尚待人工確認是否為同一專案
candidate_a3042dfb935f,花蓮縣動植物防疫所狗貓躍動園區辦公廳舍周邊環境清潔維護,2024,2025,2,2,2280600,花蓮縣動植物防疫所,花蓮縣動植物防疫所暨狗貓躍動園區113年度辦公廳舍及周邊環境清潔維護勞務採購；花蓮縣動植物防疫所暨狗貓躍動園區114年度辦公廳舍及周邊環境清潔維護勞務採購,同機關且標題核心相同，尚待人工確認是否為同一專案
candidate_7edbe36bcee6,萬榮鄉內產業道路改善,2013,2019,7,2,2280000,花蓮縣萬榮鄉公所,萬榮鄉內產業道路改善工程,同機關且標題核心相同，尚待人工確認是否為同一專案
candidate_3e065e49363e,客城排水改善,2012,2016,5,2,2280000,花蓮縣政府,客城排水改善工程,同機關且標題核心相同，尚待人工確認是否為同一專案
candidate_7b1e007a1343,花蓮縣警察局駐地監錄系統維護採購,2019,2020,2,2,2278000,花蓮縣政府,花蓮縣警察局108年度駐地監錄系統維護採購案；花蓮縣警察局109年度駐地監錄系統維護採購案,同機關且標題核心相同，尚待人工確認是否為同一專案
candidate_c2690175c22e,印製花蓮縣政府公報,2012,2022,11,11,2269688,花蓮縣政府,印製102年度花蓮縣政府公報；印製103年度花蓮縣政府公報；印製104年度花蓮縣政府公報；印製105年度花蓮縣政府公報；印製107年度花蓮縣政府公報；印製106年度花蓮縣政府公報；印製108年度花蓮縣政府公報；印製109年度花蓮縣政府公報；印製110年度花蓮縣政府公報；印製111年度花蓮縣政府公報；印製112年度花蓮縣政府公報,同機關且標題核心相同，尚待人工確認是否為同一專案
candidate_f86e60156d72,微生物檢驗試劑耗材採購,2021,2026,6,5,2267925,花蓮縣衛生局,110年微生物檢驗試劑耗材採購案；112年微生物檢驗試劑耗材採購；113年微生物檢驗試劑耗材採購；114年微生物檢驗試劑耗材採購案；115年微生物檢驗試劑耗材採購案,同機關且標題核心相同，尚待人工確認是否為同一專案
candidate_c932ebdf4975,花蓮縣身心障礙福利機構教保員初階班身心障礙者服務人員在職訓練,2020,2026,7,5,2266000,花蓮縣政府,109年度花蓮縣身心障礙福利機構教保員初階班暨身心障礙者服務人員 在職訓練；110年度花蓮縣身心障礙福利機構教保員初階班暨身心障礙者服務人員在職訓練；111年度花蓮縣身心障礙福利機構教保員初階班暨身心障礙者服務人員在職訓練；112年度花蓮縣身心障礙福利機構教保員初階班暨身心障礙者服務人員在職訓練；115年度花蓮縣身心障礙福利機構教保員初階班暨身心障礙者服務人員在職訓練,同機關且標題核心相同，尚待人工確認是否為同一專案
candidate_cc0148946d4a,秀林鄉公所廢塑膠廢橡膠混合物廢家電3C用品清運工作,2024,2026,3,3,2260600,花蓮縣秀林鄉公所,秀林鄉公所113年度廢塑膠及廢橡膠混合物、廢家電3C用品清運工作計畫；114年度秀林鄉公所廢塑膠及廢橡膠混合物、廢家電3C用品清運工作計畫；115年度秀林鄉公所廢塑膠及廢橡膠混合物、廢家電3C用品清運工作計畫,同機關且標題核心相同，尚待人工確認是否為同一專案
candidate_f522058a073f,新城鄉原住民聯合豐年節,2016,2022,7,3,2255000,花蓮縣新城鄉公所,105年度新城鄉原住民聯合豐年節勞務採購；107年度新城鄉原住民聯合豐年節勞務採購；111年度新城鄉原住民聯合豐年節勞務採購,同機關且標題核心相同，尚待人工確認是否為同一專案
candidate_d3a3876cd07b,花蓮縣災害應變中心防救災資訊系統維護,2013,2015,3,4,2250800,花蓮縣政府,102年花蓮縣災害應變中心防救災資訊系統維護案；103年花蓮縣災害應變中心防救災資訊系統維護案；104年度花蓮縣災害應變中心防救災資訊系統維護案；105年度花蓮縣災害應變中心防救災資訊系統維護案,同機關且標題核心相同，尚待人工確認是否為同一專案
candidate_c9f15e3c6d14,花蓮縣吉安鄉公所影印機租賃服務開口契約,2023,2025,3,3,2246370,花蓮縣吉安鄉公所,花蓮縣吉安鄉公所112年度影印機租賃服務案(開口契約)；花蓮縣吉安鄉公所112年度影印機租賃服務案(開口契約)-第1次後續擴充；花蓮縣吉安鄉公所114年度影印機租賃服務案(開口契約),同機關且標題核心相同，尚待人工確認是否為同一專案
candidate_974e481da8a1,花蓮縣萬榮鄉公所各課室行政業務用租賃公務車輛採購,2021,2024,4,2,2245540,花蓮縣萬榮鄉公所,111年度花蓮縣萬榮鄉公所各課室行政業務用租賃公務車輛採購案；113年度花蓮縣萬榮鄉公所各課室行政業務用租賃公務車輛採購案,同機關且標題核心相同，尚待人工確認是否為同一專案
candidate_ab85ba77b8c6,嘉里國小基層運動選手訓練站訓練器材設備購置,2024,2025,2,2,2241000,花蓮縣新城鄉嘉里國民小學,嘉里國小113年度基層運動選手訓練站訓練器材設備購置；嘉里國小114年度基層運動選手訓練站訓練器材設備購置,同機關且標題核心相同，尚待人工確認是否為同一專案
candidate_feb0f2a89e98,花蓮縣警察局警察機關資訊區域聯防系統監控網路系統警政應用系統電腦系統設備維護,2018,2020,3,3,2237000,花蓮縣政府,花蓮縣警察局107年度警察機關資訊區域聯防系統-監控網路系統暨警政應用系統電腦系統設備維護案；花蓮縣警察局108年度警察機關資訊區域聯防系統-監控網路系統暨警政應用系統電腦系統設備維護案；花蓮縣警察局109年度警察機關資訊區域聯防系統-監控網路系統暨警政應用系統電腦系統設備維護案,同機關且標題核心相同，尚待人工確認是否為同一專案
candidate_f597ad9d6bb5,編號鄉道市區道路重要路段養護開口契約,2010,2026,17,2,2236000,花蓮縣豐濱鄉公所,編號鄉道及市區道路重要路段養護工程開口契約案；115年度編號鄉道及市區道路重要路段養護工程開口契約,同機關且標題核心相同，尚待人工確認是否為同一專案
candidate_f14d42d1d25a,協勤民力等人員投保團體福利壽險採購,2011,2012,2,2,2228020,花蓮縣政府,100年度協勤民力等人員投保團體福利壽險採購案；101年度協勤民力等人員投保團體福利壽險採購案,同機關且標題核心相同，尚待人工確認是否為同一專案
candidate_e969a05fc7ab,富世村可樂部落排水溝改善,2011,2020,10,3,2226500,花蓮縣秀林鄉公所,富世村可樂部落排水溝改善工程,同機關且標題核心相同，尚待人工確認是否為同一專案
candidate_8a95992751e5,花蓮縣秀林鄉各村村校聯合運動大會活動競賽獎品採購,2020,2022,3,2,2219484,花蓮縣秀林鄉公所,花蓮縣秀林鄉109年度各村村校聯合運動大會-活動競賽獎品採購案；花蓮縣秀林鄉111年度各村村校聯合運動大會-活動競賽獎品採購案,同機關且標題核心相同，尚待人工確認是否為同一專案
candidate_daf7f78d7993,社區文化繪本創意故事,2011,2012,2,2,2219000,花蓮縣文化局,社區文化繪本創意故事計畫；101年社區文化繪本創意故事計畫,同機關且標題核心相同，尚待人工確認是否為同一專案
candidate_172691cbf904,花蓮縣流浪犬中途之家犬舍清潔維護犬隻餵飼,2014,2020,7,7,2208800,花蓮縣動植物防疫所,花蓮縣流浪犬中途之家犬舍清潔維護及犬隻餵飼勞務採購；105年度花蓮縣流浪犬中途之家犬舍清潔維護及犬隻餵飼勞務採購；106年度花蓮縣流浪犬中途之家犬舍清潔維護及犬隻餵飼勞務採購；107年度花蓮縣流浪犬中途之家犬舍清潔維護及犬隻餵飼勞務採購；108年度花蓮縣流浪犬中途之家犬舍清潔維護及犬隻餵飼勞務採購；109年度花蓮縣流浪犬中途之家犬舍清潔維護及犬隻餵飼勞務採購,同機關且標題核心相同，尚待人工確認是否為同一專案
candidate_0e86cb420d50,清潔隊各型車輛輪胎維修,2013,2014,2,3,2208700,花蓮縣吉安鄉公所,102年度清潔隊各型車輛輪胎維修；103年度清潔隊各型車輛輪胎維修；104年度清潔隊各型車輛輪胎維修,同機關且標題核心相同，尚待人工確認是否為同一專案
candidate_df43eb9e070b,佳民部落牆面入口意象,2012,2014,3,2,2200000,花蓮縣秀林鄉公所,佳民部落牆面及入口意象工程；佳民部落牆面及入口意象第三期工程,同機關且標題核心相同，尚待人工確認是否為同一專案
candidate_2f4ff57c771e,花蓮縣政府辦理弱勢民眾住宅修繕,2022,2023,2,2,2200000,花蓮縣政府,花蓮縣政府辦理弱勢民眾住宅修繕計畫；花蓮縣政府辦理弱勢民眾住宅修繕計畫(後續擴充),同機關且標題核心相同，尚待人工確認是否為同一專案
candidate_f87970e1cc59,光復鄉區域排水一般排水清淤,2024,2026,3,3,2198800,花蓮縣光復鄉公所,113年度光復鄉區域排水及一般排水清淤工程；114年度光復鄉區域排水及一般排水清淤工程；115年度光復鄉區域排水及一般排水清淤工程,同機關且標題核心相同，尚待人工確認是否為同一專案
candidate_38fe0ec89ccc,鳳林鎮跨年晚會活動舞台燈光音響等設備租賃採購,2020,2025,6,6,2195950,花蓮縣鳳林鎮公所,鳳林鎮109年跨年晚會活動舞台燈光音響等設備租賃採購案；鳳林鎮110年跨年晚會活動舞台燈光音響等設備租賃採購案；鳳林鎮111年跨年晚會活動舞台燈光音響等設備租賃採購案；鳳林鎮112年跨年晚會活動舞台燈光音響等設備租賃採購案；鳳林鎮113年跨年晚會活動舞台燈光音響等設備租賃採購案；鳳林鎮114年跨年晚會活動舞台燈光音響等設備租賃採購案,同機關且標題核心相同，尚待人工確認是否為同一專案
candidate_a965daf58fc0,佳民村道路改善,2012,2018,7,2,2190000,花蓮縣秀林鄉公所,佳民村道路改善工程,同機關且標題核心相同，尚待人工確認是否為同一專案
candidate_4087efa9e694,本府行政研考處總收發文庶務臨時交辦等勞務工作,2020,2025,6,6,2190000,花蓮縣政府,110年度本府(行政暨研考處)總收發文及庶務臨時交辦等勞務工作；111年度本府(行政暨研考處)總收發文及庶務臨時交辦等勞務工作；112年度本府(行政暨研考處)總收發文及庶務臨時交辦等勞務工作；113年度本府(行政暨研考處)總收發文及庶務臨時交辦等勞務工作；114年度本府(行政暨研考處)總收發文及庶務臨時交辦等勞務工作；115年度本府(行政暨研考處)總收發文及庶務臨時交辦等勞務工作,同機關且標題核心相同，尚待人工確認是否為同一專案
candidate_5b7dbe35781d,花蓮縣消防局消防人員職員鞋品含皮鞋休閒鞋採購,2020,2026,7,4,2187700,花蓮縣消防局,花蓮縣消防局109年度消防人員及職員鞋品(含皮鞋、休閒鞋)採購案；花蓮縣消防局110年度消防人員及職員鞋品(含皮鞋、休閒鞋)採購案；花蓮縣消防局112年度消防人員及職員鞋品(含皮鞋、休閒鞋)採購案；花蓮縣消防局115年消防人員及職員鞋品（含皮鞋、休閒鞋）採購案,同機關且標題核心相同，尚待人工確認是否為同一專案
candidate_724e76ead7d0,花蓮縣立美崙國中學生校外教學活動,2010,2012,3,2,2185152,花蓮縣政府,花蓮縣立美崙國中『99年學生校外教學活動』；花蓮縣立美崙國中101年學生校外教學活動勞務採購案,同機關且標題核心相同，尚待人工確認是否為同一專案
candidate_f9c5038bd6bf,重光文健站陶樸閣文健站友善空間整建,2022,2023,2,2,2185000,花蓮縣秀林鄉公所,重光文健站及陶樸閣文健站友善空間整建工程；112年度重光文健站及陶樸閣文健站友善空間整建工程,同機關且標題核心相同，尚待人工確認是否為同一專案
candidate_832b1249d36a,花蓮縣動植物防疫所試驗室辦公廳舍環境清潔維護,2014,2020,7,8,2183276,花蓮縣動植物防疫所,花蓮縣動植物防疫所103年度試驗室及辦公廳舍環境清潔維護勞務採購；花蓮縣動植物防疫所104年度試驗室及辦公廳舍環境清潔維護勞務採購；花蓮縣動植物防疫所105年度試驗室及辦公廳舍環境清潔維護勞務採購；花蓮縣動植物防疫所106年度試驗室及辦公廳舍環境清潔維護勞務採購；花蓮縣動植物防疫所107年度試驗室及辦公廳舍環境清潔維護勞務採購；花蓮縣動植物防疫所108年度試驗室及辦公廳舍環境清潔維護勞務採購；花蓮縣動植物防疫所109年度試驗室及辦公廳舍環境清潔維護勞務採購；花蓮縣動植物防疫所110年度試驗室及辦公廳舍環境清潔維護勞務採購,同機關且標題核心相同，尚待人工確認是否為同一專案
candidate_12ac4f6ba5f6,慶豐村活動中心增建,2011,2015,5,2,2175000,花蓮縣吉安鄉公所,慶豐村活動中心增建計畫工程；慶豐村活動中心增建工程,同機關且標題核心相同，尚待人工確認是否為同一專案
candidate_bb0daab6b68c,花蓮溪水系花蓮溪支流壽豐溪匯流處附近河段疏濬委託設計技術服務工作,2014,2017,4,2,2174920,花蓮縣政府,103年度花蓮溪水系花蓮溪與支流壽豐溪匯流處附近河段疏濬工程委託設計技術服務工作；106年度花蓮溪水系花蓮溪與支流壽豐溪匯流處附近河段疏濬工程委託設計技術服務工作,同機關且標題核心相同，尚待人工確認是否為同一專案
candidate_368c678687b2,清潔隊車輛機具維修保養採購開口契約,2022,2025,4,4,2172106,花蓮縣新城鄉公所,112年度清潔隊車輛(機具)維修(保養)採購開口契約；113年度清潔隊車輛(機具)維修(保養)採購開口契約；114年度清潔隊車輛(機具)維修(保養)採購開口契約；115年度清潔隊車輛(機具)維修(保養)採購開口契約,同機關且標題核心相同，尚待人工確認是否為同一專案
candidate_53582610e3bd,花蓮縣政府委託辦理身心障礙者職業輔導評量服務,2012,2016,5,5,2165815,花蓮縣政府,花蓮縣政府101年度委託辦理「身心障礙者職業輔導評量服務計畫案」；花蓮縣政府102年度委託辦理「身心障礙者職業輔導評量服務計畫案」；花蓮縣政府103年度委託辦理「身心障礙者職業輔導評量服務計畫案」；花蓮縣政府104年度委託辦理「身心障礙者職業輔導評量服務計畫案」；花蓮縣政府委託辦理105年度「身心障礙者職業輔導評量服務計畫案」,同機關且標題核心相同，尚待人工確認是否為同一專案
candidate_8204085b6619,花蓮縣政府父母親節表揚獎座設計製作,2023,2026,4,3,2162000,花蓮縣政府,花蓮縣政府112年父母親節表揚獎座設計製作；花蓮縣政府114年父母親節表揚獎座設計製作；花蓮縣政府115年父母親節表揚獎座設計製作,同機關且標題核心相同，尚待人工確認是否為同一專案
candidate_65abac61ff47,編印鄉務期刊採購,2024,2025,2,3,2160650,花蓮縣吉安鄉公所,113年編印鄉務期刊採購案；114年編印鄉務期刊採購案(後續擴充)；115年編印鄉務期刊採購案,同機關且標題核心相同，尚待人工確認是否為同一專案
candidate_00f9f114b620,體育班績效優良採購,2020,2021,2,2,2158200,花蓮縣政府,109年度體育班績效優良採購；110年體育班績效優良採購,同機關且標題核心相同，尚待人工確認是否為同一專案
candidate_d5d554e1618b,平和國中學生專車接駁服務,2019,2022,4,4,2157420,花蓮縣政府,108年度平和國中學生專車接駁服務；109年度平和國中學生專車接駁服務；110年度平和國中學生專車接駁服務；111年度平和國中學生專車接駁服務,同機關且標題核心相同，尚待人工確認是否為同一專案
candidate_9e554de8485c,花蓮縣海洋保育類野生動物救援,2023,2026,4,4,2145000,花蓮縣政府,112年花蓮縣海洋保育類野生動物救援計畫；113年花蓮縣海洋保育類野生動物救援計畫；114年花蓮縣海洋保育類野生動物救援計畫勞務採購案；115年花蓮縣海洋保育類野生動物救援計畫勞務採購案,同機關且標題核心相同，尚待人工確認是否為同一專案
candidate_e5f448a4f59e,圖書採購,2020,2021,2,2,2143000,花蓮縣文化局,109年圖書採購；110年圖書採購,同機關且標題核心相同，尚待人工確認是否為同一專案
candidate_fd00631f57e2,義消總隊鳳凰志工大隊觀摩訓練,2014,2017,4,3,2137475,花蓮縣消防局,103年度義消總隊鳳凰志工大隊觀摩訓練勞務採購案；105年度義消總隊鳳凰志工大隊觀摩訓練案；106年度義消總隊鳳凰志工大隊觀摩訓練案,同機關且標題核心相同，尚待人工確認是否為同一專案
candidate_a26edb21e90c,建置國民中小學教育資料庫之試卷印製光碟複製裝箱運送,2022,2026,5,3,2136050,花蓮縣花蓮市中原國民小學,111年度建置國民中小學教育資料庫之試卷印製、光碟複製及裝箱運送勞務採購；114年度建置國民中小學教育資料庫之試卷印製、光碟複製及裝箱運送勞務採購案；115年度建置國民中小學教育資料庫之試卷印製、光碟複製及裝箱運送勞務採購案,同機關且標題核心相同，尚待人工確認是否為同一專案
candidate_caf6cd103574,《洄瀾文訊》月刊出版,2018,2019,2,2,2136000,花蓮縣文化局,108年《洄瀾文訊》月刊出版計畫勞務採購案；109年《洄瀾文訊》月刊出版計畫勞務採購案,同機關且標題核心相同，尚待人工確認是否為同一專案
candidate_af16d291e0f5,宜昌國小網球場整修,2013,2018,6,2,2133141,花蓮縣吉安鄉宜昌國民小學,宜昌國小網球場整修工程,同機關且標題核心相同，尚待人工確認是否為同一專案
candidate_52b0dbdd0a40,縣長行程影像錄製,2010,2011,2,2,2130000,花蓮縣政府,99年縣長行程影像錄製委託專業服務案；100年縣長行程影像錄製委託專業服務案,同機關且標題核心相同，尚待人工確認是否為同一專案
candidate_119faa264af4,豐坪村溪口大排淨水,2011,2012,2,2,2120000,花蓮縣壽豐鄉公所,豐坪村溪口大排淨水工程,同機關且標題核心相同，尚待人工確認是否為同一專案
candidate_31ef3d503b6e,富里鄉公所災害搶修,2010,2011,2,2,2119500,花蓮縣富里鄉公所,富里鄉公所99年度災害搶修工程；富里鄉公所100年度災害搶修工程,同機關且標題核心相同，尚待人工確認是否為同一專案
candidate_49cd042603b1,自動心臟電擊去顫器心臟電擊去顫器之週邊耗材購置,2012,2013,2,2,2108000,花蓮縣政府,101年自動心臟電擊去顫器及心臟電擊去顫器之週邊耗材購置案；102年自動心臟電擊去顫器及心臟電擊去顫器之週邊耗材購置案,同機關且標題核心相同，尚待人工確認是否為同一專案
candidate_497c13e97f73,花蓮市里鄰長文康活動,2013,2015,3,3,2100800,花蓮縣花蓮市公所,102年度花蓮市里鄰長文康活動；103年度花蓮市里鄰長文康活動；104年度花蓮市里鄰長文康活動,同機關且標題核心相同，尚待人工確認是否為同一專案
candidate_283817aa4897,花蓮縣老人生活狀況福利需求調查,2019,2024,6,2,2100000,花蓮縣政府,108年度花蓮縣老人生活狀況與福利需求調查；113年花蓮縣老人生活狀況與福利需求調查,同機關且標題核心相同，尚待人工確認是否為同一專案
candidate_fc735091e752,花蓮縣富里鄉富里米農特產品創新行銷,2018,2019,2,2,2100000,花蓮縣富里鄉公所,107年度花蓮縣富里鄉富里米暨農特產品創新行銷計畫；108年度花蓮縣富里鄉富里米暨農特產品創新行銷計畫,同機關且標題核心相同，尚待人工確認是否為同一專案
candidate_ef25a8430363,花蓮警光會館盥洗清潔等用品採購,2012,2014,3,3,2096130,花蓮縣政府,花蓮警光會館101年度盥洗清潔等用品採購案；花蓮警光會館102年度盥洗清潔等用品採購案；花蓮警光會館103年度盥洗清潔等用品採購案,同機關且標題核心相同，尚待人工確認是否為同一專案
candidate_2f03e8410479,花蓮縣政府山坡地非農業使用水土保持委託施工檢查,2011,2020,10,5,2096060,花蓮縣政府,花蓮縣政府山坡地非農業使用水土保持計畫委託施工檢查；101年度花蓮縣政府山坡地非農業使用水土保持計畫委託施工檢查；109年度花蓮縣政府山坡地非農業使用水土保持計畫委託施工檢查勞務採購；108年度花蓮縣政府山坡地非農業使用水土保持計畫委託施工檢查勞務採購,同機關且標題核心相同，尚待人工確認是否為同一專案
candidate_cda7da52907e,花蓮縣衛生局衛生業務宣導品開口契約採購,2023,2025,3,4,2092110,花蓮縣衛生局,112年花蓮縣衛生局衛生業務宣導品開口契約採購案；113年花蓮縣衛生局衛生業務宣導品開口契約採購案；114年花蓮縣衛生局衛生業務宣導品開口契約採購案,同機關且標題核心相同，尚待人工確認是否為同一專案
candidate_579cae4be1f4,秀林鄉防範天然災害7人座以上租賃車開口契約,2017,2025,9,8,2090520,花蓮縣秀林鄉公所,秀林鄉106年度防範天然災害7人座以上租賃車開口契約；秀林鄉108年度防範天然災害7人座以上租賃車開口契約；秀林鄉109年度防範天然災害7人座以上租賃車開口契約；秀林鄉110年度防範天然災害7人座以上租賃車開口契約；秀林鄉111年度防範天然災害7人座以上租賃車開口契約；秀林鄉112年度防範天然災害7人座以上租賃車開口契約；秀林鄉113年度防範天然災害7人座以上租賃車開口契約；秀林鄉114年度防範天然災害7人座以上租賃車開口契約,同機關且標題核心相同，尚待人工確認是否為同一專案
candidate_c47b9397cd26,豐濱鄉編號鄉道市區道路重要路段養護開口契約,2021,2022,2,2,2086000,花蓮縣豐濱鄉公所,豐濱鄉110年度編號鄉道及市區道路重要路段養護工程開口契約；豐濱鄉111年度編號鄉道及市區道路重要路段養護工程開口契約,同機關且標題核心相同，尚待人工確認是否為同一專案
candidate_fcb428928ea9,明利文化健康站友善空間整建,2019,2020,2,2,2082845,花蓮縣政府,明利文化健康站友善空間整建工程；明利文化健康站友善空間整建工程(第一次變更設計),同機關且標題核心相同，尚待人工確認是否為同一專案
candidate_5f4e6f917646,部落花卉植栽綠美化行道樹補植移植,2013,2014,2,2,2076585,花蓮縣花蓮市公所,102年度部落花卉植栽綠美化及行道樹補植、移植工程；103年度部落花卉植栽綠美化及行道樹補植、移植工程,同機關且標題核心相同，尚待人工確認是否為同一專案
candidate_929582b0c95f,秀林鄉法律顧問採購,2022,2026,5,5,2076000,花蓮縣秀林鄉公所,秀林鄉111年度法律顧問計畫採購；秀林鄉112年度法律顧問計畫採購；秀林鄉113年度法律顧問計畫採購；秀林鄉114年度法律顧問計畫採購；秀林鄉115年度法律顧問計畫採購,同機關且標題核心相同，尚待人工確認是否為同一專案
candidate_d55d157e2b17,花蓮縣政府委託辦理未成年懷孕處遇服務,2020,2021,2,2,2076000,花蓮縣政府,花蓮縣政府委託辦理109年度未成年懷孕處遇服務計畫；花蓮縣政府委託辦理「110年度未成年懷孕處遇服務計畫」,同機關且標題核心相同，尚待人工確認是否為同一專案
candidate_911b124ff410,花蓮縣中低收入老人特別照顧津貼督導訪視服務,2018,2022,5,5,2073200,花蓮縣政府,107年度花蓮縣中低收入老人特別照顧津貼督導訪視服務計畫；108年度花蓮縣中低收入老人特別照顧津貼督導訪視服務計畫；花蓮縣中低收入老人特別照顧津貼督導訪視服務,同機關且標題核心相同，尚待人工確認是否為同一專案
candidate_fbb1f7f90233,花蓮縣政府周邊環境園藝綠美化契約,2020,2022,3,3,2069950,花蓮縣政府,109年度花蓮縣政府周邊環境園藝綠美化勞務採購契約；110年度花蓮縣政府周邊環境園藝綠美化勞務採購契約；111年度花蓮縣政府周邊環境園藝綠美化勞務採購契約,同機關且標題核心相同，尚待人工確認是否為同一專案
candidate_c250544645a0,玉里鎮區域排水一般排水清淤,2013,2026,14,4,2067500,花蓮縣玉里鎮公所,玉里鎮區域排水及一般排水清淤工程；109年度玉里鎮區域排水及一般排水清淤工程；玉里鎮111年度區域排水及一般排水清淤工程；115年度玉里鎮區域排水及一般排水清淤工程,同機關且標題核心相同，尚待人工確認是否為同一專案
candidate_690d5efedaf6,衛星定位儀接收儀一套,2018,2021,4,3,2066000,花蓮縣政府,衛星定位儀接收儀一套,同機關且標題核心相同，尚待人工確認是否為同一專案
candidate_c058d93d2b0c,萬榮鄉各村公墓環境清潔刈草樹木修剪,2022,2026,5,4,2064330,花蓮縣萬榮鄉公所,111年度萬榮鄉各村公墓環境清潔、刈草及樹木修剪勞務採購案；112年度萬榮鄉各村公墓環境清潔、刈草及樹木修剪勞務採購；113年度萬榮鄉各村公墓環境清潔、刈草及樹木修剪勞務採購案；115年度萬榮鄉各村公墓環境清潔、刈草及樹木修剪勞務採購,同機關且標題核心相同，尚待人工確認是否為同一專案
candidate_f3941b0902bb,豐濱鄉都市雨水下水道清淤,2018,2019,2,2,2060000,花蓮縣豐濱鄉公所,豐濱鄉107年度都市計畫雨水下水道清淤工程；豐濱鄉108年度都市計畫雨水下水道清淤工程,同機關且標題核心相同，尚待人工確認是否為同一專案
candidate_28ab536d6dbd,秀林鄉各村聯絡道路養護,2024,2025,2,2,2060000,花蓮縣秀林鄉公所,113年度秀林鄉各村聯絡道路養護工程；114年度秀林鄉各村聯絡道路養護工程,同機關且標題核心相同，尚待人工確認是否為同一專案
candidate_70f35d5165fe,學生營養品鮮乳採購,2016,2025,10,8,2057033,花蓮縣立體育高級中等學校,學生營養品(鮮乳)採購；學生營養品（鮮乳）採購,同機關且標題核心相同，尚待人工確認是否為同一專案
candidate_7ef24d923f80,花蓮縣建築物昇降設備機械停車設備安全檢查結果抽驗委託,2014,2026,13,9,2051700,花蓮縣政府,103年度花蓮縣建築物昇降設備及機械停車設備安全檢查結果抽驗委託；107年度花蓮縣建築物昇降設備及機械停車設備安全檢查結果抽驗委託；108年度花蓮縣建築物昇降設備及機械停車設備安全檢查結果抽驗委託；109年度花蓮縣建築物昇降設備及機械停車設備安全檢查結果抽驗委託；110年度花蓮縣建築物昇降設備及機械停車設備安全檢查結果抽驗委託；112年度花蓮縣建築物昇降設備及機械停車設備安全檢查結果抽驗委託；113年度花蓮縣建築物昇降設備及 機械停車設備安全檢查結果抽驗委託；114年度花蓮縣建築物昇降設備及機械停車設備安全檢查結果抽驗委託；115年度花蓮縣建築物昇降設備及機械停車設備安全檢查結果抽驗委託,同機關且標題核心相同，尚待人工確認是否為同一專案
candidate_88708c8a8e22,全鄉反光鏡路牌道路標誌標線設置維護開口契約,2021,2022,2,4,2050000,花蓮縣新城鄉公所,110年度全鄉反光鏡、路牌、道路標誌標線設置及維護開口契約；111年度全鄉反光鏡、路牌、道路標誌標線設置及維護開口契約；111年度全鄉反光鏡、路牌、道路標誌標線設置及維護開口契約(第一次後續擴充),同機關且標題核心相同，尚待人工確認是否為同一專案
candidate_f73aaadcd861,加強公務和諧連繫七彩玉藝品採購開口契約,2020,2022,3,4,2049580,花蓮縣政府,109年度加強公務和諧連繫－七彩玉藝品採購(開口契約)；110年加強公務和諧連繫-七彩玉藝品採購(開口契約)；111年度加強公務和諧連繫-七彩玉藝品採購(開口契約)；111年度加強公務和諧連繫-七彩玉藝品採購(開口契約)後續擴充案,同機關且標題核心相同，尚待人工確認是否為同一專案
candidate_00630ff51c7c,花蓮縣全縣社區全民聯合運動會服裝採購,2018,2025,8,7,2048712,花蓮縣萬榮鄉公所,107年花蓮縣全縣暨社區全民聯合運動會服裝採購；108年花蓮縣全縣暨社區全民聯合運動會服裝採購；109年花蓮縣全縣暨社區全民聯合運動會服裝採購；110年花蓮縣全縣暨社區全民聯合運動會服裝採購；112年花蓮縣全縣暨社區全民聯合運動會服裝採購案；113年花蓮縣全縣暨社區全民聯合運動會服裝採購；114年花蓮縣全縣暨社區全民聯合運動會服裝採購,同機關且標題核心相同，尚待人工確認是否為同一專案
candidate_a6d88a313841,豐田農地重劃區壽農段農路改善,2015,2016,2,2,2047000,花蓮縣壽豐鄉公所,104年度豐田農地重劃區壽農段農路改善工程；105年豐田農地重劃區壽農段農路改善工程,同機關且標題核心相同，尚待人工確認是否為同一專案
candidate_444c37ede903,災害搶險搶修開口契約,2019,2021,3,3,2040000,花蓮縣鳳林鎮公所,108年度災害搶險搶修開口契約；109年度災害搶險搶修開口契約；110年度災害搶險搶修開口契約,同機關且標題核心相同，尚待人工確認是否為同一專案
candidate_2fcbfba4a3a7,全國中等學校運動會宣傳服裝採購,2021,2022,2,2,2037000,花蓮縣政府,111年全國中等學校運動會宣傳服裝採購案；111年全國中等學校運動會宣傳服裝採購後續擴充案,同機關且標題核心相同，尚待人工確認是否為同一專案
candidate_c9355ced39c8,日本盛岡市參訪交流活動,2022,2024,3,3,2033110,花蓮縣花蓮市公所,2022年日本盛岡市參訪交流活動；2023年日本盛岡市參訪交流活動；2024年日本盛岡市參訪交流活動,同機關且標題核心相同，尚待人工確認是否為同一專案
candidate_6324031a14c6,磯崎文化健康站等3件友善空間整建,2021,2022,2,2,2029500,花蓮縣豐濱鄉公所,110年度磯崎文化健康站等3件友善空間整建工程；110年度磯崎文化健康站等3件友善空間整建工程變更設計,同機關且標題核心相同，尚待人工確認是否為同一專案
candidate_8cbd22f474bd,秀林鄉青少年文化成長營活動採購,2011,2013,3,2,2027500,花蓮縣秀林鄉公所,秀林鄉100年度青少年文化成長營活動採購；秀林鄉2013年青少年文化成長營活動採購,同機關且標題核心相同，尚待人工確認是否為同一專案
candidate_d0007faac8b8,花蓮縣警察局汰換交流防空警報器採購,2020,2022,3,3,2024800,花蓮縣政府,花蓮縣警察局109年度汰換交流防空警報器採購案；花蓮縣警察局110年度汰換交流防空警報器採購案；花蓮縣警察局111年度汰換交流防空警報器採購案,同機關且標題核心相同，尚待人工確認是否為同一專案
candidate_c2709782b2a9,衛星定位接收儀一套,2015,2017,3,3,2024000,花蓮縣政府,衛星定位接收儀一套,同機關且標題核心相同，尚待人工確認是否為同一專案
candidate_1588cda1885e,元宵節圓滿小提燈財物採購,2017,2019,3,4,2022800,花蓮縣政府,「106年元宵節圓滿小提燈」財物採購；107年元宵節圓滿小提燈財物採購案；109年元宵節圓滿小提燈財物採購案,同機關且標題核心相同，尚待人工確認是否為同一專案
candidate_be7bc6f0a81b,家庭暴力被害人後續追蹤輔導服務,2015,2016,2,2,2014000,花蓮縣政府,104年度家庭暴力被害人後續追蹤輔導服務；105年度家庭暴力被害人後續追蹤輔導服務,同機關且標題核心相同，尚待人工確認是否為同一專案
candidate_de99f9392f1c,花蓮縣警察局SUNHOUSE廠牌AC100型酒精測試器校正查核採購,2021,2022,2,2,2013000,花蓮縣警察局,花蓮縣警察局110年度SUNHOUSE廠牌AC-100型酒精測試器校正及查核採購案；花蓮縣警察局111年度SUNHOUSE廠牌AC-100型酒精測試器校正及查核採購案,同機關且標題核心相同，尚待人工確認是否為同一專案
candidate_ec6f9b367c08,花蓮原鄉e市集網站維運行銷,2021,2024,4,2,2010000,花蓮縣政府,110年花蓮原鄉e市集網站維運及行銷計畫；「113年花蓮原鄉e市集網站維運及行銷計畫」委託專業服務勞務採購案,同機關且標題核心相同，尚待人工確認是否為同一專案
candidate_866b969abbbb,水源村產業道路改善,2010,2011,2,2,2010000,花蓮縣秀林鄉公所,水源村產業道路改善工程,同機關且標題核心相同，尚待人工確認是否為同一專案
candidate_52831a72119d,加強綠建築推動建立綠建築審核抽查作業,2015,2016,2,2,2007699,花蓮縣政府,104年度加強綠建築推動-建立綠建築審核及抽查作業計畫；105年度加強綠建築推動計畫-建立綠建築審核及抽查作業計畫,同機關且標題核心相同，尚待人工確認是否為同一專案
candidate_da418e638e90,基層村里鄰長政令宣導家電摸彩品採購,2024,2026,3,2,2006700,花蓮縣政府,114年度基層村(里)鄰長政令宣導-家電摸彩品採購案；115年度基層村(里)鄰長政令宣導-家電摸彩品採購案,同機關且標題核心相同，尚待人工確認是否為同一專案
candidate_d8cfebb901f3,清潔隊重機械車輛維修開口契約,2017,2023,7,10,2000000,花蓮縣壽豐鄉公所,106年度清潔隊重機械車輛維修開口契約；107年度清潔隊重機械車輛維修開口契約；108年度清潔隊重機械車輛維修開口契約；108年度清潔隊重機械車輛維修第二次開口契約；109年度清潔隊重機械車輛維修開口契約；109年度清潔隊重機械車輛維修第二次開口契約；110年度清潔隊重機械車輛維修開口契約；111年度清潔隊重機械車輛維修開口契約；112年度清潔隊重機械車輛維修(開口契約)；113年度清潔隊重機械車輛維修(開口契約),同機關且標題核心相同，尚待人工確認是否為同一專案
candidate_a7fde2088060,花蓮縣兒童少年生活狀況需求調查,2021,2025,5,2,2000000,花蓮縣政府,110年花蓮縣兒童及少年生活狀況與需求調查計畫；114年花蓮縣兒童及少年生活狀況與需求調查計畫,同機關且標題核心相同，尚待人工確認是否為同一專案
candidate_f138c49fcd31,美崙山公園廣場步道等設施整修,2019,2020,2,2,1995000,花蓮縣政府,美崙山公園廣場及步道等設施整修工程；美崙山公園廣場及步道等設施整修工程(第一次變更設計),同機關且標題核心相同，尚待人工確認是否為同一專案
candidate_7ea7228568b3,花蓮溪口馬太鞍重要濕地之規劃經營管理審查處分作業擴充,2021,2023,3,2,1990000,花蓮縣政府,花蓮溪口、馬太鞍重要濕地之規劃、經營管理、審查及處分作業案（第3期）擴充計畫；花蓮溪口、馬太鞍重要濕地之規劃、經營管理、審查及處分作業案（第5期）擴充計畫,同機關且標題核心相同，尚待人工確認是否為同一專案
candidate_362bec9dde15,鳳林鎮里鄰長基層建設環境教育政令宣導活動採購,2018,2019,2,2,1990000,花蓮縣鳳林鎮公所,鳳林鎮107年度里鄰長基層建設暨環境教育政令宣導活動採購案；鳳林鎮108年度里鄰長基層建設暨環境教育政令宣導活動採購案,同機關且標題核心相同，尚待人工確認是否為同一專案
candidate_1af5c53129f1,卓溪鄉鄉運活動採購,2017,2022,6,3,1985500,花蓮縣卓溪鄉公所,卓溪鄉106年度鄉運活動委託專業服務採購案；卓溪鄉109年度鄉運活動委託專業服務採購案；卓溪鄉111年度鄉運活動委託專業服務採購案,同機關且標題核心相同，尚待人工確認是否為同一專案
candidate_a6ea5449bdff,中文圖書採購,2024,2025,2,2,1982540,花蓮縣文化局,113年中文圖書採購；114年中文圖書採購,同機關且標題核心相同，尚待人工確認是否為同一專案
candidate_aa584701acd5,花蓮縣身心障礙福利服務中心室內裝修委託監造含使用類別變更,2021,2022,2,2,1980937,花蓮縣政府,花蓮縣身心障礙福利服務中心室內裝修委託規劃設計及監造含使用類別變更,同機關且標題核心相同，尚待人工確認是否為同一專案
candidate_08205fd29bb0,花蓮縣消防局推動建置臺灣民間自主緊急應變隊中程專管理勞務委託服務,2024,2026,3,3,1980559,花蓮縣消防局,花蓮縣消防局推動113年建置臺灣民間自主緊急應變隊中程計畫專案管理勞務委託服務案；花蓮縣消防局推動114年建置臺灣民間自主緊急應變隊中程計畫專案管理勞務委託服務案；花蓮縣消防局推動115年建置臺灣民間自主緊急應變隊中程計畫專案管理勞務委託服務案,同機關且標題核心相同，尚待人工確認是否為同一專案
candidate_ca64d85f09f6,玉里國中籃排球運動場整建,2022,2023,2,2,1973479,花蓮縣立玉里國民中學,玉里國中111年籃排球運動場整建工程委託技術服務採購；玉里國中111年籃排球運動場整建工程(第一次變更設計),同機關且標題核心相同，尚待人工確認是否為同一專案
candidate_83f87e355a7b,芭崎部落路面改善,2023,2024,2,2,1970593,花蓮縣政府,芭崎部落路面改善工程；芭崎部落路面改善工程第一次變更設計,同機關且標題核心相同，尚待人工確認是否為同一專案
candidate_9cc159167399,秀林鄉政令宣導記事手冊採購,2010,2011,2,2,1970000,花蓮縣秀林鄉公所,秀林鄉政令宣導記事手冊採購；秀林鄉101年政令宣導記事手冊採購,同機關且標題核心相同，尚待人工確認是否為同一專案
candidate_15997183235d,花蓮縣衛生局傳染病檢體運送,2021,2025,5,3,1965000,花蓮縣衛生局,110年花蓮縣衛生局傳染病檢體運送；113年花蓮縣衛生局傳染病檢體運送；114年花蓮縣衛生局傳染病檢體運送,同機關且標題核心相同，尚待人工確認是否為同一專案
candidate_3f31d86e1829,美崙山知卡宣公園服務設施開口契約,2017,2018,2,2,1964220,花蓮縣政府,106年度美崙山及知卡宣公園服務設施工程委託技術服務(開口契約)；107年度美崙山及知卡宣公園服務設施工程委託技術服務(開口契約),同機關且標題核心相同，尚待人工確認是否為同一專案
candidate_f57330e7373e,花蓮縣職業災害勞工協助措施,2018,2021,4,4,1957500,花蓮縣政府,花蓮縣107年度職業災害勞工協助措施；花蓮縣108年度職業災害勞工協助措施；花蓮縣109年度職業災害勞工協助措施；花蓮縣110年度職業災害勞工協助措施,同機關且標題核心相同，尚待人工確認是否為同一專案
candidate_9db126d5f879,中正國小校門圍牆整修,2019,2020,2,2,1956872,花蓮縣花蓮市中正國民小學,中正國小校門及圍牆整修工程；中正國小校門及圍牆整修工程第1次契約變更,同機關且標題核心相同，尚待人工確認是否為同一專案
candidate_b3a237120167,清潔隊車輛輪胎維修採購開口契約,2019,2025,7,7,1954620,花蓮縣新城鄉公所,109年度清潔隊車輛輪胎維修採購開口契約；110年度清潔隊車輛輪胎維修採購開口契約；111年度清潔隊車輛輪胎維修採購開口契約；112年度清潔隊車輛輪胎維修採購開口契約；113年度清潔隊車輛輪胎維修採購開口契約；114年度清潔隊車輛輪胎維修採購開口契約；115年度清潔隊車輛輪胎維修採購開口契約,同機關且標題核心相同，尚待人工確認是否為同一專案
candidate_f1595b0af0c2,花蓮縣警察局資訊區域聯防系統監控網路系統警政應用系統電腦設備維護,2012,2013,2,2,1950000,花蓮縣政府,花蓮縣警察局101年度資訊區域聯防系統-監控網路系統暨警政應用系統電腦設備維護案；花蓮縣警察局102年度資訊區域聯防系統-監控網路系統暨警政應用系統電腦設備維護案,同機關且標題核心相同，尚待人工確認是否為同一專案
candidate_6444af3aa0a2,花蓮市各里里內監視系統維修,2014,2026,13,11,1948515,花蓮縣花蓮市公所,103年度花蓮市各里里內監視系統維修；104年度花蓮市各里里內監視系統維修；105年度花蓮市各里里內監視系統維修；106年度花蓮市各里里內監視系統維修；107年度花蓮市各里里內監視系統維修；108年度花蓮市各里里內監視系統維修；109年度花蓮市各里里內監視系統維修；110年度花蓮市各里里內監視系統維修；111年度花蓮市各里里內監視系統維修；112年度花蓮市各里里內監視系統維修；115年度花蓮市各里里內監視系統維修,同機關且標題核心相同，尚待人工確認是否為同一專案
candidate_0514157b143e,道路橋樑─道路改善,2013,2014,2,2,1948000,花蓮縣卓溪鄉公所,102年度道路橋樑工程─道路改善工程；103年度道路橋樑工程─道路改善工程,同機關且標題核心相同，尚待人工確認是否為同一專案
candidate_1bb6d91750c9,秀林鄉重陽節禮品採購,2010,2012,3,3,1944000,花蓮縣秀林鄉公所,秀林鄉99年度重陽節禮品採購；秀林鄉100年度重陽節禮品採購；秀林鄉101年度重陽節禮品採購,同機關且標題核心相同，尚待人工確認是否為同一專案
candidate_14dc976f789d,花蓮縣警察局加強重要節日安全維護工作宣導品採購,2019,2021,3,3,1939000,花蓮縣政府,花蓮縣警察局「109年加強重要節日安全維護工作」宣導品採購案；花蓮縣警察局「110年加強重要節日安全維護工作」宣導品採購案；花蓮縣警察局「111年加強重要節日安全維護工作」宣導品採購案,同機關且標題核心相同，尚待人工確認是否為同一專案
candidate_367d151f9784,義消人員含婦宣鳳凰志工民間救難團體意外保險福利壽險,2016,2017,2,2,1930940,花蓮縣政府,105年義消人員(含婦宣及鳳凰志工)及民間救難團體意外保險暨福利壽險；106年義消人員(含婦宣及鳳凰志工)及民間救難團體意外保險暨福利壽險,同機關且標題核心相同，尚待人工確認是否為同一專案
candidate_a322f7d7a07e,漁港災後復建設計監造技術服務開口契約,2010,2013,4,4,1926390,花蓮縣政府,99年度漁港工程災後復建工程設計、監造技術服務開口契約；100年度漁港工程災後復建工程設計、監造技術服務開口契約；101年度漁港工程災後復建工程設計、監造技術服務開口契約；102年度漁港工程災後復建工程設計、監造技術服務開口契約,同機關且標題核心相同，尚待人工確認是否為同一專案
candidate_14cddb9d5f57,里鄰長政令宣導文康訓練活動採購,2018,2020,3,3,1924000,花蓮縣玉里鎮公所,「107年度里鄰長政令宣導暨文康訓練活動」採購案；「108年度里鄰長政令宣導暨文康訓練活動」採購案；109年度里鄰長政令宣導暨文康訓練活動」採購案,同機關且標題核心相同，尚待人工確認是否為同一專案
candidate_f92da8e7a542,花蓮縣秀林鄉和平原住民文化交流參訪系列活動,2020,2023,4,3,1920500,花蓮縣秀林鄉公所,花蓮縣秀林鄉109年和平原住民文化交流參訪系列活動勞務採購；花蓮縣秀林鄉111年和平原住民文化交流參訪系列活動勞務採購案；花蓮縣秀林鄉112年和平原住民文化交流參訪系列活動勞務採購案,同機關且標題核心相同，尚待人工確認是否為同一專案
candidate_13555287c07c,教師節紀念品資深優良教師禮品採購,2010,2011,2,2,1913150,花蓮縣政府,99年教師節紀念品暨資深優良教師禮品採購案；100年教師節紀念品暨資深優良教師禮品採購案,同機關且標題核心相同，尚待人工確認是否為同一專案
candidate_6d6f4aba1432,原住民族地方通行語傳統名稱標示補助,2021,2023,3,3,1908000,花蓮縣豐濱鄉公所,110年度原住民族地方通行語及傳統名稱標示補助計畫；111年度原住民族地方通行語及傳統名稱標示補助計畫；112年度原住民族地方通行語及傳統名稱標示補助計畫,同機關且標題核心相同，尚待人工確認是否為同一專案
candidate_ddd5b7fdaccd,花蓮縣秀林鄉參加花蓮縣全縣社區全民聯合運動會隊職員參賽選手服裝採購,2022,2024,3,3,1908000,花蓮縣秀林鄉公所,花蓮縣秀林鄉參加「111年度花蓮縣全縣暨社區全民聯合運動會」隊職員暨參賽選手-服裝採購案；花蓮縣秀林鄉參加「112年度花蓮縣全縣暨社區全民聯合運動會」隊職員暨參賽選手-服裝採購案；花蓮縣秀林鄉參加「113年度花蓮縣全縣暨社區全民聯合運動會」隊職員暨參賽選手-服裝採購案,同機關且標題核心相同，尚待人工確認是否為同一專案
candidate_304337d950d3,花蓮縣美崙山生態公園知卡宣森林公園植栽設施搶修〈險〉開口契約,2010,2011,2,2,1904000,花蓮縣政府,99年花蓮縣美崙山生態公園及知卡宣森林公園植栽、設施搶修〈險〉開口契約；100年度花蓮縣美崙山生態公園及知卡宣森林公園植栽、設施搶修〈險〉開口契約,同機關且標題核心相同，尚待人工確認是否為同一專案
candidate_a2d0fee62c54,北埔5號排水改善,2010,2013,4,2,1903000,花蓮縣政府,北埔5號排水改善工程,同機關且標題核心相同，尚待人工確認是否為同一專案
candidate_e6f8f5939588,花蓮縣光復鄉公園綠地管理維護開口契約,2022,2024,3,3,1902000,花蓮縣光復鄉公所,111年度花蓮縣光復鄉公園綠地管理維護勞務採購開口契約；112年度花蓮縣光復鄉公園綠地管理維護勞務採購開口契約；113年度花蓮縣光復鄉公園綠地管理維護勞務採購(開口契約),同機關且標題核心相同，尚待人工確認是否為同一專案
candidate_871ceb91c906,花蓮縣美崙山生態公園知卡宣綠森林親水公園植栽設施搶修險開口契約,2016,2020,5,2,1900000,花蓮縣政府,105年花蓮縣美崙山生態公園及知卡宣綠森林親水公園植栽、設施搶修（險）開口契約；110年度花蓮縣美崙山生態公園及知卡宣綠森林親水公園植栽設施搶修(險)開口契約,同機關且標題核心相同，尚待人工確認是否為同一專案
candidate_15906d473fc8,清潔隊車輛機具維修保養開口契約,2019,2021,3,3,1899060,花蓮縣新城鄉公所,109年度清潔隊車輛(機具)維修(保養)開口契約；110年度清潔隊車輛(機具)維修(保養)開口契約；111年度清潔隊車輛(機具)維修(保養)開口契約,同機關且標題核心相同，尚待人工確認是否為同一專案
candidate_da8c44d00dfd,基層運動選手訓練站訓練環境器材設備財物採購,2022,2023,2,2,1896000,花蓮縣立自強國民中學,111年度基層運動選手訓練站訓練環境及器材設備財物採購；112年度基層運動選手訓練站訓練環境及器材設備財物採購,同機關且標題核心相同，尚待人工確認是否為同一專案
candidate_7fd9d21167a2,托兒所各分所房舍設施設備修繕開口契約,2010,2011,2,3,1895000,花蓮縣秀林鄉公所,99年度托兒所各分所房舍設施設備修繕（開口契約）；100年度托兒所各分所房舍設施設備修繕（開口契約）；100年度托兒所各分所房舍設施設備修繕（第二期開口契約）,同機關且標題核心相同，尚待人工確認是否為同一專案
candidate_93a3d3244c30,花蓮縣政府保全系統維護,2020,2026,7,5,1894838,花蓮縣政府,110年度花蓮縣政府保全系統維護；112年度花蓮縣政府保全系統維護；113年度花蓮縣政府保全系統維護；114年度花蓮縣政府保全系統維護；115年度花蓮縣政府保全系統維護,同機關且標題核心相同，尚待人工確認是否為同一專案
candidate_6b09e0ab7a5b,花蓮縣警察局員警皮鞋採購,2014,2015,2,2,1892592,花蓮縣政府,花蓮縣警察局103年度員警皮鞋採購案；花蓮縣警察局104年度員警皮鞋採購案,同機關且標題核心相同，尚待人工確認是否為同一專案
candidate_ccb7dd795b39,花蓮縣警察局警察機關資訊區域聯防監控網路警政應用系統電腦設備維護,2021,2022,2,2,1887776,花蓮縣政府,花蓮縣警察局110年度警察機關資訊區域聯防-監控網路暨警政應用系統電腦設備維護案；花蓮縣警察局111年度警察機關資訊區域聯防-監控網路暨警政應用系統電腦設備維護案,同機關且標題核心相同，尚待人工確認是否為同一專案
candidate_ae23cd6e82a0,全國消防資訊系統網際網路設備維護採購,2011,2012,2,2,1885000,花蓮縣政府,全國消防資訊系統暨網際網路設備維護採購案,同機關且標題核心相同，尚待人工確認是否為同一專案
candidate_f54cdfc5445f,花蓮縣環保科技園區駐衛警保全服務,2010,2012,3,2,1884960,花蓮縣政府,花蓮縣環保科技園區駐衛警保全服務計畫,同機關且標題核心相同，尚待人工確認是否為同一專案
candidate_c189ab27b093,本鄉各村集會所活動中心公有建築物含老人館等設施設備修繕開口契約,2024,2025,2,2,1878999,花蓮縣秀林鄉公所,113年度本鄉各村集會所活動中心公有建築物（含老人館）等設施設備修繕工程（開口契約）；114年度本鄉各村集會所活動中心公有建築物(含老人館)等設施設備修繕工程(開口契約),同機關且標題核心相同，尚待人工確認是否為同一專案
candidate_5acdbc7b02ee,花蓮縣警察局JUSTEC廠牌AC100型酒精測試器校正查核採購,2019,2020,2,2,1878100,花蓮縣警察局,花蓮縣警察局108年度JUSTEC廠牌AC-100型酒精測試器校正及查核採購案；花蓮縣警察局109年度JUSTEC廠牌AC-100型酒精測試器校正及查核採購案,同機關且標題核心相同，尚待人工確認是否為同一專案
candidate_28c68c08d0b2,美崙山生態公園知卡宣綠森林親水公園植栽設施搶修險開口契約,2017,2019,3,2,1872700,花蓮縣政府,107年美崙山生態公園及知卡宣綠森林親水公園植栽、設施搶修（險）開口契約；108年度美崙山生態公園及知卡宣綠森林親水公園植栽、設施搶修（險）開口契約,同機關且標題核心相同，尚待人工確認是否為同一專案
candidate_4545ad8316c2,花蓮市垃圾場資源回收場清潔隊隊部附屬建物養護,2015,2024,10,6,1869000,花蓮縣花蓮市公所,花蓮市垃圾場、資源回收場暨清潔隊隊部附屬建物養護；花蓮市垃圾場、資源回收場暨清潔隊隊部附屬建物養護第1次後續擴充；花蓮市垃圾場、資源回收場暨清潔隊隊部附屬建物養護第2次後續擴充,同機關且標題核心相同，尚待人工確認是否為同一專案
candidate_221e14b55ca1,Malalo'ong文化健康站友善空間整建,2022,2023,2,2,1868064,花蓮縣豐濱鄉公所,111年度Malalo' ong文化健康站友善空間整建工程；111年度Malalo' ong文化健康站友善空間整建工程變更設計,同機關且標題核心相同，尚待人工確認是否為同一專案
candidate_43056c26e01a,壽豐鄉村鄰長政令宣導文康活動,2022,2023,2,2,1867200,花蓮縣壽豐鄉公所,111年度壽豐鄉村鄰長政令宣導暨文康活動；112年度壽豐鄉村鄰長政令宣導暨文康活動,同機關且標題核心相同，尚待人工確認是否為同一專案
candidate_580532bd465a,縣政戶外大型看板宣導製作開口契約,2011,2017,7,7,1866112,花蓮縣政府,101年度縣政戶外大型看板宣導製作案開口契約；102年縣政戶外大型看板宣導製作案開口契約；103年縣政戶外大型看板宣導製作案開口契約；104年縣政戶外大型看板宣導製作案開口契約；105年縣政戶外大型看板宣導製作案開口契約；106年縣政戶外大型看板宣導製作案開口契約；107年縣政戶外大型看板宣導製作案開口契約,同機關且標題核心相同，尚待人工確認是否為同一專案
candidate_dcc93be06e41,花蓮縣衛生局實驗室耗材物品採購,2022,2026,5,4,1861852,花蓮縣衛生局,111年花蓮縣衛生局實驗室耗材物品採購案；113年花蓮縣衛生局實驗室耗材物品採購案；114年花蓮縣衛生局實驗室耗材物品採購案；115年花蓮縣衛生局實驗室耗材物品採購案,同機關且標題核心相同，尚待人工確認是否為同一專案
candidate_ef63c237157b,道路橋樑道路改善,2011,2012,2,2,1861000,花蓮縣卓溪鄉公所,100年度道路橋樑工程-道路改善工程；101年度道路橋樑工程-道路改善工程,同機關且標題核心相同，尚待人工確認是否為同一專案
candidate_f23307f5253b,宜昌國中管樂團音樂教育參訪活動,2023,2024,2,2,1860500,花蓮縣立宜昌國民中學,宜昌國中管樂團112年音樂教育參訪活動勞務採購；宜昌國中管樂團113年音樂教育參訪活動勞務採購,同機關且標題核心相同，尚待人工確認是否為同一專案
candidate_6385f89d6917,花蓮縣玉里鎮土石流防災重機械待命租用採購開口契約,2023,2026,4,3,1860000,花蓮縣玉里鎮公所,112年花蓮縣玉里鎮土石流防災重機械待命租用採購案（開口契約）；114年花蓮縣玉里鎮土石流防災重機械待命租用採購案(開口契約)；115年花蓮縣玉里鎮土石流防災重機械待命租用採購案(開口契約),同機關且標題核心相同，尚待人工確認是否為同一專案
candidate_ac5ef8c4fa57,吉安鄉排水溝新築整修,2024,2025,2,2,1853821,花蓮縣吉安鄉公所,113年度吉安鄉排水溝新築及整修工程；114年度吉安鄉排水溝新築及整修工程,同機關且標題核心相同，尚待人工確認是否為同一專案
candidate_b11f4844b7ed,花蓮縣秀林鄉太魯閣族文化刊物製作出版,2025,2026,2,2,1850920,花蓮縣秀林鄉公所,花蓮縣秀林鄉114年度太魯閣族文化刊物製作出版計畫；花蓮縣秀林鄉115年度太魯閣族文化刊物製作出版計畫,同機關且標題核心相同，尚待人工確認是否為同一專案
candidate_00464f0a5019,花蓮縣臺灣原住民族文化館清潔維護,2023,2026,4,4,1850000,花蓮縣政府,112年度花蓮縣臺灣原住民族文化館清潔維護勞務採購；113年度花蓮縣臺灣原住民族文化館清潔維護勞務採購案；114年花蓮縣臺灣原住民族文化館清潔維護勞務採購案；115年花蓮縣臺灣原住民族文化館清潔維護勞務採購案,同機關且標題核心相同，尚待人工確認是否為同一專案
candidate_ecb3f1728575,花蓮市各公有零售市場地板高壓洗地清潔服務,2018,2026,9,9,1847202,花蓮縣花蓮市公所,107年度花蓮市各公有零售市場地板高壓洗地清潔服務；108年度花蓮市各公有零售市場地板高壓洗地清潔服務；109年度花蓮市各公有零售市場地板高壓洗地清潔服務；110年度花蓮市各公有零售市場地板高壓洗地清潔服務；111年度花蓮市各公有零售市場地板高壓洗地清潔服務；112年度花蓮市各公有零售市場地板高壓洗地清潔服務；113年度花蓮市各公有零售市場地板高壓洗地清潔服務；114年度花蓮市各公有零售市場地板高壓洗地清潔服務；115年度花蓮市各公有零售市場地板高壓洗地清潔服務,同機關且標題核心相同，尚待人工確認是否為同一專案
candidate_f328c76eeca5,花蓮縣衛生局衛生業務宣導品開口契約,2019,2022,4,4,1844705,花蓮縣政府,108年花蓮縣衛生局衛生業務宣導品開口契約；109年花蓮縣衛生局衛生業務宣導品開口契約；110年花蓮縣衛生局衛生業務宣導品開口契約；111年花蓮縣衛生局衛生業務宣導品開口契約,同機關且標題核心相同，尚待人工確認是否為同一專案
candidate_5d905f275d35,加強公務和諧連繫在地農特產品哇好養生米禮盒採購開口契約,2021,2022,2,2,1840100,花蓮縣政府,111年度加強公務和諧連繫-在地農特產品-哇好養生米禮盒採購(開口契約)；112年度加強公務和諧連繫-在地農特產品-哇好養生米禮盒採購(開口契約),同機關且標題核心相同，尚待人工確認是否為同一專案
candidate_dcaa3b53c833,射耳祭儀活動服裝採購,2016,2017,2,2,1834900,花蓮縣卓溪鄉公所,105年射耳祭儀活動服裝採購案；106年射耳祭儀活動服裝採購案,同機關且標題核心相同，尚待人工確認是否為同一專案
candidate_a05b814d86f1,壽豐鄉轄內反光鏡開口契約,2022,2026,5,4,1832800,花蓮縣壽豐鄉公所,111年度壽豐鄉轄內反光鏡工程(開口契約)；112年度壽豐鄉轄內反光鏡工程(開口契約)；113年度壽豐鄉轄內反光鏡工程(開口契約)；115年度壽豐鄉轄內反光鏡工程(開口契約),同機關且標題核心相同，尚待人工確認是否為同一專案
candidate_96025de96847,瑞穗鄉鄉內區域排水一般排水清淤,2011,2014,4,4,1827000,花蓮縣瑞穗鄉公所,100年度瑞穗鄉鄉內區域排水及一般排水清淤工程；101年度瑞穗鄉鄉內區域排水及一般排水清淤工程；102年度瑞穗鄉鄉內區域排水及一般排水清淤工程；103年度瑞穗鄉鄉內區域排水及一般排水清淤工程,同機關且標題核心相同，尚待人工確認是否為同一專案
candidate_d6bcb9b19cac,玉里193星光大道藝術季活動LED聖誕燈財物採購,2024,2025,2,2,1822800,花蓮縣玉里鎮公所,玉里193星光大道藝術季活動「LED聖誕燈」財物採購案,同機關且標題核心相同，尚待人工確認是否為同一專案
candidate_c467137a2d2f,花蓮縣政府所屬一級機關員工慶生會活動慶生蛋糕,2012,2015,4,4,1821900,花蓮縣政府,花蓮縣政府暨所屬一級機關102年員工慶生會活動慶生蛋糕；花蓮縣政府暨所屬一級機關103年員工慶生會活動慶生蛋糕；花蓮縣政府暨所屬一級機關104年員工慶生會活動慶生蛋糕；花蓮縣政府暨所屬一級機關105年員工慶生會活動慶生蛋糕,同機關且標題核心相同，尚待人工確認是否為同一專案
candidate_fd42d7e6fba1,全數位式電子交換機系統維護,2010,2019,10,8,1821000,花蓮縣政府,全數位式電子交換機系統維護；104年度全數位式電子交換機系統維護；105年度全數位式電子交換機系統維護；106年度全數位式電子交換機系統維護；107年度全數位式電子交換機系統維護；108年度全數位式電子交換機系統維護；109年度全數位式電子交換機系統維護,同機關且標題核心相同，尚待人工確認是否為同一專案
candidate_f30cff92e443,清潔人員冬季工作服,2016,2024,9,5,1819400,花蓮縣花蓮市公所,清潔人員冬季工作服,同機關且標題核心相同，尚待人工確認是否為同一專案
candidate_199f027b4a0f,花蓮市各公有零售市場基礎設備設施養護,2019,2024,6,5,1815000,花蓮縣花蓮市公所,花蓮市各公有零售市場基礎設備設施養護；花蓮市各公有零售市場基礎設備設施養護第1次後續擴充,同機關且標題核心相同，尚待人工確認是否為同一專案
candidate_94d5df336847,花蓮市活化商圈觀光活動,2019,2021,3,3,1800000,花蓮縣花蓮市公所,花蓮市108年度活化商圈觀光活動；花蓮市109年度活化商圈觀光活動；花蓮市111年度活化商圈觀光活動,同機關且標題核心相同，尚待人工確認是否為同一專案
candidate_8a8ae46059d1,花蓮縣政府應景節日佈置,2021,2023,3,2,1800000,花蓮縣政府,110年度花蓮縣政府應景節日佈置勞務採購案；111年度花蓮縣政府應景節日佈置勞務採購案,同機關且標題核心相同，尚待人工確認是否為同一專案
candidate_09e1e1eace82,新城鄉鄉政業務推廣觀摩活動,2024,2026,3,3,1800000,花蓮縣新城鄉公所,新城鄉113年度鄉政業務推廣觀摩活動；新城鄉114年度鄉政業務推廣觀摩活動；新城鄉115年度鄉政業務推廣觀摩活動,同機關且標題核心相同，尚待人工確認是否為同一專案
candidate_70abb0574860,英語文筆譯審校口譯,2022,2023,2,2,1800000,花蓮縣政府,111年英語文筆譯、審校暨口譯委託專業服務；112年英語文筆譯、審校暨口譯委託專業服務,同機關且標題核心相同，尚待人工確認是否為同一專案
candidate_24c2215fdea4,111至花蓮交通接駁行銷推廣,2022,2023,2,2,1800000,花蓮縣政府,111至112年度花蓮交通接駁及行銷推廣案；111至112年度花蓮交通接駁及行銷推廣案(後續擴充),同機關且標題核心相同，尚待人工確認是否為同一專案
candidate_b449ab4b3631,重陽節禮品提貨券採購,2013,2018,6,5,1797865,花蓮縣卓溪鄉公所,102年度重陽節禮品(提貨券)採購案；104年度重陽節禮品(提貨券)採購；105年度重陽節禮品(提貨券)採購；106年度重陽節禮品(提貨券)採購；107年度重陽節禮品(提貨券)採購案,同機關且標題核心相同，尚待人工確認是否為同一專案
candidate_b5130a37a94a,單位會計管理系統,2011,2017,7,5,1797000,花蓮縣政府,100年度單位會計管理系統；103年度單位會計管理系統；104年度單位會計管理系統；105年度單位會計管理系統；106年度單位會計管理系統,同機關且標題核心相同，尚待人工確認是否為同一專案
candidate_fb3e19ba3442,須美基溪護岸改善,2010,2011,2,2,1792000,花蓮縣政府,須美基溪護岸改善工程,同機關且標題核心相同，尚待人工確認是否為同一專案
candidate_fecdaebc1ae5,花蓮縣野生動物緊急醫療住院,2017,2026,10,9,1791400,花蓮縣動植物防疫所,花蓮縣107年度野生動物緊急醫療住院計畫；花蓮縣108年度野生動物緊急醫療住院計畫；花蓮縣109年度野生動物緊急醫療住院計畫勞務採購；花蓮縣110年度野生動物緊急醫療住院計畫勞務採購；花蓮縣111年度野生動物緊急醫療住院計畫勞務採購；花蓮縣112年度野生動物緊急醫療住院計畫勞務採購；花蓮縣113年度野生動物緊急醫療住院計畫勞務採購；花蓮縣114年度野生動物緊急醫療住院計畫勞務採購；花蓮縣115年度野生動物緊急醫療住院計畫勞務採購,同機關且標題核心相同，尚待人工確認是否為同一專案
candidate_c11ecee3b44d,花蓮縣公立國民中小學災害搶修險開口契約,2020,2021,2,2,1790000,花蓮縣政府,花蓮縣110年度公立國民中小學災害搶修（險）開口契約；花蓮縣110年度公立國民中小學災害搶修(險)開口契約-後續擴充,同機關且標題核心相同，尚待人工確認是否為同一專案
candidate_d1525b9e3add,毛豬拍賣電腦系統勞務維護,2010,2016,7,4,1786000,花蓮縣政府,99年度毛豬拍賣電腦系統勞務維護；101年度毛豬拍賣電腦系統勞務維護；103年度毛豬拍賣電腦系統勞務維護；105年度毛豬拍賣電腦系統勞務維護,同機關且標題核心相同，尚待人工確認是否為同一專案
candidate_dc3b4f41b23c,文書檔管理等勞務工作,2022,2023,2,3,1784880,花蓮縣政府,111年度文書及檔案管理等勞務工作；112年度文書及檔案管理等勞務工作,同機關且標題核心相同，尚待人工確認是否為同一專案
candidate_0b64a266ba2c,本鄉各村擴音廣播設備裝設維護修繕含遷移開口契約,2024,2026,3,3,1780000,花蓮縣秀林鄉公所,113年度本鄉各村擴音廣播設備裝設維護修繕(含遷移)工程採購(開口契約)；114年度本鄉各村擴音廣播設備裝設維護修繕(含遷移)工程採購(開口契約)；115年度本鄉各村擴音廣播設備裝設維護修繕(含遷移)工程採購(開口契約),同機關且標題核心相同，尚待人工確認是否為同一專案
candidate_b3b905ae432c,瑞穗鄉鄉內砍草等環境維護作業開口契約,2020,2026,7,4,1777301,花蓮縣瑞穗鄉公所,109年度瑞穗鄉鄉內砍草等環境維護作業(開口契約)；110年度瑞穗鄉鄉內砍草等環境維護作業(開口契約)；112年度瑞穗鄉鄉內砍草等環境維護作業(開口契約）；115年度瑞穗鄉鄉內砍草等環境維護作業(開口契約),同機關且標題核心相同，尚待人工確認是否為同一專案
candidate_b84428a86be4,花蓮縣消防局義消總隊救護義消大隊觀摩訓練,2018,2019,2,3,1774000,花蓮縣消防局,花蓮縣消防局107年度義消總隊救護義消大隊觀摩訓練案；花蓮縣消防局108年度義消總隊救護義消大隊觀摩訓練案,同機關且標題核心相同，尚待人工確認是否為同一專案
candidate_c043600a1b60,新城鄉政策宣導年曆設計製作採購,2020,2025,6,6,1773020,花蓮縣新城鄉公所,110年新城鄉政策宣導年曆設計製作採購案；111年新城鄉政策宣導年曆設計製作採購案；112年新城鄉政策宣導年曆設計製作採購案；113年新城鄉政策宣導年曆設計製作採購案；114年新城鄉政策宣導年曆設計製作採購；115年新城鄉政策宣導年曆設計製作採購,同機關且標題核心相同，尚待人工確認是否為同一專案
candidate_562e0a1150b5,花蓮縣廢棄物稽查委託採樣檢測工作開口契約,2016,2020,5,4,1771900,花蓮縣政府,105年度「花蓮縣廢棄物稽查委託採樣及檢測工作」(開口契約)；107年度「花蓮縣廢棄物稽查委託採樣及檢測工作」(開口契約)；108年度「花蓮縣廢棄物稽查委託採樣及檢測工作」(開口契約)；109年度「花蓮縣廢棄物稽查委託採樣及檢測工作」(開口契約),同機關且標題核心相同，尚待人工確認是否為同一專案
candidate_4e914c39b670,壽豐鄉水璉村農路改善,2013,2016,4,2,1770000,花蓮縣政府,壽豐鄉水璉村農路改善工程,同機關且標題核心相同，尚待人工確認是否為同一專案
candidate_5a4067e9df92,溪口國小兒童遊戲場,2021,2024,4,2,1768777,花蓮縣壽豐鄉溪口國民小學,溪口國小兒童遊戲場新建工程,同機關且標題核心相同，尚待人工確認是否為同一專案
candidate_6b705091d5c6,光復鄉天然災害搶修東西區,2010,2012,3,2,1768000,花蓮縣光復鄉公所,99年度光復鄉天然災害搶修工程(東、西區)；101年度光復鄉天然災害搶修工程(東、西區),同機關且標題核心相同，尚待人工確認是否為同一專案
candidate_0bf7d17bc485,新城鄉第一公墓第二公墓起掘墓塚廢棄物含棺木清理工作開口契約,2021,2023,3,3,1764300,花蓮縣新城鄉公所,新城鄉110年度第一公墓、第二公墓起掘墓塚廢棄物(含棺木)清理工作開口契約勞務採購；新城鄉111年度第一公墓、第二公墓起掘墓塚廢棄物(含棺木)清理工作開口契約勞務採購；新城鄉112年度第一公墓、第二公墓起掘墓塚廢棄物(含棺木)清理工作開口契約勞務採購,同機關且標題核心相同，尚待人工確認是否為同一專案
candidate_beb61d2130db,花蓮縣環境保護局環境衛生用藥殺蟲劑採購,2012,2017,6,4,1764140,花蓮縣政府,花蓮縣環境保護局101年度環境衛生用藥殺蟲劑採購；花蓮縣環境保護局「104年度環境衛生用藥殺蟲劑採購」；花蓮縣環境保護局「105年度環境衛生用藥殺蟲劑採購」；花蓮縣環境保護局「106年度環境衛生用藥殺蟲劑採購」,同機關且標題核心相同，尚待人工確認是否為同一專案
candidate_2cd613f3b96f,宜昌國民中學游泳池委託經營管理採購,2021,2025,5,3,1762136,花蓮縣立宜昌國民中學,110年度宜昌國民中學游泳池委託經營管理採購；110年度宜昌國民中學游泳池委託經營管理採購(第二次契約變更)；114年度宜昌國民中學游泳池委託經營管理採購,同機關且標題核心相同，尚待人工確認是否為同一專案
candidate_9eab51851926,重陽節禮品提貨券採購,2012,2013,2,2,1761408,花蓮縣玉里鎮公所,101年度重陽節禮品(提貨券)採購案；102年度重陽節禮品(提貨券)採購案,同機關且標題核心相同，尚待人工確認是否為同一專案
candidate_92a53b9873d9,下水道水門抽水站含抽水機組災害搶修險開口契約,2014,2015,2,2,1760000,花蓮縣政府,103年度下水道、水門、抽水站(含抽水機組)災害搶修(險)工程開口契約；104年度下水道、水門、抽水站(含抽水機組)災害搶修(險)工程開口契約,同機關且標題核心相同，尚待人工確認是否為同一專案
candidate_1d18c9c1f8cb,建置國民中小學教育長期資料庫學力檢核測驗試卷印製運送光碟複製運送財物採購,2014,2017,4,4,1754100,花蓮縣花蓮市中原國民小學,「103年度建置國民中小學教育長期資料庫—學力檢核測驗試卷印製運送及光碟複製運送」財物採購案；「104年度建置國民中小學教育長期資料庫—學力檢核測驗試卷印製運送及光碟複製運送」財物採購案；105年度建置國民中小學教育長期資料庫—學力檢核測驗試卷印製運送及光碟複製運送財物採購案；106年度建置國民中小學教育長期資料庫—學力檢核測驗試卷印製運送及光碟複製運送財物採購案,同機關且標題核心相同，尚待人工確認是否為同一專案
candidate_69cbad09421c,花蓮縣文化局吉安慶修院委託經營管理,2013,2020,8,3,1748400,花蓮縣文化局,花蓮縣文化局102年「吉安慶修院委託經營管理」；花蓮縣文化局「吉安慶修院委託經營管理」後續擴充（108年）；花蓮縣文化局「吉安慶修院委託經營管理」後續擴充(109年),同機關且標題核心相同，尚待人工確認是否為同一專案
candidate_7da05146aa9b,石雕管理維護,2015,2017,3,2,1747000,花蓮縣文化局,104年度石雕管理維護案；106年石雕管理維護,同機關且標題核心相同，尚待人工確認是否為同一專案
candidate_150783badfa7,松園別館營運管理,2011,2012,2,2,1744300,花蓮縣文化局,100年度松園別館營運管理；101年度松園別館營運管理,同機關且標題核心相同，尚待人工確認是否為同一專案
candidate_89fb5aa20d40,花蓮縣北昌國小委託規劃設計監造服務,2018,2023,6,5,1744000,花蓮縣吉安鄉北昌國民小學,花蓮縣北昌國小108年工程委託規劃、設計及監造服務；「花蓮縣北昌國小109年工程委託規劃、設計及監造服務」勞務採購案；「花蓮縣北昌國小110年工程委託規劃、設計及監造服務」勞務採購案；「花蓮縣北昌國小111年工程委託規劃、設計及監造服務」勞務採購案；花蓮縣北昌國小112年工程委託規劃、設計及監造服務」勞務採購案,同機關且標題核心相同，尚待人工確認是否為同一專案
candidate_6167674318ac,花蓮縣身心障礙者生活重建,2017,2018,2,3,1740500,花蓮縣政府,106年度花蓮縣身心障礙者生活重建計畫；107年度花蓮縣身心障礙者生活重建計畫；108年度花蓮縣身心障礙者生活重建計畫,同機關且標題核心相同，尚待人工確認是否為同一專案
candidate_175c87669028,花蓮縣警察局防毒系統McafeeEPO中央管理系統授權保固維護,2014,2015,2,3,1731052,花蓮縣政府,花蓮縣警察局103年度防毒系統（Mcafee）、EPO中央管理系統    授權、保固維護案；花蓮縣警察局104年度防毒系統（Mcafee）、EPO中央管理系統授權、保固維護案,同機關且標題核心相同，尚待人工確認是否為同一專案
candidate_da556ef15f26,花蓮縣原住民族聯合豐年節活動高畫質影像片拍攝製作,2015,2019,5,4,1722200,花蓮縣政府,2015年花蓮縣原住民族聯合豐年節活動高畫質影像（片）拍攝製作勞務採購案；2016年花蓮縣原住民族聯合豐年節活動高畫質影像（片）拍攝製作；2018年花蓮縣原住民族聯合豐年節活動高畫質影像(片)拍攝製作；「2018年花蓮縣原住民族聯合豐年節活動高畫質影像（片）拍攝製作」勞務採購案,同機關且標題核心相同，尚待人工確認是否為同一專案
candidate_5627fb805200,傳染病檢體運送,2015,2017,3,3,1720530,花蓮縣政府,104年度傳染病檢體運送；105年傳染病檢體運送；106年傳染病檢體運送,同機關且標題核心相同，尚待人工確認是否為同一專案
candidate_a1007bc21074,秀林村道路護欄改善,2017,2018,2,2,1720000,花蓮縣秀林鄉公所,秀林村道路護欄改善工程；107年度秀林村道路護欄改善工程,同機關且標題核心相同，尚待人工確認是否為同一專案
candidate_41e20c592669,花蓮縣動植物防疫所牛流行熱不活化疫苗財物採購,2020,2026,7,7,1712364,花蓮縣動植物防疫所,花蓮縣動植物防疫所109年度牛流行熱不活化疫苗財物採購；花蓮縣動植物防疫所110年度牛流行熱不活化疫苗財物採購；花蓮縣動植物防疫所111年度牛流行熱不活化疫苗財物採購；花蓮縣動植物防疫所112年度牛流行熱不活化疫苗財物採購；花蓮縣動植物防疫所113年度牛流行熱不活化疫苗財物採購；花蓮縣動植物防疫所114年度牛流行熱不活化疫苗財物採購；花蓮縣動植物防疫所115年度牛流行熱不活化疫苗財物採購,同機關且標題核心相同，尚待人工確認是否為同一專案
candidate_a4f65349fd5a,公墓環境綠美化改善,2022,2024,3,3,1711945,花蓮縣壽豐鄉公所,112年度公墓環境綠美化改善案；113年度公墓環境綠美化改善案；114年度公墓環境綠美化改善案,同機關且標題核心相同，尚待人工確認是否為同一專案
candidate_0d433fcc0c5b,檢驗試劑耗材採購,2016,2018,3,2,1711300,花蓮縣政府,105年檢驗試劑及耗材第二次採購；107年檢驗試劑及耗材採購,同機關且標題核心相同，尚待人工確認是否為同一專案
candidate_7f09becd8e3e,花蓮縣下水道水門抽水站含抽水機組災害搶修險開口契約,2011,2012,2,2,1710000,花蓮縣政府,100年度花蓮縣下水道 水門 抽水站(含抽水機組)災害搶修(險)工程開口契約；101年度花蓮縣下水道、水門、抽水站(含抽水機組)災害搶修(險)工程開口契約,同機關且標題核心相同，尚待人工確認是否為同一專案
candidate_90d09aea8145,婦幼親創園區辦公廳舍環境清潔維護工作,2023,2026,4,2,1705850,花蓮縣政府,112年度「婦幼親創園區」辦公廳舍及環境清潔維護工作勞務採購案；115年度「婦幼親創園區」辦公廳舍及環境清潔維護工作勞務採購案,同機關且標題核心相同，尚待人工確認是否為同一專案
candidate_7bf5ce9c334b,拱仔溝排水改善,2010,2013,4,2,1701000,花蓮縣政府,拱仔溝排水改善工程,同機關且標題核心相同，尚待人工確認是否為同一專案
candidate_43e13349d2d6,卓溪鄉全鄉運動會活動採購,2024,2025,2,2,1701000,花蓮縣卓溪鄉公所,113年度卓溪鄉全鄉運動會活動委託專業服務採購案；114年度卓溪鄉全鄉運動會活動委託專業服務採購案,同機關且標題核心相同，尚待人工確認是否為同一專案
candidate_482fca1c3c75,花蓮縣災害防救演習場地佈置,2017,2020,4,3,1698790,花蓮縣消防局,花蓮縣106年災害防救演習場地佈置案第1次契約變更；花蓮縣106年災害防救演習場地佈置案；花蓮縣109年災害防救演習場地佈置案,同機關且標題核心相同，尚待人工確認是否為同一專案
candidate_46e997c8ea9b,花蓮縣政府花蓮縣全縣社區全民聯合運動會活動場地險運動員團體傷害險人身平安險,2019,2024,6,4,1697139,花蓮縣秀林鄉三棧國民小學,花蓮縣政府「108年花蓮縣全縣暨社區全民聯合運動會活動場地險、運動員團體傷害險及人身平安險」勞務採購案；花蓮縣政府「109年花蓮縣全縣暨社區全民聯合運動會活動場地險、運動員團體傷害險及人身平安險」勞務採購案；花蓮縣政府111年花蓮縣全縣暨社區全民聯合運動會活動場地險、運動員團體傷害險及人身平安險勞務採購案；花蓮縣政府113年花蓮縣全縣暨社區全民聯合運動會活動場地險、運動員團體傷害險及人身平安險勞務採購案,同機關且標題核心相同，尚待人工確認是否為同一專案
candidate_1e8653cf9a7c,卓溪國小基層運動選手訓練站射箭設備採購,2021,2025,5,3,1690000,花蓮縣卓溪鄉卓溪國民小學,卓溪國小110年度基層運動選手訓練站射箭設備採購案；卓溪國小111年度基層運動選手訓練站-射箭設備採購案；卓溪國小114年度基層運動選手訓練站射箭設備採購案,同機關且標題核心相同，尚待人工確認是否為同一專案
candidate_17b13c6e8129,日本石垣市那國町參訪交流活動,2019,2025,7,2,1688884,花蓮縣花蓮市公所,2019年日本石垣市暨與那國町參訪交流活動；2025年日本石垣市與與那國町參訪交流活動,同機關且標題核心相同，尚待人工確認是否為同一專案
candidate_c72bb1921f82,秀林鄉因應天然災害物資採購開口契約,2013,2014,2,2,1687170,花蓮縣秀林鄉公所,秀林鄉102年度因應天然災害物資採購開口契約；秀林鄉103年度因應天然災害物資採購開口契約,同機關且標題核心相同，尚待人工確認是否為同一專案
candidate_270e9a1e0efe,花蓮縣消防局投保義勇消防人員含救災宣導救護義消民間救難團體意外保險,2021,2022,2,2,1685100,花蓮縣政府,花蓮縣消防局110年度投保義勇消防人員(含救災、宣導及救護義消)及民間救難團體意外保險；花蓮縣消防局111年度投保義勇消防人員(含救災、宣導及救護義消)及民間救難團體意外保險,同機關且標題核心相同，尚待人工確認是否為同一專案
candidate_bc9b75dc10ab,花蓮縣消防局提升山域事故救援效能五年中程租賃救援人員定位設備,2024,2026,3,3,1684280,花蓮縣消防局,113年度花蓮縣消防局「提升山域事故救援效能五年中程計畫-租賃救援人員定位設備」；花蓮縣消防局114年度「提升山域事故救援效能五年中程計畫」租賃救援人員定位設備勞務採購案；花蓮縣消防局115年度提升山域事故救援效能五年中程計畫租賃救援人員定位設備勞務採購後續擴充案,同機關且標題核心相同，尚待人工確認是否為同一專案
candidate_83406a817b0c,全國布農族射耳祭活動服裝採購,2018,2019,2,2,1680000,花蓮縣卓溪鄉公所,107年全國布農族射耳祭活動服裝採購案；108年全國布農族射耳祭活動服裝採購案,同機關且標題核心相同，尚待人工確認是否為同一專案
candidate_f55935b7e1bc,花蓮縣地方美術發展脈絡委託研究,2020,2021,2,2,1680000,花蓮縣文化局,花蓮縣地方美術發展脈絡委託研究計畫；「花蓮縣地方美術發展脈絡委託研究計畫」勞務採購案後續擴充,同機關且標題核心相同，尚待人工確認是否為同一專案
candidate_cc9ad8106d92,鳳林鎮補助十三鄉鎮市區域排水一般排水清淤,2024,2025,2,3,1680000,花蓮縣鳳林鎮公所,113年度鳳林鎮補助十三鄉鎮市區域排水及一般排水第二期清淤工程；114年度鳳林鎮補助十三鄉鎮市區域排水及一般排水清淤工程；114年度鳳林鎮補助十三鄉鎮市區域排水及一般排水第二期清淤工程,同機關且標題核心相同，尚待人工確認是否為同一專案
candidate_6a794286ad74,四輪傳動5人座小客車財物採購,2019,2020,2,2,1678000,花蓮縣政府,108年四輪傳動5人座小客車財物採購案；109年四輪傳動5人座小客車財物採購案,同機關且標題核心相同，尚待人工確認是否為同一專案
candidate_1f89192f2c2b,花蓮縣北區身心障礙者服務中心辦公室租賃,2024,2025,2,2,1677500,花蓮縣政府,花蓮縣北區身心障礙者服務中心辦公室租賃,同機關且標題核心相同，尚待人工確認是否為同一專案
candidate_2fc969dfd34b,加強綠建築推動建立綠建築審核抽查,2014,2020,7,5,1677371,花蓮縣政府,103年度加強綠建築推動計畫-建立綠建築審核及抽查計畫；106年度加強綠建築推動計畫-建立綠建築審核及抽查計畫；107年度加強綠建築推動計畫-建立綠建築審核及抽查計畫；108年度加強綠建築推動計畫-建立綠建築審核及抽查計畫；109年度加強綠建築推動計畫-建立綠建築審核及抽查計畫,同機關且標題核心相同，尚待人工確認是否為同一專案
candidate_fb8ecd33dca2,學生營養品麵包採購,2010,2016,7,6,1677089,花蓮縣立體育實驗高級中學,學生營養品（麵包）採購；學生營養品(麵包)採購,同機關且標題核心相同，尚待人工確認是否為同一專案
candidate_8eb122e5827d,萬寧國小改善遊樂器材設備,2020,2021,2,2,1674300,花蓮縣富里鄉萬寧國民小學,萬寧國小改善遊樂器材及設備工程,同機關且標題核心相同，尚待人工確認是否為同一專案
candidate_d6c59356de86,環境綠美化維護工作含高枝修剪廁所清潔,2024,2026,3,3,1674231,花蓮縣萬榮鄉公所,113年度環境綠美化維護工作(含高枝修剪及廁所清潔)勞務採購案；114年度環境綠美化維護工作(含高枝修剪及廁所清潔)勞務採購；115年度環境綠美化維護工作(含高枝修剪及廁所清潔)勞務採購案,同機關且標題核心相同，尚待人工確認是否為同一專案
candidate_dd55a66c739e,花蓮縣資源回收觀摩活動,2019,2021,3,3,1673800,花蓮縣環境保護局,108年度花蓮縣資源回收觀摩活動；109年度花蓮縣資源回收觀摩活動；110年度花蓮縣資源回收觀摩活動,同機關且標題核心相同，尚待人工確認是否為同一專案
candidate_ea994f3d12b1,垃圾車挖土機鏟土機等養護採購,2012,2016,5,5,1668160,花蓮縣富里鄉公所,101年度垃圾車、挖土機、鏟土機等養護採購案；102年度垃圾車、挖土機、鏟土機等養護採購案；103年度垃圾車、挖土機及鏟土機等養護採購案；104年度垃圾車、挖土機及鏟土機等養護採購案；105年度垃圾車、挖土機及鏟土機等養護採購案,同機關且標題核心相同，尚待人工確認是否為同一專案
candidate_f9f650318dec,都市雨水下水道清淤,2016,2019,4,2,1666000,花蓮縣玉里鎮公所,105年度都市計畫雨水下水道清淤工程；108年度都市計畫雨水下水道清淤工程,同機關且標題核心相同，尚待人工確認是否為同一專案
candidate_2aaa452ecf6e,各村路燈裝設,2014,2015,2,2,1665000,花蓮縣秀林鄉公所,103年度各村路燈裝設工程；104年度各村路燈裝設工程,同機關且標題核心相同，尚待人工確認是否為同一專案
candidate_03c94db47145,花蓮縣教師節慶祝大會印刷會場布置採購,2021,2025,5,5,1663579,花蓮縣花蓮市明廉國民小學,花蓮縣110年度教師節慶祝大會印刷及會場布置採購案；花蓮縣111年度教師節慶祝大會印刷及會場布置採購案；花蓮縣112年度教師節慶祝大會印刷及會場布置採購案；花蓮縣113年度教師節慶祝大會印刷及會場布置採購案；花蓮縣114年度教師節慶祝大會印刷及會場布置採購案,同機關且標題核心相同，尚待人工確認是否為同一專案
candidate_c179c03541ab,花蓮縣衛生局各項保健業務宣導品,2015,2017,3,2,1662300,花蓮縣政府,花蓮縣衛生局104年度各項保健業務宣導品；106年花蓮縣衛生局各項保健業務宣導品,同機關且標題核心相同，尚待人工確認是否為同一專案
candidate_b1eb38de188d,花蓮縣環境保護局環境衛生用藥殺蟲乳劑採購,2010,2011,2,2,1660000,花蓮縣政府,花蓮縣環境保護局99年度環境衛生用藥殺蟲乳劑採購；花蓮縣環境保護局100年度環境衛生用藥殺蟲乳劑採購,同機關且標題核心相同，尚待人工確認是否為同一專案
candidate_a8e1937c9b95,花蓮體中籃球隊越南移地訓練交流參訪,2025,2026,2,2,1659600,花蓮縣立體育高級中等學校,花蓮體中籃球隊越南移地訓練交流參訪,同機關且標題核心相同，尚待人工確認是否為同一專案
candidate_e2e0b4eafe5d,立霧溪疏濬委託技術服務,2020,2022,3,2,1659370,花蓮縣政府,110年度立霧溪疏濬工程委託規劃設計技術服務；112年度立霧溪疏濬工程委託規劃設計技術服務,同機關且標題核心相同，尚待人工確認是否為同一專案
candidate_5f287b51901b,卓溪鄉區域排水一般排水溝清淤,2023,2026,4,5,1658000,花蓮縣卓溪鄉公所,112年度卓溪鄉區域排水及一般排水溝清淤工程；112年度卓溪鄉區域排水及一般排水溝清淤工程(第二期)；113年度卓溪鄉區域排水及一般排水溝清淤工程；113年度卓溪鄉區域排水及一般排水溝清淤工程第二期；115年度卓溪鄉區域排水及一般排水溝清淤工程第一期,同機關且標題核心相同，尚待人工確認是否為同一專案
candidate_46c3a7ee9ae0,花蓮縣政府花蓮地區水資源回收中心0403震災復建委託設計監造技術服務,2024,2026,3,2,1657082,花蓮縣政府,「花蓮縣政府花蓮地區水資源回收中心0403震災復建工程」委託設計監造技術服務；「花蓮縣政府花蓮地區水資源回收中心0403震災復建工程」委託設計監造技術服務-第一次契約變更,同機關且標題核心相同，尚待人工確認是否為同一專案
candidate_acec58dc610a,豐濱鄉區域一般排水清淤,2019,2023,5,4,1651500,花蓮縣豐濱鄉公所,豐濱鄉108年度區域及一般排水清淤工程(第二期)；豐濱鄉111年區域及一般排水清淤工程；豐濱鄉112年區域及一般排水清淤工程；豐濱鄉112年區域及一般排水清淤工程(第二期),同機關且標題核心相同，尚待人工確認是否為同一專案
candidate_915f6b04aa0d,花蓮縣玉里鎮赤科山蜜香紅茶分級評鑑採購,2017,2022,6,4,1651496,花蓮縣玉里鎮公所,「2017年花蓮縣玉里鎮赤科山蜜香紅茶分級評鑑計畫」採購案；「2018年花蓮縣玉里鎮赤科山蜜香紅茶分級評鑑計畫」採購案；「2019年花蓮縣玉里鎮赤科山蜜香紅茶分級評鑑計畫」採購案；「2022年花蓮縣玉里鎮赤科山蜜香紅茶分級評鑑計畫」採購案,同機關且標題核心相同，尚待人工確認是否為同一專案
candidate_5db1a4168997,花蓮縣政府國民小學置物櫃採購,2010,2011,2,2,1646000,花蓮縣政府,花蓮縣政府99年度國民小學置物櫃採購；花蓮縣政府100年度國民小學置物櫃採購,同機關且標題核心相同，尚待人工確認是否為同一專案
candidate_3b7323f8df92,救護耗材開口契約,2015,2017,3,3,1645066,花蓮縣政府,104年救護耗材開口契約；105年救護耗材開口契約；106年救護耗材開口契約,同機關且標題核心相同，尚待人工確認是否為同一專案
candidate_f7bae8436088,花蓮縣警察局各協勤民力義警山警巡守隊民防義交配件採購,2015,2017,3,2,1641552,花蓮縣政府,花蓮縣警察局104年度各協勤民力(義警、山警、巡守隊、民防、義交)配件採購案；花蓮縣警察局106年度各協勤民力(義警、山警、巡守隊、民防及義交)配件採購案,同機關且標題核心相同，尚待人工確認是否為同一專案
candidate_27f1e4f4c459,精進文書處理檔清理勞務工作,2023,2025,3,2,1632000,花蓮縣政府,113年度精進文書處理暨檔案清理勞務工作；115年度精進文書處理暨檔案清理勞務工作,同機關且標題核心相同，尚待人工確認是否為同一專案
candidate_d3ca2d0b4a47,花蓮縣消防局救護車救護耗材開口契約採購,2019,2021,3,5,1620564,花蓮縣消防局,花蓮縣消防局108年救護車救護耗材開口契約採購案；花蓮縣消防局108年救護車救護耗材開口契約採購案-第2次後續擴充；花蓮縣消防局109年救護車救護耗材開口契約採購案-後續擴充；花蓮縣消防局109年救護車救護耗材開口契約(110年後續擴充採購案),同機關且標題核心相同，尚待人工確認是否為同一專案
candidate_29667b570b1b,花蓮縣吉安鄉原住民綜合發展觀摩研習活動,2024,2026,3,2,1620000,花蓮縣吉安鄉公所,113年度花蓮縣吉安鄉原住民綜合發展觀摩研習活動；115年度花蓮縣吉安鄉原住民綜合發展觀摩研習活動,同機關且標題核心相同，尚待人工確認是否為同一專案
candidate_41e925a4a127,本鄉各村裝設擴音廣播設備,2022,2023,2,2,1620000,花蓮縣秀林鄉公所,111年本鄉各村裝設擴音廣播設備工程；112年本鄉各村裝設擴音廣播設備工程,同機關且標題核心相同，尚待人工確認是否為同一專案
candidate_7e35eec99f83,農業產銷班傳統文化縣外觀摩活動,2017,2023,7,4,1617600,花蓮縣卓溪鄉公所,106年度農業產銷班暨傳統文化縣外觀摩活動；109年度農業產銷班暨傳統文化縣外觀摩活動；111年度農業產銷班暨傳統文化縣外觀摩活動；112年度農業產銷班暨傳統文化縣外觀摩活動,同機關且標題核心相同，尚待人工確認是否為同一專案
candidate_de5d50b2f225,太巴塱國小廁所改善,2011,2013,3,3,1615000,花蓮縣光復鄉太巴塱國民小學,太巴塱國小廁所改善工程,同機關且標題核心相同，尚待人工確認是否為同一專案
candidate_5ff4f181738e,紅葉村5鄰排水溝修繕,2025,2026,2,2,1614265,花蓮縣政府,紅葉村5鄰排水溝修繕工程,同機關且標題核心相同，尚待人工確認是否為同一專案
candidate_f7220e34e1d2,中華國小基訓站游泳器材設備採購,2022,2024,3,2,1607900,花蓮縣花蓮市中華國民小學,中華國小111年度基訓站游泳器材設備採購案；中華國小113年度基訓站游泳器材設備採購案,同機關且標題核心相同，尚待人工確認是否為同一專案
candidate_abd549c892da,花蓮地政事務所土地界標招標,2014,2022,9,6,1604190,花蓮縣花蓮地政事務所,花蓮地政事務所104年度土地界標招標案；花蓮地政事務所105年度土地界標招標案；花蓮地政事務所106年度土地界標招標案；花蓮地政事務所109年度土地界標招標案；花蓮地政事務所110年度土地界標招標案；花蓮地政事務所111年度土地界標招標案,同機關且標題核心相同，尚待人工確認是否為同一專案
candidate_a4314793fcb6,秀林鄉上半年幼兒園主園各分班幼兒繪本教材教具採購,2023,2026,4,4,1603000,花蓮縣秀林鄉公所,秀林鄉112年度(上半年)幼兒園主園暨各分班幼兒繪本、教材及教具採購；秀林鄉113年度(上半年)幼兒園主園暨各分班幼兒繪本、教材及教具採購；秀林鄉114年度(上半年)幼兒園主園暨各分班幼兒繪本、教材及教具採購；秀林鄉115年度(上半年)幼兒園主園暨各分班幼兒繪本、教材及教具採購,同機關且標題核心相同，尚待人工確認是否為同一專案
candidate_3a78f526b9d5,全國布農族射耳祭傳統技能競賽活動交通住宿膳食採購,2017,2019,3,2,1603000,花蓮縣萬榮鄉公所,106年全國布農族射耳祭暨傳統技能競賽活動交通、住宿及膳食採購案；108年度全國布農族射耳祭暨傳統技能競賽活動交通、住宿及膳食採購案,同機關且標題核心相同，尚待人工確認是否為同一專案
candidate_7188a57daafe,鳳林鎮里鄰長調解委員基層建設環境教育政令宣導活動,2020,2021,2,2,1600000,花蓮縣鳳林鎮公所,鳳林鎮109年度里鄰長暨調解委員基層建設暨環境教育政令宣導活動；鳳林鎮110年度里鄰長暨調解委員基層建設暨環境教育政令宣導活動,同機關且標題核心相同，尚待人工確認是否為同一專案
candidate_90ccb6408204,花蓮縣政府移動式抽水機維護保養運輸操作搶險,2013,2014,2,2,1597576,花蓮縣政府,花蓮縣政府102年度移動式抽水機維護保養及運輸操作搶險；花蓮縣政府103年度移動式抽水機維護保養及運輸操作搶險,同機關且標題核心相同，尚待人工確認是否為同一專案
candidate_9d219b24e274,汰換全測站電子光波測距經緯儀採購,2016,2021,6,2,1587000,花蓮縣政府,「汰換全測站電子光波測距經緯儀」採購案,同機關且標題核心相同，尚待人工確認是否為同一專案
candidate_960d0749bdbf,本鄉各村公墓週邊設施維護,2014,2015,2,2,1582000,花蓮縣秀林鄉公所,本鄉各村公墓週邊設施及維護工程,同機關且標題核心相同，尚待人工確認是否為同一專案
candidate_9361d5acb90d,花蓮縣花蓮市公所新春春聯紅包袋設計印製,2015,2021,7,6,1581000,花蓮縣花蓮市公所,花蓮縣花蓮市公所105年度新春春聯暨紅包袋設計及印製；花蓮縣花蓮市公所106年度新春春聯暨紅包袋設計及印製；花蓮縣花蓮市公所107年度新春春聯暨紅包袋設計及印製；花蓮縣花蓮市公所108年度新春春聯暨紅包袋設計及印製；花蓮縣花蓮市公所110年度新春春聯暨紅包袋設計及印製；花蓮縣花蓮市公所111年度新春春聯暨紅包袋設計及印製,同機關且標題核心相同，尚待人工確認是否為同一專案
candidate_d297387f2392,洄瀾施政成果影片服務,2020,2022,3,2,1580000,花蓮縣政府,109年洄瀾施政成果影片服務案；110年洄瀾施政成果影片服務案,同機關且標題核心相同，尚待人工確認是否為同一專案
candidate_0262ee145750,秀林鄉鄉立幼兒園各分班繪本教材教具採購,2017,2018,2,2,1580000,花蓮縣秀林鄉公所,秀林鄉106年度鄉立幼兒園及各分班繪本、教材及教具採購；秀林鄉107年度鄉立幼兒園及各分班繪本、教材及教具採購,同機關且標題核心相同，尚待人工確認是否為同一專案
candidate_dd90567ed1a3,100噸灌溉蓄水池第一,2022,2025,4,3,1578000,花蓮縣政府,111年度100噸灌溉蓄水池工程第一案；113年度100噸灌溉蓄水池工程第一案；114年度100噸灌溉蓄水池工程第一案,同機關且標題核心相同，尚待人工確認是否為同一專案
candidate_fca87e0082e6,水稻葉穗稻熱病75%三賽唑可濕性粉劑,2012,2013,2,2,1576476,花蓮縣吉安鄉公所,101年度水稻葉穗稻熱病75%三賽唑可濕性粉劑；102年度水稻葉穗稻熱病75%三賽唑可濕性粉劑,同機關且標題核心相同，尚待人工確認是否為同一專案
candidate_a9f537cc6286,垃圾車資源回收車等車輛維修開口契約採購,2019,2026,8,2,1575400,花蓮縣壽豐鄉公所,108年度垃圾車、資源回收車等車輛維修第二次開口契約採購；115年度垃圾車、資源回收車等車輛維修(開口契約)採購,同機關且標題核心相同，尚待人工確認是否為同一專案
candidate_38537633fe7e,基層村里鄰長政令宣導花蓮市餐會採購,2023,2026,4,3,1574500,花蓮縣政府,112年度基層村(里)鄰長政令宣導-花蓮市餐會採購案；113年度基層村(里)鄰長政令宣導-花蓮市餐會採購案；115年度基層村(里)鄰長政令宣導-花蓮市餐會採購案,同機關且標題核心相同，尚待人工確認是否為同一專案
candidate_11aa26c84348,明義國小改善午餐廚房設備,2024,2025,2,2,1573760,花蓮縣花蓮市明義國民小學,113年度明義國小改善午餐廚房設備；114年度明義國小改善午餐廚房設備,同機關且標題核心相同，尚待人工確認是否為同一專案
candidate_0273cc23f5f1,花蓮縣政府民政處統一印刷開口契約,2014,2022,9,8,1571310,花蓮縣政府,花蓮縣政府民政處103年度統一印刷案開口契約；花蓮縣政府民政處104年度統一印刷案開口契約；花蓮縣政府民政處105年度統一印刷案開口契約；花蓮縣政府民政處106年度統一印刷案開口契約；花蓮縣政府民政處107年度統一印刷案開口契約；花蓮縣政府民政處108年度統一印刷案開口契約；花蓮縣政府民政處110年度統一印刷案開口契約；「花蓮縣政府民政處110年統一印刷開口契約」111年度後續擴充,同機關且標題核心相同，尚待人工確認是否為同一專案
candidate_4230f43f750d,編號鄉道市區道路重要路段養護花64線道路環境砍草維護,2024,2026,3,3,1569501,花蓮縣瑞穗鄉公所,113年度編號鄉道及市區道路重要路段養護工程-花64線道路環境砍草維護工程；114年度編號鄉道及市區道路重要路段養護工程 -花64線道路環境砍草維護工程；115年度編號鄉道及市區道路重要路段養護工程-花64線道路環境砍草維護工程,同機關且標題核心相同，尚待人工確認是否為同一專案
candidate_6efdad52dc57,環境衛生清潔維護,2024,2025,2,3,1563416,花蓮縣萬榮鄉公所,113年度環境衛生清潔維護勞務採購；114年度環境衛生清潔維護；115年度環境衛生清潔維護勞務採購案,同機關且標題核心相同，尚待人工確認是否為同一專案
candidate_6843b31f63af,富里鄉公所路燈材料採購,2012,2018,7,6,1558531,花蓮縣富里鄉公所,富里鄉公所101年路燈材料採購案；富里鄉公所102年路燈材料採購案；富里鄉公所103年路燈材料採購案；富里鄉公所104年路燈材料採購案；富里鄉公所106年路燈材料採購案；富里鄉公所107年路燈材料採購案,同機關且標題核心相同，尚待人工確認是否為同一專案
candidate_3e8389948cb3,鳳義里活動中心充實設施設備修繕,2020,2022,3,2,1558000,花蓮縣鳳林鎮公所,鳳義里活動中心充實設施設備(修繕)工程,同機關且標題核心相同，尚待人工確認是否為同一專案
candidate_599603f1cdc9,花蓮縣秀林鄉公所鄉回饋金委員志工綜合業務觀摩活動,2025,2026,2,2,1554690,花蓮縣秀林鄉公所,花蓮縣秀林鄉公所114年度鄉回饋金委員及志工綜合業務觀摩活動；花蓮縣秀林鄉公所115年度鄉回饋金委員及志工綜合業務觀摩活動,同機關且標題核心相同，尚待人工確認是否為同一專案
candidate_e68b1da6336f,移動式抽水機維護保養搶險開口契約,2018,2026,9,8,1554500,花蓮縣吉安鄉公所,107年度移動式抽水機維護保養及搶險(開口契約)；108年度移動式抽水機維護保養及搶險(開口契約)；109年度移動式抽水機維護保養及搶險(開口契約)；110年度移動式抽水機維護保養及搶險(開口契約)；111年度移動式抽水機維護保養及搶險(開口契約)；112年度移動式抽水機維護保養及搶險(開口契約)；113年度移動式抽水機維護保養及搶險(開口契約)；115年度移動式抽水機維護保養及搶險(開口契約),同機關且標題核心相同，尚待人工確認是否為同一專案
candidate_fe4879f4048c,花蓮縣大進國小風雨球場委託設計監造技術服務,2024,2025,2,2,1547092,花蓮縣光復鄉大進國民小學,花蓮縣大進國小風雨球場新建工程委託設計監造技術服務,同機關且標題核心相同，尚待人工確認是否為同一專案
candidate_b220a8be2561,花蓮縣臺灣原住民族文化館園區樹木草坪修剪開口契約,2022,2025,4,4,1546800,花蓮縣政府,111年花蓮縣臺灣原住民族文化館園區樹木及草坪修剪開口契約勞務採購案；112年花蓮縣臺灣原住民族文化館園區樹木及草坪修剪開口契約勞務採購案；113年花蓮縣臺灣原住民族文化館園區樹木及草坪修剪開口契約勞務採購案；114年花蓮縣臺灣原住民族文化館園區樹木及草坪修剪開口契約勞務採購案,同機關且標題核心相同，尚待人工確認是否為同一專案
candidate_d29968a3107f,花蓮縣政府清明掃墓便民措施服務用品採購,2015,2021,7,6,1546762,花蓮縣政府,花蓮縣政府104年度清明掃墓便民措施服務用品採購案；花蓮縣政府105年度清明掃墓便民措施服務用品採購案；花蓮縣政府106年度清明掃墓便民措施服務用品採購案；花蓮縣政府107年度清明掃墓便民措施服務用品採購案；花蓮縣政府108年度清明掃墓便民措施服務用品採購案；花蓮縣政府110年度清明掃墓便民措施服務用品採購案,同機關且標題核心相同，尚待人工確認是否為同一專案
candidate_70292c1c91ea,新城鄉原住民部落幹部產業經濟發展觀摩活動,2012,2017,6,2,1543600,花蓮縣新城鄉公所,新城鄉101年度原住民部落幹部產業經濟發展觀摩活動；新城鄉106年度原住民部落幹部產業經濟發展觀摩活動,同機關且標題核心相同，尚待人工確認是否為同一專案
candidate_4d31c4dce7ed,本鄉觀光產業園區環境場域公廁等設施管養修繕消防公安設施費用開口契約,2020,2021,2,2,1540000,花蓮縣秀林鄉公所,109年度本鄉觀光產業園區環境場域、公廁等設施管養修繕、消防公安設施費用(開口契約)；110年度本鄉觀光產業園區環境場域、公廁等設施管養修繕、消防公安設施費用(開口契約),同機關且標題核心相同，尚待人工確認是否為同一專案
candidate_d015e0d6fa5a,花蓮縣吉安鄉公所鄉務期刊共4期採購,2021,2022,2,2,1537680,花蓮縣吉安鄉公所,110年花蓮縣吉安鄉公所鄉務期刊(共4期)採購案；111年花蓮縣吉安鄉公所鄉務期刊(共4期)採購案,同機關且標題核心相同，尚待人工確認是否為同一專案
candidate_08e53e243061,法院交查兒童少年收出養訪視調查相關收出養服務,2017,2018,2,2,1537124,花蓮縣政府,106年法院交查兒童及少年收出養訪視調查暨相關收出養服務計畫；107年度法院交查兒童及少年收出養訪視調查暨相關收出養服務,同機關且標題核心相同，尚待人工確認是否為同一專案
candidate_4af861b61d5c,卓溪鄉參加全國太魯閣族運動會活動服裝採購,2024,2026,3,3,1537000,花蓮縣卓溪鄉公所,卓溪鄉參加113年全國太魯閣族運動會活動服裝採購案；卓溪鄉參加114年全國太魯閣族運動會活動服裝採購案；卓溪鄉參加115年度全國太魯閣族運動會活動服裝採購案,同機關且標題核心相同，尚待人工確認是否為同一專案
candidate_dda2baee1d52,豐濱鄉日曆設計印刷,2012,2025,14,10,1536605,花蓮縣豐濱鄉公所,豐濱鄉102年日曆設計印刷；豐濱鄉103年日曆設計印刷；豐濱鄉104年日曆設計印刷；豐濱鄉105年日曆設計印刷；豐濱鄉106年日曆設計印刷；豐濱鄉107年日曆設計印刷；豐濱鄉108年日曆設計印刷；豐濱鄉109年日曆設計印刷；豐濱鄉111年日曆設計印刷；豐濱鄉115年日曆設計印刷,同機關且標題核心相同，尚待人工確認是否為同一專案
candidate_a965e7cf7000,法院交查兒童少年監護權歸屬訪視調查,2017,2019,3,3,1535500,花蓮縣政府,106年度法院交查兒童及少年監護權歸屬訪視調查計畫；107年度法院交查兒童及少年監護權歸屬訪視調查計畫；108年度法院交查兒童及少年監護權歸屬訪視調查計畫,同機關且標題核心相同，尚待人工確認是否為同一專案
candidate_4bf5f4ea8d54,花蓮縣水患自主防災社區推動,2015,2016,2,2,1534000,花蓮縣政府,104年度花蓮縣水患自主防災社區推動計畫；105年度花蓮縣水患自主防災社區推動計畫,同機關且標題核心相同，尚待人工確認是否為同一專案
candidate_b0e63364c324,花蓮縣消防局119資訊系統網路設備維護,2017,2018,2,2,1531101,花蓮縣政府,花蓮縣消防局106年度119資訊系統及網路設備維護案；花蓮縣消防局107年度119資訊系統及網路設備維護案,同機關且標題核心相同，尚待人工確認是否為同一專案
candidate_9e579a617716,花蓮縣萬榮鄉公墓廢棄墓基打除整地廢棄物清理,2023,2026,4,3,1530575,花蓮縣萬榮鄉公所,112年度花蓮縣萬榮鄉公墓廢棄墓基打除、整地及廢棄物清理勞務採購；113年花蓮縣萬榮鄉公墓廢棄墓基打除、整地及廢棄物清理勞務採購；115年花蓮縣萬榮鄉公墓廢棄墓基打除、整地及廢棄物清理勞務採購,同機關且標題核心相同，尚待人工確認是否為同一專案
candidate_02a72ee5900d,花蓮縣消防局購置紅外線熱顯像空拍無人機1組,2022,2023,2,2,1530000,花蓮縣消防局,花蓮縣消防局111年購置紅外線熱顯像空拍無人機1組；花蓮縣消防局112年購置紅外線熱顯像空拍無人機1組,同機關且標題核心相同，尚待人工確認是否為同一專案
candidate_a5d88426f0fc,花蓮縣玉里鎮中城國民小學等5校103學年度六年級校外教學聯合招標,2014,2015,2,2,1525400,花蓮縣玉里鎮中城國民小學,花蓮縣玉里鎮中城國民小學等5校103學年度六年級校外教學聯合招標案,同機關且標題核心相同，尚待人工確認是否為同一專案
candidate_23c4b090ff0e,花蓮縣警察局模擬實戰訓練色彈採購,2015,2018,4,3,1523580,花蓮縣政府,花蓮縣警察局104年度模擬實戰訓練色彈採購案；花蓮縣警察局106年度模擬實戰訓練色彈採購案；花蓮縣警察局107年度模擬實戰訓練色彈採購案,同機關且標題核心相同，尚待人工確認是否為同一專案
candidate_2594e6079656,花蓮縣政府施政年度績效報告縣長施政報告印刷採購,2013,2025,13,10,1522750,花蓮縣政府,花蓮縣政府施政計畫及年度績效報告暨縣長施政報告印刷採購案；114年度花蓮縣政府施政計畫及年度績效報告暨縣長施政報告印刷採購案,同機關且標題核心相同，尚待人工確認是否為同一專案
candidate_0a6af9e15abf,本所行政網路電腦平台作業系統維護採購,2014,2019,6,6,1514000,花蓮縣玉里鎮公所,103年本所行政網路及電腦平台作業系統維護採購案；105年本所行政網路及電腦平台作業系統維護採購案；106年本所行政網路及電腦平台作業系統維護採購案；107年本所行政網路及電腦平台作業系統維護採購案；108年本所行政網路及電腦平台作業系統維護採購案；109年本所行政網路及電腦平台作業系統維護採購案,同機關且標題核心相同，尚待人工確認是否為同一專案
candidate_42ac4054d798,花蓮縣消防局和仁分隊傢俱等設備採購,2019,2020,2,3,1510400,花蓮縣消防局,花蓮縣消防局和仁分隊傢俱等設備採購案；花蓮縣消防局和仁分隊傢俱等設備採購案-後續擴充,同機關且標題核心相同，尚待人工確認是否為同一專案
candidate_ca43edec0c09,花蓮縣政府長青座談餐會,2016,2026,11,8,1506500,花蓮縣政府,「花蓮縣政府106年長青座談餐會」勞務採購案；「花蓮縣政府107年長青座談餐會」勞務採購案；「花蓮縣政府108年長青座談餐會」勞務採購案；「花蓮縣政府109年長青座談餐會」勞務採購案；花蓮縣政府112年長青座談餐會勞務採購案；花蓮縣政府113年長青座談餐會勞務採購案；花蓮縣政府114年長青座談餐會勞務採購案；花蓮縣政府115年長青座談餐會勞務採購案,同機關且標題核心相同，尚待人工確認是否為同一專案
candidate_492ed402b81a,花蓮縣玉里鎮公所出國考察活動採購,2024,2025,2,2,1505895,花蓮縣玉里鎮公所,花蓮縣玉里鎮公所113年度出國考察活動採購案；花蓮縣玉里鎮公所114年度出國考察活動採購案,同機關且標題核心相同，尚待人工確認是否為同一專案
candidate_640b3ae7118c,本所辦公廳等5處系統保全服務採購,2014,2019,6,5,1504000,花蓮縣玉里鎮公所,「104年本所辦公廳等5處系統保全服務」採購案；「105年本所辦公廳等5處系統保全服務」採購案；「106年本所辦公廳等5處系統保全服務」採購案；「107年本所辦公廳等5處系統保全服務」採購案；108年本所辦公廳等5處系統保全服務採購案,同機關且標題核心相同，尚待人工確認是否為同一專案
candidate_5ebff0a1eb06,花蓮縣富里鄉村鄰長政令宣導文康活動採購,2023,2024,2,2,1503440,花蓮縣富里鄉公所,花蓮縣富里鄉112年度村鄰長政令宣導暨文康活動採購案；花蓮縣富里鄉113年度村鄰長政令宣導暨文康活動採購案,同機關且標題核心相同，尚待人工確認是否為同一專案
candidate_5ec90703070f,花蓮縣社區發展協會推動福利社區化需求調查委託研究,2018,2024,7,3,1500000,花蓮縣政府,花蓮縣107年度社區發展協會推動福利社區化需求調查委託研究計畫；花蓮縣109年度社區發展協會推動福利社區化需求調查委託研究計畫；花蓮縣113年度社區發展協會推動福利社區化需求調查委託研究計畫,同機關且標題核心相同，尚待人工確認是否為同一專案
candidate_8716b7ca71fd,高關懷兒童少年輔導服務,2017,2018,2,2,1500000,花蓮縣政府,106年度高關懷兒童少年輔導服務計畫；107年度高關懷兒童少年輔導服務計畫,同機關且標題核心相同，尚待人工確認是否為同一專案
candidate_a27a01a7820d,化仁海堤景觀燈環境改善,2020,2021,2,2,1500000,花蓮縣吉安鄉公所,化仁海堤景觀燈環境改善工程,同機關且標題核心相同，尚待人工確認是否為同一專案
candidate_7e816b662227,光復鄉出國考察觀摩活動,2023,2024,2,2,1500000,花蓮縣光復鄉公所,112年度光復鄉出國考察觀摩活動；113年度光復鄉出國考察觀摩活動,同機關且標題核心相同，尚待人工確認是否為同一專案
candidate_689fe68be671,本鄉路樹修剪整枝工作開口契約,2025,2026,2,2,1499000,花蓮縣秀林鄉公所,114年度本鄉路樹修剪整枝工作(開口契約)；115年度本鄉路樹修剪整枝工作(開口契約),同機關且標題核心相同，尚待人工確認是否為同一專案
candidate_a3f425c37575,花蓮縣政府歲末員工聯歡財物租賃採購,2018,2024,7,4,1498600,花蓮縣政府,花蓮縣政府107年歲末員工聯歡財物租賃採購案；花蓮縣政府108年歲末員工聯歡財物租賃採購案；花蓮縣政府111年度歲末員工聯歡財物租賃採購案；花蓮縣政府112年度歲末員工聯歡財物租賃採購案,同機關且標題核心相同，尚待人工確認是否為同一專案
candidate_3b486160a878,因公務赴亞洲地區國外考察,2017,2019,3,3,1497500,花蓮縣卓溪鄉公所,106年度因公務赴亞洲地區國外考察；107年度因公務赴亞洲地區國外考察；108年度因公務赴亞洲地區國外考察,同機關且標題核心相同，尚待人工確認是否為同一專案
candidate_8d55ef559cbf,花蓮縣中區區域性垃圾衛生掩埋場環境影響差異分析報告,2016,2025,10,2,1495000,花蓮縣鳳林鎮公所,花蓮縣中區區域性垃圾衛生掩埋場環境影響差異分析報告；花蓮縣中區區域性垃圾衛生掩埋場環境影響第三次差異分析報告,同機關且標題核心相同，尚待人工確認是否為同一專案
candidate_60ffacbd3882,移動式抽水機維護管理,2015,2022,8,7,1495000,花蓮縣瑞穗鄉公所,104年度移動式抽水機維護管理計畫；105年度移動式抽水機維護管理計畫；107年度移動式抽水機維護管理計畫；108年度移動式抽水機維護管理計畫；109年度移動式抽水機維護管理計畫；110年度移動式抽水機維護管理計畫；111年度移動式抽水機維護管理計畫,同機關且標題核心相同，尚待人工確認是否為同一專案
candidate_233109c7c946,和平村監視器裝設設備維護開口契約,2015,2017,3,2,1494156,花蓮縣秀林鄉公所,和平村監視器裝設及設備維護工程(開口契約)；106年度和平村監視器裝設及設備維護工程（開口契約）,同機關且標題核心相同，尚待人工確認是否為同一專案
candidate_7845c9bbcb2a,土石流防災重機械進駐搶修作業工作開口契約,2016,2017,2,2,1490566,花蓮縣萬榮鄉公所,105年度土石流防災重機械進駐搶修作業工作開口契約；106年度土石流防災重機械進駐搶修作業工作開口契約,同機關且標題核心相同，尚待人工確認是否為同一專案
candidate_39f544c076e1,花蓮市公有零售市場縣外觀摩研習活動,2022,2026,5,5,1485564,花蓮縣花蓮市公所,111年度花蓮市公有零售市場縣外觀摩研習活動；112年度花蓮市公有零售市場縣外觀摩研習活動；113年度花蓮市公有零售市場縣外觀摩研習活動；114年度花蓮市公有零售市場縣外觀摩研習活動；115年度花蓮市公有零售市場縣外觀摩研習活動,同機關且標題核心相同，尚待人工確認是否為同一專案
candidate_818dc56e4ee0,豐濱鄉九九重陽敬老禮品採購,2013,2018,6,6,1484564,花蓮縣豐濱鄉公所,豐濱鄉102年度九九重陽敬老禮品採購；豐濱鄉103年度九九重陽敬老禮品採購；豐濱鄉104年度九九重陽敬老禮品採購；豐濱鄉105年度九九重陽敬老禮品採購；豐濱鄉106年度九九重陽敬老禮品採購；豐濱鄉107年度九九重陽敬老禮品採購,同機關且標題核心相同，尚待人工確認是否為同一專案
candidate_8b3088a0dae4,花蓮縣全縣社區全民聯合運動會運動服裝採購,2014,2020,7,6,1481720,花蓮縣吉安鄉公所,103年花蓮縣全縣暨社區全民聯合運動會運動服裝採購案；105年花蓮縣全縣暨社區全民聯合運動會運動服裝採購案；106年花蓮縣全縣暨社區全民聯合運動會運動服裝採購案；107年花蓮縣全縣暨社區全民聯合運動會運動服裝採購案；108年花蓮縣全縣暨社區全民聯合運動會運動服裝採購案；109年花蓮縣全縣暨社區全民聯合運動會運動服裝採購案,同機關且標題核心相同，尚待人工確認是否為同一專案
candidate_55c70f7f78c0,玉里國中九年級校外教學,2024,2025,2,2,1478500,花蓮縣立玉里國民中學,玉里國中113年度九年級校外教學勞務採購；玉里國中114年度九年級校外教學勞務採購,同機關且標題核心相同，尚待人工確認是否為同一專案
candidate_fb186581c883,萬榮鄉公所各村廣播系統維護採購開口契約,2019,2020,2,2,1476900,花蓮縣萬榮鄉公所,萬榮鄉公所108年度各村廣播系統維護採購(開口契約)；萬榮鄉公所109年度各村廣播系統維護採購(開口契約),同機關且標題核心相同，尚待人工確認是否為同一專案
candidate_261dd2226252,花蓮縣外來入侵植物防治開口契約,2019,2024,6,5,1476200,花蓮縣政府,108年度花蓮縣外來入侵植物防治計畫勞務採購開口契約；109年花蓮縣外來入侵植物防治計畫勞務採購開口契約；110年度花蓮縣外來入侵植物防治勞務採購開口契約；112年度花蓮縣外來入侵植物防治勞務採購開口契約；113年度花蓮縣外來入侵植物防治勞務採購開口契約,同機關且標題核心相同，尚待人工確認是否為同一專案
candidate_229452bdf7b5,花蓮縣警察局春安工作慰勞餐會採購,2013,2014,2,3,1476000,花蓮縣警察局,花蓮縣警察局102年度春安工作慰勞餐會採購案；花蓮縣警察局103年度春安工作慰勞餐會採購案,同機關且標題核心相同，尚待人工確認是否為同一專案
candidate_56fa7b03f1a0,提升外國人查察諮詢業務服務品質實施外國人業務促進員招標,2025,2026,2,3,1475560,花蓮縣政府,114年度「提升外國人查察暨諮詢業務服務品質實施計畫-外國人業務促進員」招標案；115年度「提升外國人查察暨諮詢業務服務品質實施計畫-外國人業務促進員」招標案；115年度「提升外國人查察暨諮詢業務服務品質實施計畫-外國人業務促進員」招標案(第二次),同機關且標題核心相同，尚待人工確認是否為同一專案
candidate_dd3acf037f55,花蓮縣消防局救護耗材開口契約採購,2024,2026,3,4,1472875,花蓮縣消防局,花蓮縣消防局113年救護耗材開口契約採購案；花蓮縣消防局113年救護耗材開口契約採購案(後續擴充)；花蓮縣消防局114年救護耗材開口契約採購案(第2次後續擴充)；花蓮縣消防局115年救護耗材開口契約採購案,同機關且標題核心相同，尚待人工確認是否為同一專案
candidate_cbd0a2c88641,公立國民中小學建築物公共安全檢查申報,2013,2016,4,4,1471826,花蓮縣政府,102年度公立國民中小學建築物公共安全檢查申報；103年度公立國民中小學建築物公共安全檢查申報；104年度公立國民中小學建築物公共安全檢查申報；105年度公立國民中小學建築物公共安全檢查申報,同機關且標題核心相同，尚待人工確認是否為同一專案
candidate_15c95e885a8e,富里國小改善無障礙校園環境,2017,2020,4,3,1470375,花蓮縣富里鄉富里國民小學,富里國小106年改善無障礙校園環境工程；富里國小108年度改善無障礙校園環境工程；富里國小109年度改善無障礙校園環境工程,同機關且標題核心相同，尚待人工確認是否為同一專案
candidate_f8c69fc8212a,秀林鄉各托兒所教材教具採購,2012,2013,2,2,1470000,花蓮縣秀林鄉公所,秀林鄉101年度各托兒所教材及教具採購；秀林鄉102年度各托兒所教材及教具採購,同機關且標題核心相同，尚待人工確認是否為同一專案
candidate_423e7959e56a,花蓮縣國民中小學教師聯合甄選作業服務系統採購,2024,2026,3,2,1465000,花蓮縣吉安鄉宜昌國民小學,花蓮縣113年度國民中小學教師聯合甄選作業服務系統採購；花蓮縣115年度國民中小學教師聯合甄選作業服務系統採購,同機關且標題核心相同，尚待人工確認是否為同一專案
candidate_8b39d69ceb77,全鄉農業灌溉用水引水道整修開口契約,2011,2012,2,2,1457000,花蓮縣卓溪鄉公所,100年全鄉農業灌溉用水引水道整修工程開口契約；101年全鄉農業灌溉用水引水道整修工程開口契約,同機關且標題核心相同，尚待人工確認是否為同一專案
candidate_8e2b3654d2e5,村鄰長政令宣導文康訓練活動,2017,2018,2,2,1456200,花蓮縣富里鄉公所,106年度村鄰長政令宣導暨文康訓練活動計畫；107年度村鄰長政令宣導暨文康訓練活動計畫,同機關且標題核心相同，尚待人工確認是否為同一專案
candidate_13231f5e26c2,原住民族觀摩研習活動,2014,2015,2,2,1452000,花蓮縣吉安鄉公所,103年度原住民族觀摩研習活動；104年度原住民族觀摩研習活動,同機關且標題核心相同，尚待人工確認是否為同一專案
candidate_95873235319a,國風國中基層運動選手訓練站訓練環境器材設備,2013,2021,9,5,1451300,花蓮縣立國風國民中學,國風國中「102年度基層運動選手訓練站訓練環境及器材設備」案；國風國中「103年度基層運動選手訓練站訓練環境及器材設備」案；國風國中104年度基層運動選手訓練站訓練環境及器材設備案；國風國中「109年度基層運動選手訓練站訓練環境及器材設備」案,同機關且標題核心相同，尚待人工確認是否為同一專案
candidate_ded60021c8f5,本鄉各村公墓公園化造景維護開口契約,2021,2022,2,2,1450000,花蓮縣秀林鄉公所,110年本鄉各村公墓公園化及造景維護工程(開口契約)；111年度本鄉各村公墓公園化及造景維護工程(開口契約),同機關且標題核心相同，尚待人工確認是否為同一專案
candidate_34e0aa643bed,花蓮縣東大門夜市環境消毒集水槽清理開口契約,2016,2017,2,2,1449600,花蓮縣政府,105年花蓮縣東大門夜市環境消毒及集水槽清理開口契約；106年花蓮縣東大門夜市環境消毒及集水槽清理開口契約,同機關且標題核心相同，尚待人工確認是否為同一專案
candidate_d95e18a91f0d,花蓮縣身心健康成癮防治所業務推廣品開口契約採購,2024,2025,2,2,1444750,花蓮縣衛生局,113年花蓮縣身心健康及成癮防治所業務推廣品開口契約採購案；114年花蓮縣身心健康及成癮防治所業務推廣品開口契約採購案,同機關且標題核心相同，尚待人工確認是否為同一專案
candidate_e86c1c70a798,卓溪鄉鄉射耳祭活動採購,2021,2022,2,2,1440000,花蓮縣卓溪鄉公所,卓溪鄉110年度鄉射耳祭活動委託專業服務採購案；卓溪鄉111年度鄉射耳祭活動委託專業服務採購案,同機關且標題核心相同，尚待人工確認是否為同一專案
candidate_5f427cdd6a5a,玉里鎮松浦里農路改善,2012,2013,2,2,1438000,花蓮縣政府,玉里鎮松浦里農路改善工程,同機關且標題核心相同，尚待人工確認是否為同一專案
candidate_1d370563d9df,花蓮縣立體育場各項採購統合委託設計監造技術服務開口契約,2015,2017,3,3,1434060,花蓮縣立體育場,104年度花蓮縣立體育場各項採購統合委託設計監造技術服務(開口契約)；105年度花蓮縣立體育場各項採購統合委託設計監造技術服務(開口契約)；106年度花蓮縣立體育場各項採購統合委託設計監造技術服務開口契約,同機關且標題核心相同，尚待人工確認是否為同一專案
candidate_b429a9081669,花蓮縣中小學防毒軟體3年授權採購,2015,2018,4,2,1432000,花蓮縣政府,花蓮縣104年中小學防毒軟體3年授權採購案；花蓮縣107年中小學防毒軟體3年授權採購案,同機關且標題核心相同，尚待人工確認是否為同一專案
candidate_c6dc2532e1ba,加灣部落道路排水改善,2010,2013,4,2,1428000,花蓮縣秀林鄉公所,加灣部落道路排水改善工程,同機關且標題核心相同，尚待人工確認是否為同一專案
candidate_1e38cc08c047,花蓮縣新城鄉衛生所醫療設備採購,2020,2021,2,2,1427000,花蓮縣政府,花蓮縣新城鄉衛生所醫療設備採購案,同機關且標題核心相同，尚待人工確認是否為同一專案
candidate_95c1d42ff52f,採購水稻葉穗稻熱病福壽螺藥劑採購開口契約,2024,2026,3,2,1426000,花蓮縣吉安鄉公所,113年採購水稻葉穗稻熱病及福壽螺藥劑採購案(開口契約)；115年採購水稻葉穗稻熱病、福壽螺藥劑採購案(開口契約),同機關且標題核心相同，尚待人工確認是否為同一專案
candidate_30ad46b4ede3,花蓮市各里里內10型乾粉滅火器採購,2014,2025,12,7,1424138,花蓮縣花蓮市公所,103年度花蓮市各里里內10型乾粉滅火器採購；104年度花蓮市各里里內10型乾粉滅火器採購；105年度花蓮市各里里內10型乾粉滅火器採購；106年度花蓮市各里里內10型乾粉滅火器採購；107年度花蓮市各里里內10型乾粉滅火器採購；112年度花蓮市各里里內10型乾粉滅火器採購；花蓮市各里里內10型乾粉滅火器採購,同機關且標題核心相同，尚待人工確認是否為同一專案
candidate_ad22df57dcb6,新城鄉流動公共廁所租賃開口契約,2022,2025,4,5,1423000,花蓮縣新城鄉公所,新城鄉111年度流動公共廁所租賃(開口契約)；新城鄉112年度流動公共廁所租賃(開口契約)；新城鄉113年度流動公共廁所租賃(開口契約)；新城鄉114年度流動公共廁所租賃(開口契約)；新城鄉115年度流動公共廁所租賃(開口契約),同機關且標題核心相同，尚待人工確認是否為同一專案
candidate_cf4d2b713ee1,花蓮市公有零售市場從業人員花蓮市公所員工新春聯誼餐會,2019,2023,5,2,1420000,花蓮縣花蓮市公所,109年度花蓮市公有零售市場從業人員暨花蓮市公所員工新春聯誼餐會；112年度花蓮市公有零售市場從業人員暨花蓮市公所員工新春聯誼餐會,同機關且標題核心相同，尚待人工確認是否為同一專案
candidate_819be3c51dad,花蓮縣警察局路邊收費停車格之劃設修正改善開口契約採購,2013,2014,2,2,1419000,花蓮縣警察局,花蓮縣警察局102年度「路邊收費停車格之劃設、修正及改善工程」開口契約採購案；花蓮縣警察局103年度「路邊收費停車格之劃設、修正及改善工程」開口契約採購案,同機關且標題核心相同，尚待人工確認是否為同一專案
candidate_31fd24ec27cf,壽豐鄉樹湖村體健設施建置,2025,2026,2,2,1419000,花蓮縣壽豐鄉公所,壽豐鄉樹湖村體健設施建置工程；壽豐鄉樹湖村體健設施建置工程-第一次變更設計,同機關且標題核心相同，尚待人工確認是否為同一專案
candidate_109f4751a686,榮安公園環境維護工作勝安運動公園公廁維護開口契約,2017,2020,4,3,1417750,花蓮縣吉安鄉公所,107年度榮安公園環境維護工作暨勝安運動公園公廁維護(開口契約)；108年度榮安公園環境維護工作暨勝安運動公園公廁維護(開口契約)；109年度榮安公園環境維護工作暨勝安運動公園公廁維護(開口契約),同機關且標題核心相同，尚待人工確認是否為同一專案
candidate_e41ccd73d0ac,花蓮縣文化局圖書館RFID系統維護,2022,2025,4,3,1415000,花蓮縣文化局,花蓮縣文化局112年度圖書館RFID系統維護案；花蓮縣文化局113年度圖書館RFID系統維護案；花蓮縣文化局114年度圖書館RFID系統維護案,同機關且標題核心相同，尚待人工確認是否為同一專案
candidate_3effb1bf2786,中城國小智慧黑白板設備,2020,2022,3,3,1413000,花蓮縣玉里鎮中城國民小學,中城國小智慧黑白板設備工程,同機關且標題核心相同，尚待人工確認是否為同一專案
candidate_4ca9e470c356,瑞穗豐收季旮都法嗨傳統技藝競賽活動財物採購,2022,2023,2,2,1412920,花蓮縣瑞穗鄉公所,111年度瑞穗豐收季-旮都法嗨暨傳統技藝競賽活動財物採購案；112年度瑞穗豐收季-旮都法嗨暨傳統技藝競賽活動財物採購案,同機關且標題核心相同，尚待人工確認是否為同一專案
candidate_b4a072a87424,水稻葉穗稻熱病整合防治採購,2025,2026,2,2,1410400,花蓮縣富里鄉公所,114年度水稻葉穗稻熱病整合防治計畫採購案；115年度水稻葉穗稻熱病整合防治計畫採購案,同機關且標題核心相同，尚待人工確認是否為同一專案
candidate_3e0a8b2dd4cf,花蓮縣推動環保許可整合,2023,2024,2,2,1409000,花蓮縣環境保護局,112年花蓮縣推動環保許可整合計畫；113年度花蓮縣推動環保許可整合計畫,同機關且標題核心相同，尚待人工確認是否為同一專案
candidate_e836b91feb68,花蓮市立圖書館中文圖書採購,2014,2017,4,4,1407724,花蓮縣花蓮市公所,花蓮市立圖書館103年度中文圖書採購；花蓮市立圖書館104年度中文圖書採購；花蓮市立圖書館105年度中文圖書採購；花蓮市立圖書館106年度中文圖書採購,同機關且標題核心相同，尚待人工確認是否為同一專案
candidate_30caea2417de,花蓮縣秀林鄉公所赴越南地區經建業務考察活動,2023,2026,4,3,1404600,花蓮縣秀林鄉公所,花蓮縣秀林鄉公所赴越南地區經建業務考察活動,同機關且標題核心相同，尚待人工確認是否為同一專案
candidate_2f578d62902a,花蓮縣政府聯合運動大會獎盃財物採購,2016,2026,11,7,1404580,花蓮縣政府,花蓮縣政府105年聯合運動大會獎盃財物採購案；花蓮縣政府106年聯合運動大會獎盃財物採購案；花蓮縣政府107年聯合運動大會獎盃財物採購案；花蓮縣政府108年聯合運動大會獎盃財物採購案；花蓮縣政府110年聯合運動大會獎盃財物採購案；花蓮縣政府113年聯合運動大會獎盃財物採購案；花蓮縣政府115年聯合運動大會獎盃財物採購案,同機關且標題核心相同，尚待人工確認是否為同一專案
candidate_d6f4bc9aaa56,花蓮縣立南平中學自立膳食食材冷凍肉品加工食品南北雜貨類採購,2017,2021,5,3,1403886,花蓮縣立南平中學,花蓮縣立南平中學107年度自立膳食食材冷凍肉品、加工食品、南北雜貨類採購；花蓮縣立南平中學108年度自立膳食食材冷凍肉品、加工食品、南北雜貨類採購；花蓮縣立南平中學111年度自立膳食食材冷凍肉品、加工食品、南北雜貨類採購案,同機關且標題核心相同，尚待人工確認是否為同一專案
candidate_b2d728c3913d,花蓮縣兒童少年脆弱家庭綜合服務,2019,2021,3,2,1400000,花蓮縣政府,109年度花蓮縣兒童及少年脆弱家庭綜合服務計畫；110年度花蓮縣兒童及少年脆弱家庭綜合服務計畫,同機關且標題核心相同，尚待人工確認是否為同一專案
candidate_21c5bf8271e4,原住民族地方通行語傳統名稱標示圖牌,2022,2023,2,2,1400000,花蓮縣光復鄉太巴塱國民小學,111年度原住民族地方通行語及傳統名稱標示圖牌；112年度原住民族地方通行語及傳統名稱標示圖牌,同機關且標題核心相同，尚待人工確認是否為同一專案
candidate_73212d4d53c2,花蓮縣幼兒教育行政國外參訪增能活動採購,2024,2025,2,2,1400000,花蓮縣吉安鄉太昌國民小學,花蓮縣113年度幼兒教育行政國外參訪增能活動採購案；花蓮縣114年度幼兒教育行政國外參訪增能活動採購案,同機關且標題核心相同，尚待人工確認是否為同一專案
candidate_d104a37ba1f7,向海致敬花蓮縣第二類漁港暫置區廢棄物處理工作開口契約,2021,2022,2,2,1399300,花蓮縣政府,110年向海致敬-花蓮縣第二類漁港暫置區廢棄物處理工作(開口契約)；111年向海致敬-花蓮縣第二類漁港暫置區廢棄物處理工作(開口契約),同機關且標題核心相同，尚待人工確認是否為同一專案
candidate_8a5a68268a2b,花蓮縣復康巴士長照交通接送預約系統維護,2022,2026,5,6,1396401,花蓮縣政府,112年度花蓮縣復康巴士暨長照交通接送預約系統維護案；113年度花蓮縣復康巴士暨長照交通接送預約系統維護案；113年度花蓮縣復康巴士暨長照交通接送預約系統維護；花蓮縣復康巴士暨長照交通接送預約系統維護案；114年度花蓮縣復康巴士暨長照交通接送預約系統維護案(後續擴充),同機關且標題核心相同，尚待人工確認是否為同一專案
candidate_9a55f9d6cc25,豐濱鄉新社防災收容所增設備勤室修繕,2021,2022,2,2,1394861,花蓮縣豐濱鄉公所,豐濱鄉新社防災收容所增設備勤室修繕工程；豐濱鄉新社防災收容所增設備勤室修繕工程變更設計,同機關且標題核心相同，尚待人工確認是否為同一專案
candidate_c8aa1437c473,東豐里里內農路改善,2013,2020,8,4,1394000,花蓮縣玉里鎮公所,東豐里里內農路改善工程,同機關且標題核心相同，尚待人工確認是否為同一專案
candidate_1a07c283b217,國風國中樂器設備,2014,2018,5,2,1393550,花蓮縣政府,國風國中樂器設備工程,同機關且標題核心相同，尚待人工確認是否為同一專案
candidate_e75c31ca9bb3,三民國小宿舍建物拆除,2024,2026,3,2,1390000,花蓮縣玉里鎮三民國民小學,113年三民國小宿舍及建物拆除工程；113年三民國小宿舍及建物拆除工程第一次契約變更,同機關且標題核心相同，尚待人工確認是否為同一專案
candidate_8e6d2426f9be,花蓮縣農村再生開口契約,2017,2018,2,2,1387978,花蓮縣政府,花蓮縣106年度農村再生工程委託技術服務(開口契約)；花蓮縣107年度農村再生工程委託技術服務(開口契約),同機關且標題核心相同，尚待人工確認是否為同一專案
candidate_1e66c4ce9916,花蓮縣慶祝兒童節童心童趣~Fun假趣活動,2016,2019,4,2,1387700,花蓮縣花蓮市明義國民小學,花蓮縣慶祝105年度兒童節童心童趣~Fun假趣活動委託專業服務勞務採購；花蓮縣慶祝108年度兒童節童心童趣~Fun假趣活動,同機關且標題核心相同，尚待人工確認是否為同一專案
candidate_dc518f7073f3,縱谷挑Tea經典好茶比賽茶葉包裝資材採購,2015,2016,2,2,1380711,花蓮縣瑞穗鄉公所,104年度縱谷挑Tea經典好茶比賽茶葉包裝資材採購；105年度縱谷挑Tea經典好茶比賽茶葉包裝資材採購,同機關且標題核心相同，尚待人工確認是否為同一專案
candidate_b648a6651415,充實體育器材採購,2013,2023,11,4,1377162,花蓮縣立新城國民中學,102年度充實體育器材採購案；106年度充實體育器材採購案；108年度充實體育器材採購案；112年度充實體育器材採購案,同機關且標題核心相同，尚待人工確認是否為同一專案
candidate_e1bd6baf09ea,出版地方藝文資料印製,2010,2012,3,2,1376500,花蓮縣政府,99年度出版地方藝文資料印製案；101年度出版地方藝文資料印製案,同機關且標題核心相同，尚待人工確認是否為同一專案
candidate_fca2f067168c,花蓮縣清潔車輛即時衛星定位應用程式租賃,2020,2022,3,3,1370700,花蓮縣政府,109年花蓮縣清潔車輛即時衛星定位應用程式租賃案；110年花蓮縣清潔車輛即時衛星定位應用程式租賃案；111年花蓮縣清潔車輛即時衛星定位應用程式租賃案,同機關且標題核心相同，尚待人工確認是否為同一專案
candidate_ddce9efbc600,花蓮縣政府所屬一級機關慶祝母親節感恩餐會活動,2015,2026,12,3,1368000,花蓮縣政府,花蓮縣政府暨所屬一級機關104年慶祝母親節感恩餐會活動；花蓮縣政府及所屬一級機關113年慶祝母親節感恩餐會活動勞務採購案；花蓮縣政府及所屬一級機關115年慶祝母親節感恩餐會活動勞務採購案,同機關且標題核心相同，尚待人工確認是否為同一專案
candidate_76b710b1a3d0,花蓮縣動植物防疫所公立動物收容所動物屍體清運焚化工作,2025,2026,2,2,1368000,花蓮縣動植物防疫所,花蓮縣動植物防疫所114年度公立動物收容所動物屍體清運及焚化工作；花蓮縣動植物防疫所115年度公立動物收容所動物屍體清運及焚化工作,同機關且標題核心相同，尚待人工確認是否為同一專案
candidate_337c37681f71,花蓮縣警察局網路交換器採購,2014,2015,2,2,1367530,花蓮縣政府,花蓮縣警察局103年度網路交換器採購案；花蓮縣警察局104年度網路交換器採購案,同機關且標題核心相同，尚待人工確認是否為同一專案
candidate_2eddd43e13db,花蓮縣花蓮市公所市政簡介宣導影片委託企劃拍攝製作,2017,2025,9,2,1365000,花蓮縣花蓮市公所,花蓮縣花蓮市公所市政簡介宣導影片委託企劃、拍攝及製作,同機關且標題核心相同，尚待人工確認是否為同一專案
candidate_3585acae9ba1,文蘭村產業道路改善,2010,2019,10,3,1363908,花蓮縣秀林鄉公所,文蘭村產業道路改善工程,同機關且標題核心相同，尚待人工確認是否為同一專案
candidate_55b530d2d0cc,學生營養品鮮乳採購,2011,2015,5,5,1362755,花蓮縣立體育實驗高級中學,學生營養品(鮮乳)採購；學生營養品（鮮乳）採購,同機關且標題核心相同，尚待人工確認是否為同一專案
candidate_0f19d37d1ecd,電腦資訊行政系統維護網頁更新資料庫建置電子資訊公開系統更新維護,2015,2016,2,2,1361235,花蓮縣萬榮鄉公所,104年度電腦資訊暨行政系統維護、網頁更新及資料庫建置及電子資訊公開系統更新維護；105年度電腦資訊暨行政系統維護、網頁更新及資料庫建置及電子資訊公開系統更新維護,同機關且標題核心相同，尚待人工確認是否為同一專案
candidate_fdb675c83a0b,外埠教學活動,2017,2018,2,2,1360800,花蓮縣立化仁國民中學,106年外埠教學活動勞務採購；107年外埠教學活動勞務採購,同機關且標題核心相同，尚待人工確認是否為同一專案
candidate_9db0c432ba30,公務出國考察,2010,2013,4,4,1358000,花蓮縣卓溪鄉公所,99年公務出國考察；100年公務出國考察；101年公務出國考察；102年公務出國考察,同機關且標題核心相同，尚待人工確認是否為同一專案
candidate_561ae9768443,鳳林鎮公所電動輔助自行車採購,2019,2021,3,3,1357000,花蓮縣鳳林鎮公所,鳳林鎮公所電動輔助自行車採購案；109年度鳳林鎮公所電動輔助自行車採購案；110年度鳳林鎮公所電動輔助自行車採購案,同機關且標題核心相同，尚待人工確認是否為同一專案
candidate_706d2191d75b,警用汽車保養用機油開口契約單價標採購,2010,2012,3,2,1356000,花蓮縣政府,99年度警用汽車保養用機油開口契約單價標採購案；101年度警用汽車保養用機油開口契約單價標採購案,同機關且標題核心相同，尚待人工確認是否為同一專案
candidate_416a0a1c4e3c,花蓮縣環境保護環境影響評估監督作業委託服務,2019,2021,3,2,1356000,花蓮縣環境保護局,「108年花蓮縣環境保護計畫暨環境影響評估監督作業」委託服務案；110年花蓮縣環境保護計畫暨環境影響評估監督作業委託服務案,同機關且標題核心相同，尚待人工確認是否為同一專案
candidate_b67634edf53c,花蓮縣壽豐鄉平和國小老舊廁所整修,2016,2017,2,2,1352000,花蓮縣壽豐鄉平和國民小學,105年度花蓮縣壽豐鄉平和國小老舊廁所整修工程；106年花蓮縣壽豐鄉平和國小老舊廁所整修工程,同機關且標題核心相同，尚待人工確認是否為同一專案
candidate_cfa04e152a8e,秀林鄉圖書文具禮劵採購,2010,2011,2,2,1351000,花蓮縣秀林鄉公所,秀林鄉99年度圖書文具禮劵採購；秀林鄉100年度圖書文具禮劵採購,同機關且標題核心相同，尚待人工確認是否為同一專案
candidate_16af9badbac2,花蓮縣鳳林鎮原住民部落參訪觀摩,2021,2025,5,4,1350000,花蓮縣鳳林鎮公所,110年度花蓮縣鳳林鎮原住民部落參訪及觀摩勞務採購案；112年花蓮縣鳳林鎮原住民部落參訪及觀摩勞務採購案；113年度花蓮縣鳳林鎮原住民部落參訪及觀摩勞務採購案；114年度花蓮縣鳳林鎮原住民部落參訪及觀摩勞務採購案,同機關且標題核心相同，尚待人工確認是否為同一專案
candidate_8e8a7bf0716f,花蓮縣立棒球場修繕,2015,2016,2,2,1350000,花蓮縣立體育場,104年度花蓮縣立棒球場修繕工程；105年度花蓮縣立棒球場修繕工程,同機關且標題核心相同，尚待人工確認是否為同一專案
candidate_d048bbcbe463,光復鄉公墓納骨塔環境清潔定期維護管理契約,2020,2024,5,4,1348719,花蓮縣光復鄉公所,109年度光復鄉公墓、納骨塔環境清潔及定期維護管理勞務採購契約；110年度光復鄉公墓、納骨塔環境清潔及定期維護管理勞務採購契約；112年度光復鄉公墓、納骨塔環境清潔及定期維護管理勞務採購契約；113年度光復鄉公墓、納骨塔環境清潔及定期維護管理勞務採購契約,同機關且標題核心相同，尚待人工確認是否為同一專案
candidate_28c8c780c802,鐵道文化園區整體環境改善,2012,2014,3,2,1346000,花蓮縣文化局,鐵道文化園區整體環境改善工程；103年鐵道文化園區整體環境改善工程,同機關且標題核心相同，尚待人工確認是否為同一專案
candidate_227285ed3381,秀林鄉清潔隊夏季工作服清潔裝備採購,2017,2026,10,6,1345000,花蓮縣秀林鄉公所,秀林鄉106年度清潔隊夏季工作服及清潔裝備採購；107年度秀林鄉清潔隊夏季工作服及清潔裝備採購；109年度秀林鄉清潔隊夏季工作服及清潔裝備採購；111年度秀林鄉清潔隊夏季工作服及清潔裝備採購；113年度秀林鄉清潔隊夏季工作服及清潔裝備採購；115年度秀林鄉清潔隊夏季工作服及清潔裝備採購,同機關且標題核心相同，尚待人工確認是否為同一專案
candidate_bbb9f9e58c15,富里國小智慧黑白板設施設備採購,2023,2025,3,2,1340000,花蓮縣富里鄉富里國民小學,富里國小智慧黑白板設施設備採購,同機關且標題核心相同，尚待人工確認是否為同一專案
candidate_d7b1343f9868,各類文書用品統一印刷採購開口契約,2019,2024,6,4,1337973,花蓮縣地方稅務局,109年度各類文書用品統一印刷採購案開口契約；111年度各類文書用品統一印刷採購案開口契約；112年度各類文書用品統一印刷採購案開口契約；113年度各類文書用品統一印刷採購案開口契約,同機關且標題核心相同，尚待人工確認是否為同一專案
candidate_c4b99d04e158,花蓮蘭亭大會全國賽形象廣告記者會,2024,2026,3,3,1334000,花蓮縣吉安鄉稻香國民小學,113年花蓮蘭亭大會全國賽形象廣告及記者會勞務採購；114年花蓮蘭亭大會全國賽形象廣告及記者會勞務採購；115年花蓮蘭亭大會全國賽形象廣告及記者會勞務採購,同機關且標題核心相同，尚待人工確認是否為同一專案
candidate_ea1d7d7d5d37,花蓮縣政府社會處勞資科桌上型電腦租賃,2016,2018,3,2,1332000,花蓮縣政府,105年度花蓮縣政府社會處勞資科桌上型電腦租賃案；107年度花蓮縣政府社會處勞資科桌上型電腦租賃案,同機關且標題核心相同，尚待人工確認是否為同一專案
candidate_e0323a4fb41f,美崙山保安林造林補植撫育刈草除蔓,2012,2013,2,2,1328700,花蓮縣政府,101年度美崙山保安林造林補植撫育及刈草除蔓勞務採購案；102年度美崙山保安林造林補植撫育及刈草除蔓勞務採購案,同機關且標題核心相同，尚待人工確認是否為同一專案
candidate_425609accf5a,花蓮縣新城鄉康樂國民小學老舊廁所整修,2015,2016,2,2,1328585,花蓮縣新城鄉康樂國民小學,花蓮縣新城鄉康樂國民小學老舊廁所整修工程；花蓮縣新城鄉康樂國民小學105年老舊廁所整修工程,同機關且標題核心相同，尚待人工確認是否為同一專案
candidate_e5c03711c8eb,家庭暴力通報件初篩服務社會工作員招標,2010,2014,5,3,1320000,花蓮縣政府,家庭暴力通報案件初篩服務-社會工作員招標案,同機關且標題核心相同，尚待人工確認是否為同一專案
candidate_f2cda395d2b9,花蓮縣萬榮鄉參加全國布農族射耳祭傳統技能競賽活動服裝採購,2024,2025,2,2,1320000,花蓮縣萬榮鄉公所,花蓮縣萬榮鄉參加113年度全國布農族射耳祭暨傳統技能競賽活動服裝採購案；花蓮縣萬榮鄉參加114年度全國布農族射耳祭暨傳統技能競賽活動服裝採購案,同機關且標題核心相同，尚待人工確認是否為同一專案
candidate_8f03c9056fd6,清潔隊車輛機具維修保養,2011,2012,2,3,1315297,花蓮縣新城鄉公所,101年度清潔隊車輛（機具）維修（保養）；101年度清潔隊車輛（機具）維修（保養）第二期；102年度清潔隊車輛(機具)維修(保養),同機關且標題核心相同，尚待人工確認是否為同一專案
candidate_1616604acfd2,吉安鄉閒置空地公園槽化島綠美化採購開口契約,2023,2024,2,2,1314275,花蓮縣吉安鄉公所,112年度吉安鄉閒置空地(公園、槽化島)綠美化採購案(開口契約)；113年度吉安鄉閒置空地(公園、槽化島)綠美化採購案(開口契約),同機關且標題核心相同，尚待人工確認是否為同一專案
candidate_05ff098e51b0,土石流防災重機械待命地點開口契約,2020,2022,3,2,1314000,花蓮縣卓溪鄉公所,109年度土石流防災重機械待命地點開口契約；111年度土石流防災重機械待命地點開口契約,同機關且標題核心相同，尚待人工確認是否為同一專案
candidate_c606dcb164ad,遊憩區設施改善,2016,2017,2,3,1310000,花蓮縣豐濱鄉公所,104年度遊憩區設施改善工程；105年度遊憩區設施改善工程；106年度遊憩區設施改善工程,同機關且標題核心相同，尚待人工確認是否為同一專案
candidate_5af572b5b379,花蓮縣政府電話總機周邊設備維護保養電話線路維修,2021,2025,5,4,1309100,花蓮縣政府,110年度花蓮縣政府電話總機及周邊設備維護保養、電話線路維修案；112年度花蓮縣政府電話總機及周邊設備維護保養、電話線路維修案；114年度花蓮縣政府電話總機及周邊設備維護保養電話線路維修案；115年度花蓮縣政府電話總機及周邊設備維護保養電話線路維修案,同機關且標題核心相同，尚待人工確認是否為同一專案
candidate_1d8f49d67da1,花蓮縣豐濱國中無障礙設施改善,2023,2025,3,2,1304248,花蓮縣立豐濱國民中學,112年花蓮縣豐濱國中無障礙設施改善工程；113年花蓮縣豐濱國中無障礙設施改善工程,同機關且標題核心相同，尚待人工確認是否為同一專案
candidate_e0ac72bd760e,花蓮縣MONKEYCOLOR設計軟體採購,2022,2023,2,2,1304000,花蓮縣政府,111年花蓮縣MONKEY COLOR設計軟體採購案；112年花蓮縣MONKEY COLOR設計軟體採購案,同機關且標題核心相同，尚待人工確認是否為同一專案
candidate_5ceea5b928a1,花蓮縣立瑞穗國中水域運動器材採購,2015,2017,3,2,1302000,花蓮縣政府,花蓮縣立瑞穗國中104年度水域運動器材採購案；花蓮縣立瑞穗國中106年度水域運動器材採購,同機關且標題核心相同，尚待人工確認是否為同一專案
candidate_641218e240ce,花蓮縣政府原住民行政處前地坪改善,2024,2025,2,2,1301335,花蓮縣政府,花蓮縣政府原住民行政處前地坪改善；花蓮縣政府原住民行政處前地坪改善工程(第一次變更設計),同機關且標題核心相同，尚待人工確認是否為同一專案
candidate_81b274f682f1,花蓮縣立宜昌國民中學樂器設備,2018,2020,3,3,1300000,花蓮縣立宜昌國民中學,107年花蓮縣立宜昌國民中學樂器設備工程；108年花蓮縣立宜昌國民中學樂器設備工程；109年花蓮縣立宜昌國民中學樂器設備工程,同機關且標題核心相同，尚待人工確認是否為同一專案
candidate_76e5d6af4c3f,原住民族地方通行語傳統名稱標示,2018,2021,4,2,1295000,花蓮縣吉安鄉公所,107年度原住民族地方通行語及傳統名稱標示工程；110年度「原住民族地方通行語及傳統名稱標示工程」,同機關且標題核心相同，尚待人工確認是否為同一專案
candidate_506491e59275,花蓮縣警察局所屬單位值勤臺防彈玻璃採購,2019,2020,2,2,1295000,花蓮縣政府,花蓮縣警察局108年度所屬單位值勤臺防彈玻璃採購案；花蓮縣警察局109年度所屬單位值勤臺防彈玻璃採購案,同機關且標題核心相同，尚待人工確認是否為同一專案
candidate_683170d92758,土石流防災重機械待命搶修契約,2024,2026,3,3,1294600,花蓮縣瑞穗鄉公所,113年度土石流防災重機械待命及搶修勞務採購契約；114年度土石流防災重機械待命及搶修勞務採購契約；115年度土石流防災重機械待命及搶修勞務採購契約,同機關且標題核心相同，尚待人工確認是否為同一專案
candidate_79d0c0c7a8aa,鄰長團體傷害保險,2011,2016,6,6,1293444,花蓮縣吉安鄉公所,101年度鄰長團體傷害保險；102年度鄰長團體傷害保險；103年度鄰長團體傷害保險；104年度鄰長團體傷害保險；105年度鄰長團體傷害保險；106年度鄰長團體傷害保險,同機關且標題核心相同，尚待人工確認是否為同一專案
candidate_761010f6a544,復興市場裝修,2022,2024,3,3,1289900,花蓮縣花蓮市公所,復興市場裝修工程,同機關且標題核心相同，尚待人工確認是否為同一專案
candidate_ba38620c351f,花蓮縣立宜昌國民中學體育器材財物採購,2022,2024,3,2,1289000,花蓮縣立宜昌國民中學,花蓮縣立宜昌國民中學111年體育器材財物採購；花蓮縣立宜昌國民中學113年體育器材財物採購,同機關且標題核心相同，尚待人工確認是否為同一專案
candidate_abfc2b03a9c4,都市雨水下水道清淤開口契約第二批,2020,2022,3,3,1288000,花蓮縣壽豐鄉公所,109年度都市計畫雨水下水道清淤工程(開口契約)第二批；110年度都市計畫雨水下水道清淤工程(開口契約)第二批；111年度都市計畫雨水下水道清淤工程(開口契約) -第二批,同機關且標題核心相同，尚待人工確認是否為同一專案
candidate_9c851a4f9339,卓溪鄉垃圾車資源回收車等養護開口契約,2019,2022,4,3,1286148,花蓮縣卓溪鄉公所,108年度卓溪鄉垃圾車、資源回收車等養護（開口契約)；110年度卓溪鄉垃圾車及資源回收車等養護(開口契約)；111年度卓溪鄉垃圾車及資源回收車等養護(開口契約),同機關且標題核心相同，尚待人工確認是否為同一專案
candidate_bc662ff88f4f,秀林鄉清潔隊夏冬季工作服清潔裝備採購,2019,2025,7,4,1286000,花蓮縣秀林鄉公所,108年度秀林鄉清潔隊夏、冬季工作服及清潔裝備採購；110年度秀林鄉清潔隊夏、冬季工作服及清潔裝備採購；112年度秀林鄉清潔隊夏、冬季工作服及清潔裝備採購；114年度秀林鄉清潔隊夏、冬季工作服及清潔裝備採購,同機關且標題核心相同，尚待人工確認是否為同一專案
candidate_8d882e7b52fe,明禮附幼充實改善教學環境設備採購,2021,2025,5,2,1283811,花蓮縣花蓮市明禮國民小學,明禮附幼-110年度充實及改善教學環境設備採購；明禮附幼-114年度充實及改善教學環境設備採購,同機關且標題核心相同，尚待人工確認是否為同一專案
candidate_d92f0acd35d8,衛生福利部補助花蓮縣衛生所醫療設備採購,2017,2021,5,2,1282000,花蓮縣政府,106年衛生福利部補助花蓮縣衛生所醫療設備採購；110年第二次衛生福利部補助花蓮縣衛生所醫療設備採購,同機關且標題核心相同，尚待人工確認是否為同一專案
candidate_3857d3a6ebb9,加強公務和諧連繫在地農特產品紫米花青素茶產品採購開口契約,2019,2020,2,3,1280000,花蓮縣政府,108年度加強公務和諧連繫-在地農特產品-紫米花青素茶產品採購(開口契約)；109年度加強公務和諧連繫-在地農特產品-紫米花青素茶產品採購(開口契約)；110年度加強公務和諧連繫-在地農特產品-紫米花青素茶產品採購(開口契約),同機關且標題核心相同，尚待人工確認是否為同一專案
candidate_7fc166818adf,吉安溪相關維護管理工作景觀燈,2012,2014,3,3,1278860,花蓮縣吉安鄉公所,吉安溪相關維護管理工作(景觀燈工程),同機關且標題核心相同，尚待人工確認是否為同一專案
candidate_ddfb2f4cdf0a,本所各課室所園館等電腦相關設備行政資訊系統網站網頁防火牆等保養維護委託資訊服務採購,2020,2021,2,2,1277000,花蓮縣萬榮鄉公所,109年本所各課(室、所、園、館等)電腦相關設備暨行政資訊系統、網站網頁、防火牆等保養維護-委託資訊服務採購案；110年本所各課(室、所、園、館等)電腦相關設備暨行政資訊系統、網站網頁、防火牆等保養維護-委託資訊服務採購案,同機關且標題核心相同，尚待人工確認是否為同一專案
candidate_554ae62a86bf,明義國小樂器設備,2016,2017,2,2,1270000,花蓮縣花蓮市明義國民小學,明義國小樂器設備工程,同機關且標題核心相同，尚待人工確認是否為同一專案
candidate_2ab50681a498,銅門村公共設施改善,2025,2026,2,2,1267000,花蓮縣秀林鄉公所,銅門村公共設施改善工程,同機關且標題核心相同，尚待人工確認是否為同一專案
candidate_e2ed1d27e969,秀林鄉圖書館圖書採購,2013,2019,7,6,1264360,花蓮縣秀林鄉公所,秀林鄉102年度圖書館圖書採購；秀林鄉103年度圖書館圖書採購；秀林鄉106年度圖書館圖書採購；秀林鄉107年度圖書館圖書採購；秀林鄉107年度圖書館第二次圖書採購；秀林鄉108年度圖書館圖書採購,同機關且標題核心相同，尚待人工確認是否為同一專案
candidate_a793a502a2a1,花蓮縣警察局玉里分局所屬各單位廳舍設施改善,2016,2017,2,2,1263000,花蓮縣警察局,花蓮縣警察局玉里分局暨所屬各單位廳舍設施改善工程,同機關且標題核心相同，尚待人工確認是否為同一專案
candidate_5f07c3f8da90,新城鄉轄內公園環境整理勞務開口契約,2017,2018,2,2,1263000,花蓮縣新城鄉公所,106年度新城鄉轄內公園環境整理勞務開口契約；107年度新城鄉轄內公園環境整理勞務開口契約,同機關且標題核心相同，尚待人工確認是否為同一專案
candidate_3babc32f1877,花蓮市垃圾場資源回收廠清潔隊隊部附屬建物養護,2012,2018,7,5,1262500,花蓮縣花蓮市公所,花蓮市垃圾場、資源回收廠暨清潔隊隊部附屬建物養護；花蓮市垃圾場、資源回收廠暨清潔隊隊部附屬建物養護第2次後續擴充；花蓮市垃圾場、資源回收廠暨清潔隊隊部附屬建物養護第3次後續擴充,同機關且標題核心相同，尚待人工確認是否為同一專案
candidate_885d31e9dd01,玉里國中暑期學生午餐委外,2014,2020,7,7,1256360,花蓮縣立玉里國民中學,玉里國中103年暑期學生午餐委外勞務採購；玉里國中104年暑期學生午餐委外勞務採購案；玉里國中105年暑期學生午餐委外勞務採購案；玉里國中106年暑期學生午餐委外勞務採購；玉里國中107年暑期學生午餐委外勞務採購；玉里國中108年暑期學生午餐委外勞務採購；玉里國中109年度暑期學生午餐委外勞務採購,同機關且標題核心相同，尚待人工確認是否為同一專案
candidate_6860a4c2f2bc,花蓮縣政府所屬一級機關慶祝母親節活動禮品財物採購,2020,2025,6,2,1253300,花蓮縣政府,花蓮縣政府及所屬一級機關109年慶祝母親節活動禮品財物採購案；花蓮縣政府及所屬一級機關114年慶祝母親節活動禮品財物採購案,同機關且標題核心相同，尚待人工確認是否為同一專案
candidate_8ca787e5dbaa,全鄉農用灌溉水圳水路緊急管理維護開口契約,2018,2020,3,3,1252500,花蓮縣萬榮鄉公所,全鄉農用灌溉水圳及水路緊急管理維護工程開口契約；108年度全鄉農用灌溉水圳及水路緊急管理維護工程開口契約；109年度全鄉農用灌溉水圳及水路緊急管理維護工程開口契約,同機關且標題核心相同，尚待人工確認是否為同一專案
candidate_8792ebcf2f69,花蓮縣政府食農教育會議服務推廣,2025,2026,2,2,1252000,花蓮縣政府,114年花蓮縣政府食農教育會議服務與推廣計畫；115年花蓮縣政府食農教育會議服務與推廣計畫,同機關且標題核心相同，尚待人工確認是否為同一專案
candidate_f9aca3a4d5a2,花蓮縣警察局汰換20馬力交流警報器等設備採購,2015,2017,3,2,1248000,花蓮縣政府,花蓮縣警察局104年度汰換20馬力交流警報器等設備採購案；花蓮縣警察局106年度汰換20馬力交流警報器等設備採購案,同機關且標題核心相同，尚待人工確認是否為同一專案
candidate_1ab369119fbf,秀林鄉MgayBari太魯閣族文化系列活動廣告文宣採購,2011,2016,6,2,1244000,花蓮縣秀林鄉公所,秀林鄉100年度Mgay Bari太魯閣族文化系列活動廣告文宣採購；秀林鄉105年度Mgay Bari太魯閣族文化系列活動廣告文宣採購,同機關且標題核心相同，尚待人工確認是否為同一專案
candidate_2523a683ed91,花蓮縣北昌國小午餐廚房電梯設備更新修繕,2024,2025,2,2,1243000,花蓮縣吉安鄉北昌國民小學,花蓮縣北昌國小午餐廚房電梯設備更新修繕；花蓮縣北昌國小114年午餐廚房電梯設備更新修繕,同機關且標題核心相同，尚待人工確認是否為同一專案
candidate_5f97e6106015,全國布農族射耳祭傳統技能競賽活動服裝採購,2014,2015,2,2,1242000,花蓮縣卓溪鄉公所,103年全國布農族射耳祭暨傳統技能競賽活動服裝採購案；104年全國布農族射耳祭暨傳統技能競賽活動服裝採購,同機關且標題核心相同，尚待人工確認是否為同一專案
candidate_5abf4b82ed63,東里國小改善偏遠地區國民中小學宿舍,2016,2017,2,2,1242000,花蓮縣富里鄉東里國民小學,東里國小105年度改善偏遠地區國民中小學宿舍工程；東里國小106年度改善偏遠地區國民中小學宿舍工程,同機關且標題核心相同，尚待人工確認是否為同一專案
candidate_e8688f3a705d,光復鄉富田三街38巷排水溝,2022,2023,2,2,1240462,花蓮縣政府,光復鄉富田三街38巷排水溝興建工程；光復鄉富田三街38巷排水溝興建工程(第一次變更設計),同機關且標題核心相同，尚待人工確認是否為同一專案
candidate_76c1f6da78e0,北昌國小幼兒園改善教學環境設備,2016,2020,5,2,1240000,花蓮縣吉安鄉北昌國民小學,105年度北昌國小幼兒園改善教學環境設備案；北昌國小108年度幼兒園改善教學環境設備-工程採購(第2次),同機關且標題核心相同，尚待人工確認是否為同一專案
candidate_1b5c40affb61,花蓮縣身心障礙福利機構團體教保員初級班,2014,2017,4,3,1239000,花蓮縣政府,103年度花蓮縣身心障礙福利機構團體教保員初級班計畫；104年度花蓮縣身心障礙福利機構團體教保員初級班計畫；106年度花蓮縣身心障礙福利機構團體教保員初級班計畫,同機關且標題核心相同，尚待人工確認是否為同一專案
candidate_dfc7d6838736,平和國中租用學生上下課專車服務,2016,2017,2,2,1238211,花蓮縣政府,105年度平和國中租用學生上下課專車服務；106年度平和國中租用學生上下課專車服務,同機關且標題核心相同，尚待人工確認是否為同一專案
candidate_322a2aa5f0eb,卓溪鄉月曆印製,2015,2022,8,8,1235350,花蓮縣卓溪鄉公所,105年卓溪鄉月曆印製；106年卓溪鄉月曆印製；107年卓溪鄉月曆印製；108年度卓溪鄉月曆印製；109年度卓溪鄉月曆印製；110年度卓溪鄉月曆印製；112年度卓溪鄉月曆印製,同機關且標題核心相同，尚待人工確認是否為同一專案
candidate_95004b0f6773,花蓮縣文化局圖書館石雕館美術館演藝廳中央空調冷氣保養,2015,2017,3,3,1229358,花蓮縣文化局,104年度花蓮縣文化局圖書館、石雕館、美術館、演藝廳中央空調冷氣保養；105年度花蓮縣文化局圖書館、石雕館、美術館、演藝廳中央空調冷氣保養；106年度花蓮縣文化局圖書館、石雕館、美術館、演藝廳中央空調冷氣保養,同機關且標題核心相同，尚待人工確認是否為同一專案
candidate_c9376bd60b92,秀林鄉下半年幼兒園主園各分班幼兒繪本教材教具採購,2023,2025,3,3,1225800,花蓮縣秀林鄉公所,秀林鄉112年度(下半年)幼兒園主園暨各分班幼兒繪本、教材及教具採購；秀林鄉113年度(下半年)幼兒園主園暨各分班幼兒繪本、教材及教具採購；秀林鄉114年度(下半年)幼兒園主園暨各分班幼兒繪本、教材及教具採購,同機關且標題核心相同，尚待人工確認是否為同一專案
candidate_965d943db5bf,卓溪鄉全鄉射耳祭活動採購,2023,2026,4,2,1224000,花蓮縣卓溪鄉公所,卓溪鄉112年度全鄉射耳祭活動委託專業服務採購案；卓溪鄉115年度全鄉射耳祭活動委託專業服務採購案,同機關且標題核心相同，尚待人工確認是否為同一專案
candidate_23f1937fbcba,花蓮警光會館房間床單罩等用品清洗採購,2012,2015,4,4,1223024,花蓮縣警察局,花蓮警光會館101年度房間床單(罩)等用品清洗採購案；花蓮警光會館102年度房間床單(罩)等用品清洗採購案；花蓮警光會館103年度房間床單（罩）等用品清洗採購案；花蓮警光會館104年度房間床單(罩)等用品清洗採購案,同機關且標題核心相同，尚待人工確認是否為同一專案
candidate_b360c8efa1d2,菸酒查緝業務觀摩財政其他相關業務交流聯繫活動,2025,2026,2,2,1223000,花蓮縣政府,114年度菸酒查緝業務觀摩及財政其他相關業務交流聯繫活動；115年度菸酒查緝業務觀摩及 財政其他相關業務交流聯繫活動,同機關且標題核心相同，尚待人工確認是否為同一專案
candidate_c8659f7df3ed,花蓮縣中原國小教學大樓地磚拆除重建,2014,2016,3,2,1222300,花蓮縣花蓮市中原國民小學,花蓮縣中原國小教學大樓地磚拆除重建工程；花蓮縣中原國小104年教學大樓地磚拆除重建工程,同機關且標題核心相同，尚待人工確認是否為同一專案
candidate_1559f35f63e4,原住民族地方通行語傳統名稱標示補助,2018,2024,7,2,1220425,花蓮縣玉里鎮公所,107年度原住民族地方通行語及傳統名稱標示補助計畫；113年原住民族地方通行語及傳統名稱標示補助計畫,同機關且標題核心相同，尚待人工確認是否為同一專案
candidate_ba31bd3ffaca,玉里鎮區域排水一般排水,2014,2015,2,2,1220000,花蓮縣玉里鎮公所,103年度玉里鎮區域排水及一般排水工程；104年度玉里鎮區域排水及一般排水工程,同機關且標題核心相同，尚待人工確認是否為同一專案
candidate_dca5ab065ed5,花蓮縣消防局止血帶採購,2025,2026,2,2,1217335,花蓮縣消防局,花蓮縣消防局114年止血帶採購案；花蓮縣消防局115年止血帶採購案,同機關且標題核心相同，尚待人工確認是否為同一專案
candidate_81d2aadc0d5e,玉里國小永昌分校屋頂防水防漏,2019,2020,2,2,1217000,花蓮縣玉里鎮玉里國民小學,玉里國小永昌分校屋頂防水防漏工程,同機關且標題核心相同，尚待人工確認是否為同一專案
candidate_6c426317b6e6,卓溪鄉路燈增設,2011,2015,5,5,1211000,花蓮縣卓溪鄉公所,100年卓溪鄉路燈增設工程；101年卓溪鄉路燈增設工程；102年卓溪鄉路燈增設工程；103年卓溪鄉路燈增設工程；104年卓溪鄉路燈增設工程,同機關且標題核心相同，尚待人工確認是否為同一專案
candidate_e9c85dc7da38,秀林鄉清潔隊和平村等辦公室清潔用品開口契約,2019,2021,3,3,1205762,花蓮縣秀林鄉公所,108年度秀林鄉清潔隊及和平村等辦公室清潔用品開口契約；109年度秀林鄉清潔隊及和平村等辦公室清潔用品開口契約；110年度秀林鄉清潔隊及和平村等辦公室清潔用品開口契約,同機關且標題核心相同，尚待人工確認是否為同一專案
candidate_4ec4c6e8b5ee,秀林國中消防安全設備檢查缺失改善,2015,2021,7,6,1199140,花蓮縣立秀林國民中學,秀林國中104年度消防安全設備檢查缺失改善；秀林國中106年度消防安全設備檢查缺失改善；秀林國中107年度消防安全設備檢查缺失改善；秀林國中108年度消防安全設備檢查缺失改善；秀林國中109年度消防安全設備檢查缺失改善；秀林國中110年度消防安全設備檢查缺失改善,同機關且標題核心相同，尚待人工確認是否為同一專案
candidate_f99fc3a63e74,宣導品獎品採購,2021,2023,3,3,1196179,花蓮縣地方稅務局,110年度宣導品及獎品採購案；111年度宣導品及獎品採購案；112年度宣導品及獎品採購案,同機關且標題核心相同，尚待人工確認是否為同一專案
candidate_f04b93e48877,增設路燈,2017,2020,4,2,1193000,花蓮縣卓溪鄉公所,106年度增設路燈工程；108年度增設路燈工程,同機關且標題核心相同，尚待人工確認是否為同一專案
candidate_ca937ef6b6e5,春安工作人員慰問禮品鄰長年終慰問品採購,2016,2019,4,3,1192283,花蓮縣吉安鄉公所,105年度春安工作人員慰問禮品暨鄰長年終慰問品採購案；107年度春安工作人員慰問禮品暨鄰長年終慰問品採購案；108年度春安工作人員慰問禮品暨鄰長年終慰問品採購案,同機關且標題核心相同，尚待人工確認是否為同一專案
candidate_dc6c4afba5ad,花蓮縣立體育場轄下各場館消防設備改善,2022,2024,3,2,1191242,花蓮縣立體育場,111年度花蓮縣立體育場轄下各場館消防設備改善勞務採購；113年度花蓮縣立體育場轄下各場館消防設備改善勞務採購,同機關且標題核心相同，尚待人工確認是否為同一專案
candidate_f21fde7bb4f8,秀林鄉重光部落學生專車接送服務採購,2018,2025,8,4,1190300,花蓮縣秀林鄉公所,秀林鄉107年度重光部落學生專車接送服務採購；「秀林鄉108年度重光部落學生專車接送服務」採購；「秀林鄉113年度重光部落學生專車接送服務」採購；「秀林鄉114年度重光部落學生專車接送服務」採購,同機關且標題核心相同，尚待人工確認是否為同一專案
candidate_b93118f262bf,加強公務和諧連繫輓聯採購開口契約,2018,2020,3,3,1190000,花蓮縣政府,108年度加強公務和諧連繫-輓聯採購(開口契約)；109年度加強公務和諧連繫－輓聯採購(開口契約)；110年度加強公務和諧連繫-輓聯採購(開口契約),同機關且標題核心相同，尚待人工確認是否為同一專案
candidate_17291cdada06,花蓮縣政府社會處勞資科電腦資訊設備租賃維護,2024,2026,3,2,1188000,花蓮縣政府,113年度花蓮縣政府社會處勞資科電腦資訊設備租賃暨維護案；115年度花蓮縣政府社會處勞資科電腦資訊設備租賃暨維護案,同機關且標題核心相同，尚待人工確認是否為同一專案
candidate_710e2886a1a5,花蓮縣衛生局傳染病檢體運送,2017,2022,6,2,1180000,花蓮縣政府,107年花蓮縣衛生局傳染病檢體運送；111年花蓮縣衛生局傳染病檢體運送,同機關且標題核心相同，尚待人工確認是否為同一專案
candidate_43cbe8226c5d,吉安鄉公所民俗慶典敬獻供品採購開口契約,2025,2026,2,2,1180000,花蓮縣吉安鄉公所,吉安鄉公所民俗慶典敬獻供品採購案(開口契約)；吉安鄉公所民俗慶典敬獻供品採購案（開口契約）,同機關且標題核心相同，尚待人工確認是否為同一專案
candidate_4514ef87c6ab,救護醫用氧氣灌填氣瓶維護勞務開口契約採購,2022,2026,5,3,1178700,花蓮縣消防局,112年救護醫用氧氣灌填及氣瓶維護勞務開口契約採購案；113年救護醫用氧氣灌填及氣瓶維護勞務開口契約採購案；115年救護醫用氧氣灌填及氣瓶維護勞務開口契約採購案,同機關且標題核心相同，尚待人工確認是否為同一專案
candidate_db26544a23e8,花蓮縣北區特教資源中心特殊教育學生鑑定相關評量工具財物採購,2018,2022,5,4,1177690,花蓮縣立宜昌國民中學,107年度花蓮縣北區特教資源中心特殊教育學生鑑定相關評量工具財物採購；109年度花蓮縣北區特教資源中心特殊教育學生鑑定相關評量工具財物採購；110年度花蓮縣北區特教資源中心特殊教育學生鑑定相關評量工具財物採購；111年度花蓮縣北區特教資源中心特殊教育學生鑑定相關評量工具財物採購,同機關且標題核心相同，尚待人工確認是否為同一專案
candidate_8db01c3ca98c,花蓮縣環境保護局環保月刊,2012,2013,2,2,1175000,花蓮縣政府,花蓮縣環境保護局102年環保月刊；花蓮縣環境保護局103年環保月刊,同機關且標題核心相同，尚待人工確認是否為同一專案
candidate_4667fa08b4a9,日本釧路市參訪交流活動,2023,2025,3,2,1173368,花蓮縣花蓮市公所,2023年日本釧路市參訪交流活動；2025年日本釧路市參訪交流活動,同機關且標題核心相同，尚待人工確認是否為同一專案
candidate_97d21dd1cef1,花蓮縣明恥國小樂器設備採購,2020,2022,3,2,1172552,花蓮縣花蓮市明恥國民小學,花蓮縣明恥國小109年度樂器設備採購；花蓮縣明恥國小111年度樂器設備採購,同機關且標題核心相同，尚待人工確認是否為同一專案
candidate_c448aa416639,花蓮縣萬榮鄉原住民傳統射箭彈弓錦標賽財物採購,2021,2023,3,3,1170000,花蓮縣萬榮鄉公所,花蓮縣萬榮鄉110年原住民傳統射箭暨彈弓錦標賽財物採購案；花蓮縣萬榮鄉111年原住民傳統射箭暨彈弓錦標賽財物採購案；花蓮縣萬榮鄉112年度原住民傳統射箭暨彈弓錦標賽財物採購案,同機關且標題核心相同，尚待人工確認是否為同一專案
candidate_388d144b974c,富里鄉土石流防災重機械待命開口契約,2013,2014,2,2,1170000,花蓮縣富里鄉公所,102年度富里鄉土石流防災重機械待命開口契約；103年度富里鄉土石流防災重機械待命開口契約,同機關且標題核心相同，尚待人工確認是否為同一專案
candidate_1b3942a24154,本鄉各村行道樹修剪整枝工作開口契約,2021,2023,3,3,1164000,花蓮縣秀林鄉公所,110年度本鄉各村行道樹修剪整枝工作勞務採購(開口契約)；111年度本鄉各村行道樹修剪整枝工作勞務採購(開口契約)；112年度本鄉各村行道樹修剪整枝工作勞務採購(開口契約),同機關且標題核心相同，尚待人工確認是否為同一專案
candidate_6e6ad5585e56,花蓮縣南平中學自立膳食食材冷凍肉品加工食品南北雜貨類採購,2015,2016,2,2,1164000,花蓮縣立南平中學,花蓮縣南平中學105年度自立膳食食材冷凍肉品、加工食品南北雜貨類採購；花蓮縣南平中學106年度自立膳食食材冷凍肉品、加工食品南北雜貨類採購案,同機關且標題核心相同，尚待人工確認是否為同一專案
candidate_faeeadf79ed9,鳳林鎮公所火化場3號火化爐其專用之空氣污染防制設備定期維護保養契約,2020,2025,6,4,1163000,花蓮縣鳳林鎮公所,110年鳳林鎮公所火化場3號火化爐及其專用之空氣污染防制設備定期維護保養契約；111年鳳林鎮公所火化場3號火化爐及其專用之空氣污染防制設備定期維護保養契約；113年鳳林鎮公所火化場3號火化爐及其專用之空氣污染防制設備定期維護保養契約；114年鳳林鎮公所火化場3號火化爐及其專用之空氣污染防制設備定期維護保養契約,同機關且標題核心相同，尚待人工確認是否為同一專案
candidate_703df43e28f4,文化健康站綜合服務據點友善空間整建大同文建站,2022,2023,2,2,1160000,花蓮縣光復鄉公所,文化健康站綜合服務據點友善空間整建計畫(第三期)-大同文建站；文化健康站綜合服務據點友善空間整建計畫-大同文建站,同機關且標題核心相同，尚待人工確認是否為同一專案
candidate_991794caf29a,新城鄉第一第二公墓除草樹木修剪,2023,2025,3,3,1159722,花蓮縣新城鄉公所,112年度新城鄉第一、第二公墓除草及樹木修剪 勞務採購案；113年度新城鄉第一、第二公墓除草及樹木修剪勞務採購案；115年度新城鄉第一、第二公墓除草及樹木修剪勞務採購案,同機關且標題核心相同，尚待人工確認是否為同一專案
candidate_e59d729d36ad,清潔人員夏季工作服,2012,2022,11,9,1158315,花蓮縣花蓮市公所,101年度清潔人員夏季工作服；104年度清潔人員夏季工作服；清潔人員夏季工作服；111年清潔人員夏季工作服,同機關且標題核心相同，尚待人工確認是否為同一專案
candidate_887d07b27420,吉安鄉防汛期土石流防災重機械待命緊急應變作業採購,2016,2023,8,6,1156100,花蓮縣吉安鄉公所,105年度吉安鄉防汛期土石流防災重機械待命緊急應變作業採購案；108年度吉安鄉防汛期土石流防災重機械待命緊急應變作業採購案；109年度吉安鄉防汛期土石流防災重機械待命緊急應變作業採購案；110年度吉安鄉防汛期土石流防災重機械待命緊急應變作業採購案；111年度吉安鄉防汛期土石流防災重機械待命緊急應變作業採購案；112年度吉安鄉防汛期土石流防災重機械待命緊急應變作業採購案,同機關且標題核心相同，尚待人工確認是否為同一專案
candidate_c0af6f54bc73,花蓮縣消防局1月新進人員制服採購,2020,2021,2,4,1155802,花蓮縣消防局,花蓮縣消防局109年1月新進人員制服採購案；花蓮縣消防局110年1月新進人員制服採購案；花蓮縣消防局111年1月新進人員制服採購案,同機關且標題核心相同，尚待人工確認是否為同一專案
candidate_b85374ca2866,各項印刷品期刊印製開口契約,2017,2023,7,6,1154756,花蓮縣消防局,106年度各項印刷品及期刊印製勞務採購案開口契約；107年各項印刷品及期刊印製勞務採購案開口契約；108年各項印刷品及期刊印製勞務採購開口契約；109年各項印刷品及期刊印製勞務採購開口契約；111年各項印刷品及期刊印製勞務採購開口契約；112年各項印刷品及期刊印製勞務採購開口契約,同機關且標題核心相同，尚待人工確認是否為同一專案
candidate_951afe0c4d2a,吉安鄉公所公私立幼兒園兒童節小禮品採購,2020,2026,7,7,1154280,花蓮縣吉安鄉公所,109年度吉安鄉公所公私立幼兒園兒童節小禮品採購案；110年吉安鄉公所公私立幼兒園兒童節小禮品採購案；111年度吉安鄉公所公私立幼兒園兒童節小禮品採購案；112年度吉安鄉公所公私立幼兒園兒童節小禮品採購案；113年度吉安鄉公所公私立幼兒園兒童節小禮品採購案；114年度吉安鄉公所公私立幼兒園兒童節小禮品採購案；115年度吉安鄉公所公私立幼兒園兒童節小禮品採購案,同機關且標題核心相同，尚待人工確認是否為同一專案
candidate_61584d02d2ee,花蓮縣鳳林鎮客家文化節系列活動舞台燈光音響等設備租賃採購,2014,2019,6,4,1152113,花蓮縣鳳林鎮公所,花蓮縣鳳林鎮103年客家文化節系列活動舞台、燈光、音響等設備租賃採購案；花蓮縣鳳林鎮105年客家文化節系列活動舞台、燈光、音響等設備租賃採購案；花蓮縣鳳林鎮106年客家文化節系列活動舞台、燈光、音響等設備租賃採購案；花蓮縣鳳林鎮108年客家文化節系列活動舞台、燈光、音響等設備租賃採購案,同機關且標題核心相同，尚待人工確認是否為同一專案
candidate_ec72f9afc3d6,花蓮縣玉里鎮赤科山蜜香紅茶分級評鑑,2016,2023,8,3,1150392,花蓮縣玉里鎮公所,花蓮縣玉里鎮赤科山蜜香紅茶分級評鑑計畫；2020年花蓮縣玉里鎮赤科山蜜香紅茶分級評鑑計畫；2023年花蓮縣玉里鎮赤科山蜜香紅茶分級評鑑計畫,同機關且標題核心相同，尚待人工確認是否為同一專案
candidate_ed0ffa601fa5,花蓮縣政府原住民行政處辦公廳舍環境清潔維護工作,2025,2026,2,2,1150000,花蓮縣政府,花蓮縣政府原住民行政處114年度辦公廳舍及環境清潔維護工作；花蓮縣政府原住民行政處115年度辦公廳舍及環境清潔維護工作,同機關且標題核心相同，尚待人工確認是否為同一專案
candidate_e48f1344805e,吉安鄉光英段農路改善,2015,2020,6,2,1149000,花蓮縣政府,吉安鄉光英段農路改善工程,同機關且標題核心相同，尚待人工確認是否為同一專案
candidate_d00c0a9d5fe7,加強公務和諧連繫春節禮品湖南臘肉禮盒採購開口契約,2021,2023,3,3,1145350,花蓮縣政府,110年度加強公務和諧連繫-春節禮品-湖南臘肉禮盒採購（開口契約)；111年度加強公務和諧連繫-春節禮品-湖南臘肉禮盒採購（開口契約)；112年度加強公務和諧連繫-春節禮品-湖南臘肉禮盒採購（開口契約),同機關且標題核心相同，尚待人工確認是否為同一專案
candidate_afaec6fa7a8f,道路坑洞修補巡查作業開口契約,2010,2011,2,2,1143000,花蓮縣光復鄉公所,道路坑洞修補及巡查作業開口契約；100年度道路坑洞修補及巡查作業開口契約,同機關且標題核心相同，尚待人工確認是否為同一專案
candidate_a5d5aa61441f,清潔車輛維修重機械採購開口合約,2019,2022,4,4,1141900,花蓮縣玉里鎮公所,「108年度清潔車輛維修(重機械)採購案」(開口合約)；「109年度清潔車輛維修(重機械)採購案」(開口合約)；110年度清潔車輛維修(重機械)採購案」(開口合約)；111年度清潔車輛維修(重機械)採購案」(開口合約),同機關且標題核心相同，尚待人工確認是否為同一專案
candidate_61a5c86158ec,花蓮縣身心障礙福利機構教保員初階班身心障礙者服務人員在職訓練建構老化照顧服務實地輔導,2024,2025,2,2,1140000,花蓮縣政府,113年度花蓮縣身心障礙福利機構教保員初階班暨身心障礙者服務人員在職訓練及建構老化照顧服務實地輔導計畫；113年度花蓮縣身心障礙福利機構教保員初階班暨身心障礙者服務人員在職訓練及建構老化照顧服務實地輔導計畫(後續擴充),同機關且標題核心相同，尚待人工確認是否為同一專案
candidate_00f4c7ea133a,因公務赴亞洲地區出國考察採購,2024,2025,2,2,1138000,花蓮縣卓溪鄉公所,113年度因公務赴亞洲地區出國考察採購案；114年度因公務赴亞洲地區出國考察採購案,同機關且標題核心相同，尚待人工確認是否為同一專案
candidate_b06298626862,基層村里鄰長政令宣導吉安鄉餐會採購,2023,2026,4,3,1136000,花蓮縣政府,112年度基層村(里)鄰長政令宣導-吉安鄉餐會採購案；113年度基層村(里)鄰長政令宣導-吉安鄉餐會採購案；115年度基層村(里)鄰長政令宣導-吉安鄉餐會採購案,同機關且標題核心相同，尚待人工確認是否為同一專案
candidate_480535593d27,花蓮縣鳳林鎮土石流防災重機械進駐搶修工作,2018,2023,6,3,1135000,花蓮縣鳳林鎮公所,107年度花蓮縣鳳林鎮土石流防災重機械進駐搶修工作；111年度花蓮縣鳳林鎮土石流防災重機械進駐搶修工作；112年度花蓮縣鳳林鎮土石流防災重機械進駐搶修工作,同機關且標題核心相同，尚待人工確認是否為同一專案
candidate_023f494fdd48,志學國小兒童遊戲場改善財物採購,2021,2025,5,2,1133500,花蓮縣壽豐鄉志學國民小學,志學國小110年度兒童遊戲場改善財物採購；114年志學國小兒童遊戲場改善財物採購,同機關且標題核心相同，尚待人工確認是否為同一專案
candidate_2a607ed4798b,花蓮縣美崙山生態公園知卡宣綠森林親水公園電子保全系統服務,2019,2024,6,6,1132640,花蓮縣政府,109年度花蓮縣美崙山生態公園及知卡宣綠森林親水公園電子保全系統服務勞務採購案；110年度花蓮縣美崙山生態公園及知卡宣綠森林親水公園電子保全系統服務勞務採購案；111年度花蓮縣美崙山生態公園及知卡宣綠森林親水公園電子保全系統服務勞務採購案；112年度花蓮縣美崙山生態公園及知卡宣綠森林親水公園電子保全系統服務勞務採購案；113年度花蓮縣美崙山生態公園及知卡宣綠森林親水公園電子保全系統服務勞務採購案,同機關且標題核心相同，尚待人工確認是否為同一專案
candidate_76e183eca337,花蓮縣太平國民小學老舊廁所整修,2015,2016,2,2,1132004,花蓮縣卓溪鄉太平國民小學,花蓮縣太平國民小學104年度老舊廁所整修工程；花蓮縣太平國民小學105年度老舊廁所整修工程,同機關且標題核心相同，尚待人工確認是否為同一專案
candidate_73e79c4f3c78,東富村產業道路改善等三件,2015,2017,3,2,1130000,花蓮縣光復鄉公所,東富村產業道路改善工程等三件工程；東富村產業道路改善等三件工程,同機關且標題核心相同，尚待人工確認是否為同一專案
candidate_1eb0ad8f6a8b,國風國中游泳池委外經營管理採購,2014,2025,12,5,1128057,花蓮縣立國風國民中學,國風國中『游泳池委外經營管理』採購案；國風國中「游泳池委外經營管理」採購案；國風國中游泳池委外經營管理採購案,同機關且標題核心相同，尚待人工確認是否為同一專案
candidate_dfad75d4d4ea,自立膳食食材冷凍肉品加工食品南北雜貨類採購,2019,2020,2,2,1125996,花蓮縣立南平中學,109年度自立膳食食材冷凍肉品、加工食品、南北雜貨類採購案；110年度自立膳食食材冷凍肉品、加工食品、南北雜貨類採購案,同機關且標題核心相同，尚待人工確認是否為同一專案
candidate_7ea0ab7a312c,花蓮縣吉安鄉委外編輯印製鄉政報導採購,2013,2015,3,3,1123000,花蓮縣吉安鄉公所,102年度花蓮縣吉安鄉委外編輯印製鄉政報導採購案；103年度花蓮縣吉安鄉委外編輯印製鄉政報導採購案；104年度花蓮縣吉安鄉委外編輯印製鄉政報導採購案,同機關且標題核心相同，尚待人工確認是否為同一專案
candidate_e819c9a22db7,瑞穗鄉立圖書館圖書資料採購,2015,2019,5,5,1122780,花蓮縣瑞穗鄉公所,104年瑞穗鄉立圖書館圖書資料採購；105年瑞穗鄉立圖書館圖書資料採購；106年瑞穗鄉立圖書館圖書資料採購；107年瑞穗鄉立圖書館圖書資料採購；108年瑞穗鄉立圖書館圖書資料採購,同機關且標題核心相同，尚待人工確認是否為同一專案
candidate_951da77e1ae6,花蓮縣花蓮市明恥國民小學改善無障礙校園環境,2013,2015,3,2,1119940,花蓮縣花蓮市明恥國民小學,花蓮縣花蓮市明恥國民小學102年度改善無障礙校園環境工程；花蓮縣花蓮市明恥國民小學104年度改善無障礙校園環境工程,同機關且標題核心相同，尚待人工確認是否為同一專案
candidate_9749f59dc309,鄰長慰問品採購,2013,2019,7,6,1119838,花蓮縣玉里鎮公所,103年鄰長慰問品採購案；104年鄰長慰問品採購案；105年鄰長慰問品採購案；106年鄰長慰問品採購案；107年鄰長慰問品採購案；108年鄰長慰問品採購案,同機關且標題核心相同，尚待人工確認是否為同一專案
candidate_3059456aaf3b,清潔隊重機械車輛維修,2012,2014,3,3,1118000,花蓮縣吉安鄉公所,101年度清潔隊重機械車輛維修；102年清潔隊重機械車輛維修；103年清潔隊重機械車輛維修,同機關且標題核心相同，尚待人工確認是否為同一專案
candidate_1ecc8624f76f,花蓮縣公共設施管線位置調查監驗系統建置委託監審服務工作,2013,2019,7,5,1117500,花蓮縣政府,花蓮縣公共設施管線位置調查(監驗)暨系統建置第一期計畫委託監審服務工作；花蓮縣公共設施管線位置調查(監驗)暨系統建置第二期計畫委託監審服務工作；花蓮縣公共設施管線位置調查(監驗)暨系統建置第三期計畫委託監審服務工作；花蓮縣公共設施管線位置調查(監驗)暨系統建置第四期計畫委託監審服務工作；花蓮縣公共設施管線位置調查(監驗)暨系統建置第五期計畫委託監審服務工作,同機關且標題核心相同，尚待人工確認是否為同一專案
candidate_30437205dee2,中華國小游泳池委外經營管理,2021,2024,4,2,1117500,花蓮縣花蓮市中華國民小學,中華國小110年度游泳池委外經營管理勞務採購；中華國小114年度游泳池委外經營管理,同機關且標題核心相同，尚待人工確認是否為同一專案
candidate_3f320286f396,消防人員職員鞋品含皮鞋休閒鞋採購,2018,2024,7,2,1114701,花蓮縣消防局,107年度消防人員及職員鞋品(含皮鞋、休閒鞋)採購案；113年度消防人員及職員鞋品（含皮鞋、休閒鞋）採購案,同機關且標題核心相同，尚待人工確認是否為同一專案
candidate_d3e0078a89df,花卉植栽等財物採購,2018,2019,2,2,1111740,花蓮縣花蓮市公所,107年度花卉植栽等財物採購；108年度花卉植栽等財物採購,同機關且標題核心相同，尚待人工確認是否為同一專案
candidate_eed0b3384477,石雕館美術館圖書館演藝堂中央空調冷氣保養,2012,2013,2,2,1110848,花蓮縣政府,101年度『石雕館、美術館、圖書館、演藝堂』中央空調冷氣保養；102年度『石雕館、美術館、圖書館、演藝堂』中央空調冷氣保養,同機關且標題核心相同，尚待人工確認是否為同一專案
candidate_542e2e353295,縣長本府所屬一級機關員工業務座談餐會,2015,2017,3,2,1108800,花蓮縣政府,105年縣長與本府暨所屬一級機關員工業務座談餐會；「107年縣長與本府及所屬一級機關員工業務座談餐會」勞務採購案,同機關且標題核心相同，尚待人工確認是否為同一專案
candidate_cd1b98efb87f,花蓮縣垃圾衛生掩埋場地下水監測井採樣檢測,2010,2011,2,2,1102220,花蓮縣政府,99年度花蓮縣「垃圾衛生掩埋場地下水監測井採樣檢測計畫」；100年度花蓮縣「垃圾衛生掩埋場地下水監測井採樣檢測計畫」,同機關且標題核心相同，尚待人工確認是否為同一專案
candidate_650ff3706ece,空白紙質權狀採購,2021,2025,5,2,1101300,花蓮縣花蓮地政事務所,110年度空白紙質權狀採購案；114年度空白紙質權狀採購案,同機關且標題核心相同，尚待人工確認是否為同一專案
candidate_236ccfcafc66,國家紀念日元旦國慶日懸掛國旗財務採購,2014,2021,8,2,1100500,花蓮縣政府,104年國家紀念日(元旦暨國慶日)懸掛國旗財務採購案；110年國家紀念日(元旦暨國慶日)懸掛國旗財務採購契約變更,同機關且標題核心相同，尚待人工確認是否為同一專案
candidate_23bc18616e0d,花蓮縣原住民族部落大學縣外參訪觀摩執行,2024,2026,3,3,1100000,花蓮縣政府,113年度花蓮縣原住民族部落大學縣外參訪觀摩與執行勞務採購案；114年度花蓮縣原住民族部落大學縣外參訪觀摩與執行勞務採購案；115年度花蓮縣原住民族部落大學縣外參訪觀摩與執行勞務採購案,同機關且標題核心相同，尚待人工確認是否為同一專案
candidate_06fa99a7d96b,水土保持水土保持規劃書委託審查技術服務,2016,2017,2,2,1100000,花蓮縣政府,105年度水土保持計畫(水土保持規劃書)委託審查技術服務；106年度水土保持計畫(水土保持規劃書)委託審查技術服務,同機關且標題核心相同，尚待人工確認是否為同一專案
candidate_455d55255914,部落幹部文化交流參訪活動,2024,2026,3,3,1098800,花蓮縣瑞穗鄉公所,113年度部落幹部文化交流與參訪活動勞務採購案；114年度部落幹部文化交流與參訪活動勞務採購案-第一次後續擴充；115年度部落幹部文化交流與參訪活動勞務採購案,同機關且標題核心相同，尚待人工確認是否為同一專案
candidate_fbe9b61dfff4,花蓮縣政府所屬一級機關慶祝父親節親子活動採購,2024,2026,3,2,1098600,花蓮縣政府,花蓮縣政府及所屬一級機關113年慶祝父親節暨親子活動採購案；花蓮縣政府及所屬一級機關115年慶祝父親節暨親子活動採購案,同機關且標題核心相同，尚待人工確認是否為同一專案
candidate_7c9bfeb41a4b,卓溪鄉射耳祭活動採購,2017,2019,3,2,1097000,花蓮縣卓溪鄉公所,卓溪鄉106年度射耳祭活動委託專業服務採購案；卓溪鄉108年度射耳祭活動委託專業服務採購案,同機關且標題核心相同，尚待人工確認是否為同一專案
candidate_5c10909a6a42,檔庫房電腦機房消防系統租賃採購,2014,2015,2,3,1097000,花蓮縣政府,104年檔案庫房暨電腦機房消防系統租賃採購案；105年檔案庫房暨電腦機房消防系統租賃採購案,同機關且標題核心相同，尚待人工確認是否為同一專案
candidate_b66b69bea79a,秀林鄉行道樹修剪整枝工作開口契約,2018,2020,3,4,1096575,花蓮縣秀林鄉公所,秀林鄉107年度行道樹修剪整枝工作勞務採購(開口契約)；秀林鄉108年度行道樹修剪整枝工作勞務採購(開口契約)；秀林鄉108年度行道樹修剪整枝工作勞務採購第二期(開口契約)；109年度秀林鄉行道樹修剪整枝工作勞務採購(開口契約),同機關且標題核心相同，尚待人工確認是否為同一專案
candidate_c4ac5ef70357,花蓮縣有機食農教育手冊,2022,2024,3,2,1094000,花蓮縣政府,111年度花蓮縣有機食農教育手冊勞務採購案；113年度花蓮縣有機食農教育手冊勞務採購案,同機關且標題核心相同，尚待人工確認是否為同一專案
candidate_e33ec779d22f,花蓮縣消防局救護醫用氧氣灌填氣瓶維護開口契約,2016,2022,7,6,1091390,花蓮縣消防局,花蓮縣消防局106年度救護醫用氧氣灌填及氣瓶維護開口契約；花蓮縣消防局108年救護醫用氧氣灌填及氣瓶維護開口契約；花蓮縣消防局108年救護醫用氧氣灌填及氣瓶維護開口契約第2次後續擴充；花蓮縣消防局109年救護醫用氧氣灌填及氣瓶維護開口契約-後續擴充；花蓮縣消防局111年度救護醫用氧氣灌填及氣瓶維護開口契約-後續擴充案,同機關且標題核心相同，尚待人工確認是否為同一專案
candidate_a6f1508819f5,消防安全設備缺失改善,2022,2023,2,2,1087090,花蓮縣立南平中學,111年度消防安全設備缺失改善案；112年度消防安全設備缺失改善案,同機關且標題核心相同，尚待人工確認是否為同一專案
candidate_88d7ae4a3e95,花蓮縣加強重要節日安全維護工作宣導品採購,2018,2019,2,2,1084845,花蓮縣政府,花蓮縣107年加強重要節日安全維護工作宣導品採購案；花蓮縣108年加強重要節日安全維護工作宣導品採購案,同機關且標題核心相同，尚待人工確認是否為同一專案
candidate_fd600a7194c4,秀林鄉社區全民聯合運動大會服裝採購,2011,2016,6,2,1084000,花蓮縣秀林鄉公所,秀林鄉100年度社區全民聯合運動大會服裝採購；秀林鄉105年度社區全民聯合運動大會服裝採購,同機關且標題核心相同，尚待人工確認是否為同一專案
candidate_c1dc7e0c6cd3,花蓮縣公共設施管線委託監審工作,2022,2024,3,3,1083980,花蓮縣政府,花蓮縣公共設施管線第八期計畫委託監審工作；花蓮縣公共設施管線第七期計畫委託監審工作；花蓮縣公共設施管線第十期計畫委託監審工作,同機關且標題核心相同，尚待人工確認是否為同一專案
candidate_b2e1f88a160e,花蓮縣秀林鄉中餐烹調葷食丙級技術士職業訓練,2025,2026,2,2,1083800,花蓮縣秀林鄉公所,114年度花蓮縣秀林鄉中餐烹調-葷食(丙級)技術士職業訓練計畫；115年度花蓮縣秀林鄉中餐烹調-葷食(丙級)技術士職業訓練計畫,同機關且標題核心相同，尚待人工確認是否為同一專案
candidate_f093f122b220,花蓮縣教育輔具A項聽覺障礙類財物採購,2018,2020,3,3,1083000,花蓮縣立宜昌國民中學,107年度花蓮縣第3次教育輔具（A項聽覺障礙類）財物採購；108年度花蓮縣第1次教育輔具（A項聽覺障礙類）財物採購；109年度花蓮縣第3次教育輔具（A項聽覺障礙類）財物採購,同機關且標題核心相同，尚待人工確認是否為同一專案
candidate_1236149a74f1,花蓮縣吉安鄉公所資源回收環境教育縣外觀摩活動採購,2022,2025,4,2,1080000,花蓮縣吉安鄉公所,花蓮縣吉安鄉公所111年度資源回收暨環境教育縣外觀摩活動採購案；花蓮縣吉安鄉公所 114年度資源回收暨環境教育縣外觀摩活動採購案,同機關且標題核心相同，尚待人工確認是否為同一專案
candidate_724f9eaeb359,秋冬花卉植栽綠美化行道樹景觀調整,2012,2013,2,2,1078508,花蓮縣花蓮市公所,101年度秋冬花卉植栽綠美化及行道樹景觀調整工程；102年度秋冬花卉植栽綠美化及行道樹景觀調整工程,同機關且標題核心相同，尚待人工確認是否為同一專案
candidate_155cce891dc7,太魯閣族感恩祭傳統技藝競賽活動,2011,2012,2,2,1075000,花蓮縣萬榮鄉公所,100年度太魯閣族感恩祭暨傳統技藝競賽活動；101年度太魯閣族感恩祭暨傳統技藝競賽活動,同機關且標題核心相同，尚待人工確認是否為同一專案
candidate_c8affd95b4c3,花蓮縣警察局所屬廳舍整修委託,2019,2021,3,2,1074701,花蓮縣警察局,花蓮縣警察局108年度所屬廳舍整修工程委託規劃設計監造；花蓮縣警察局110年所屬廳舍整修工程委託規劃設計監造,同機關且標題核心相同，尚待人工確認是否為同一專案
candidate_fbadaa1744fd,電腦相關設備行政資訊系統維護網站網頁資料庫更新維護防火牆等資訊系統保養維護委託資訊服務採購,2018,2019,2,2,1070546,花蓮縣萬榮鄉公所,電腦相關設備暨行政資訊系統維護、網站網頁及資料庫更新維護、防火牆等資訊系統保養維護-委託資訊服務採購案；108年度電腦相關設備暨行政資訊系統維護、網站網頁及資料庫更新維護、防火牆等資訊系統保養維護-委託資訊服務採購案,同機關且標題核心相同，尚待人工確認是否為同一專案
candidate_96f8ad003ab5,二期水稻病蟲害整合性防治改進採購,2011,2012,2,2,1067000,花蓮縣富里鄉公所,100年二期水稻病蟲害整合性防治與改進計畫採購案；101年二期水稻病蟲害整合性防治與改進計畫採購案,同機關且標題核心相同，尚待人工確認是否為同一專案
candidate_a6d8e4f81bb3,花蓮縣全縣社區全民聯合運動會運動服裝,2011,2015,5,4,1066292,花蓮縣吉安鄉公所,100年花蓮縣全縣暨社區全民聯合運動會運動服裝；101年花蓮縣全縣暨社區全民聯合運動會運動服裝；102年花蓮縣全縣暨社區全民聯合運動會運動服裝；104年花蓮縣全縣暨社區全民聯合運動會運動服裝,同機關且標題核心相同，尚待人工確認是否為同一專案
candidate_be125cb0bd6d,花蓮縣災害應變中心防救災資訊系統等設備委外維護,2020,2021,2,2,1064000,花蓮縣消防局,花蓮縣災害應變中心防救災資訊系統等設備委外維護案,同機關且標題核心相同，尚待人工確認是否為同一專案
candidate_0474a6079901,全鄉路燈認養告示牌製作張貼開口契約,2023,2025,3,3,1063705,花蓮縣吉安鄉公所,112年度全鄉路燈認養告示牌製作及張貼(開口契約)；113年度全鄉路燈認養告示牌製作及張貼(開口契約)；115年度全鄉路燈認養告示牌製作及張貼(開口契約),同機關且標題核心相同，尚待人工確認是否為同一專案
candidate_e3fc3a56f69e,卓溪鄉垃圾車資源回收車鏟土機等養護開口契約,2017,2018,2,2,1060482,花蓮縣卓溪鄉公所,106年度卓溪鄉垃圾車、資源回收車及鏟土機等養護(開口契約)；107年度卓溪鄉垃圾車、資源回收車及鏟土機等養護(開口契約),同機關且標題核心相同，尚待人工確認是否為同一專案
candidate_c41a912d3c6d,花蓮警光會館房間床單罩等用品清洗採購,2016,2017,2,2,1060397,花蓮縣政府,花蓮警光會館105年度房間床單（罩）等用品清洗採購案；花蓮警光會館106年度房間床單（罩）等用品清洗採購案,同機關且標題核心相同，尚待人工確認是否為同一專案
candidate_5f0bf2e60d3f,都市雨水下水道清淤開口契約第2批,2018,2019,2,2,1060000,花蓮縣壽豐鄉公所,107年度都市計畫雨水下水道清淤工程(開口契約)第2批；108年度都市計畫雨水下水道清淤工程(開口契約)第2批,同機關且標題核心相同，尚待人工確認是否為同一專案
candidate_903599306526,卓溪鄉家政民政鄉外交流觀摩活動採購,2022,2023,2,2,1059000,花蓮縣卓溪鄉公所,111年度卓溪鄉家政暨民政鄉外交流觀摩活動採購案；112年度卓溪鄉家政暨民政鄉外交流觀摩活動採購案,同機關且標題核心相同，尚待人工確認是否為同一專案
candidate_df76ac67b20b,壽豐鄉公所瀝青混凝土包瀝青油採購,2017,2024,8,6,1057810,花蓮縣壽豐鄉公所,壽豐鄉公所瀝青混凝土包及瀝青油採購案；壽豐鄉公所瀝青混凝土包及瀝青油採購,同機關且標題核心相同，尚待人工確認是否為同一專案
candidate_f752e577d4f8,基層村里鄰長政令宣導新城鄉秀林鄉餐會採購,2023,2026,4,4,1057450,花蓮縣政府,112年度基層村(里)鄰長政令宣導-新城鄉、秀林鄉餐會採購案；113年度基層村(里)鄰長政令宣導-新城鄉、秀林鄉餐會採購案；114年度基層村(里)鄰長政令宣導-新城鄉、秀林鄉餐會採購案；115年度基層村(里)鄰長政令宣導-新城鄉、秀林鄉餐會採購案,同機關且標題核心相同，尚待人工確認是否為同一專案
candidate_d0b547346389,花蓮縣大進國小午餐廚房設備改善,2020,2022,3,2,1054000,花蓮縣光復鄉大進國民小學,花蓮縣大進國小午餐廚房設備改善工程；花蓮縣大進國小午餐廚房設備改善案,同機關且標題核心相同，尚待人工確認是否為同一專案
candidate_0f52acb06d67,推展縣政公關中堂輓聯採購開口契約,2015,2016,2,2,1052400,花蓮縣政府,104年度推展縣政公關－中堂、輓聯採購(開口契約)；105年度推展縣政公關－中堂、輓聯採購(開口契約),同機關且標題核心相同，尚待人工確認是否為同一專案
candidate_c97ecd6ef132,鳳林鎮重陽節敬老禮券採購,2010,2011,2,2,1051575,花蓮縣鳳林鎮公所,鳳林鎮99年度重陽節敬老禮券採購；鳳林鎮100年度重陽節敬老禮券採購,同機關且標題核心相同，尚待人工確認是否為同一專案
candidate_d476b9fc5953,花蓮縣政府委託辦理弱勢青少年就業力促進,2015,2017,3,3,1049540,花蓮縣政府,花蓮縣政府委託辦理「104年度弱勢青少年就業力促進計畫」；花蓮縣政府委託辦理「105年度弱勢青少年就業力促進計畫」；花蓮縣政府委託辦理「106年度弱勢青少年就業力促進計畫」,同機關且標題核心相同，尚待人工確認是否為同一專案
candidate_f2bcc62560e5,花蓮縣公立國民中小學校務行政系統維護,2017,2018,2,2,1043720,花蓮縣政府,花蓮縣106年度公立國民中小學校務行政系統維護案；花蓮縣107年度公立國民中小學校務行政系統維護案,同機關且標題核心相同，尚待人工確認是否為同一專案
candidate_86355bce4dc1,花蓮縣地方稅務局各類文書用品統一印刷採購,2013,2014,2,2,1042207,花蓮縣政府,花蓮縣地方稅務局102年度各類文書用品統一印刷採購案；花蓮縣地方稅務局103年度各類文書用品統一印刷採購案,同機關且標題核心相同，尚待人工確認是否為同一專案
candidate_05df9a4d812e,溪口國小教室設施改善,2022,2024,3,2,1041280,花蓮縣壽豐鄉溪口國民小學,溪口國小教室設施改善工程,同機關且標題核心相同，尚待人工確認是否為同一專案
candidate_510571760e61,改善學校午餐廚房設備,2024,2025,2,2,1040586,花蓮縣立國風國民中學,113年度改善學校午餐廚房設備工程；114年度改善學校午餐廚房設備,同機關且標題核心相同，尚待人工確認是否為同一專案
candidate_045745f9e7f5,秀林鄉重光部落學生專車接送服採購,2020,2023,4,4,1040100,花蓮縣秀林鄉公所,「秀林鄉109年度重光部落學生專車接送服」採購；「秀林鄉110年度重光部落學生專車接送服」採購；秀林鄉111年度重光部落學生專車接送服採購；「秀林鄉112年度重光部落學生專車接送服」採購,同機關且標題核心相同，尚待人工確認是否為同一專案
candidate_67bbd1e0d344,本鄉各公墓用水設備修繕開口契約,2022,2025,4,3,1040000,花蓮縣秀林鄉公所,112年本鄉各公墓用水設備修繕工程(開口契約)；113年度本鄉各公墓用水設備修繕工程(開口契約)；114年本鄉各公墓用水設備修繕工程(開口契約),同機關且標題核心相同，尚待人工確認是否為同一專案
candidate_7ace81761296,清潔人員健康檢查,2022,2026,5,5,1039500,花蓮縣花蓮市公所,111年度清潔人員健康檢查；112年度清潔人員健康檢查；113年度清潔人員健康檢查；114年度清潔人員健康檢查；115年度清潔人員健康檢查,同機關且標題核心相同，尚待人工確認是否為同一專案
candidate_d9b8601b14cc,基層運動選手訓練站訓練環境器材設備採購,2021,2022,2,2,1039000,花蓮縣花蓮市明義國民小學,110年度基層運動選手訓練站訓練環境及器材設備採購案；111年度基層運動選手訓練站訓練環境及器材設備採購案,同機關且標題核心相同，尚待人工確認是否為同一專案
candidate_2d333966ed9e,花蓮縣警察局警用汽車保養用機油開口契約單價標採購,2013,2014,2,3,1038750,花蓮縣政府,花蓮縣警察局102年度警用汽車保養用機油開口契約單價標採購；花蓮縣警察局103年度警用汽車保養用機油開口契約單價標採購案,同機關且標題核心相同，尚待人工確認是否為同一專案
candidate_b11dbd7c59ca,鳳林鎮公所禮劵商品劵財務採購,2021,2023,3,4,1034840,花蓮縣鳳林鎮公所,鳳林鎮公所110年第二次禮劵(商品劵)財務採購案；鳳林鎮公所111年第二次禮劵(商品劵)財務採購案；鳳林鎮公所111年禮劵(商品劵)財務(第二次)採購案；鳳林鎮公所112年禮劵(商品劵)財務採購案,同機關且標題核心相同，尚待人工確認是否為同一專案
candidate_3c61852f9120,原住民部落幹部產業經濟發展教育訓練活動,2015,2016,2,2,1031250,花蓮縣新城鄉公所,104年度原住民部落幹部產業經濟發展暨教育訓練活動；105年度原住民部落幹部產業經濟發展暨教育訓練活動,同機關且標題核心相同，尚待人工確認是否為同一專案
candidate_89cd2963d067,新城鄉家樂福周邊人行道改善,2020,2021,2,2,1030000,花蓮縣新城鄉公所,新城鄉家樂福周邊人行道改善工程,同機關且標題核心相同，尚待人工確認是否為同一專案
candidate_82b730565023,中原國小特教班設備採購,2017,2020,4,2,1028824,花蓮縣花蓮市中原國民小學,中原國小特教班設備採購；109年中原國小特教班設備採購,同機關且標題核心相同，尚待人工確認是否為同一專案
candidate_8da291f68777,萬榮村萬利段農路改善,2016,2019,4,2,1024000,花蓮縣萬榮鄉公所,萬榮村萬利段農路改善工程,同機關且標題核心相同，尚待人工確認是否為同一專案
candidate_cdf8179e4d6e,新城鄉公所館藏充實圖書採購,2016,2019,4,4,1023000,花蓮縣新城鄉公所,新城鄉公所105年館藏充實計畫圖書採購；新城鄉公所106年館藏充實計畫圖書採購；新城鄉公所107年館藏充實計畫圖書採購；新城鄉公所108年館藏充實計畫圖書採購,同機關且標題核心相同，尚待人工確認是否為同一專案
candidate_68a804ece62b,秀林鄉50歲以上老花眼鏡驗光配鏡採購,2017,2019,3,2,1022000,花蓮縣秀林鄉公所,秀林鄉106年度50歲以上老花眼鏡驗光暨配鏡採購；秀林鄉108年度50歲以上老花眼鏡驗光暨配鏡採購,同機關且標題核心相同，尚待人工確認是否為同一專案
candidate_53266f684136,壽豐鄉公墓環境綠美化改善,2021,2022,2,2,1022000,花蓮縣壽豐鄉公所,110年度壽豐鄉公墓環境綠美化改善案,同機關且標題核心相同，尚待人工確認是否為同一專案
candidate_265004c2f142,菸酒政令宣導活動宣導品採購,2020,2023,4,2,1019700,花蓮縣政府,109年度菸酒政令宣導活動宣導品採購案；112年度菸酒政令宣導活動宣導品採購案,同機關且標題核心相同，尚待人工確認是否為同一專案
candidate_7494cfd33fd8,路燈材料採購,2015,2017,3,3,1017600,花蓮縣光復鄉公所,104年度路燈材料採購案；105年度路燈材料採購案；106年度路燈材料採購案,同機關且標題核心相同，尚待人工確認是否為同一專案
candidate_fff34f0c343d,公共圖書閱讀推廣實施圖書採購,2016,2019,4,4,1017280,花蓮縣光復鄉公所,105年度公共圖書閱讀推廣實施計畫圖書採購案；106年度公共圖書閱讀推廣實施計畫圖書採購案；107年度公共圖書閱讀推廣實施計畫圖書採購案；108年度公共圖書閱讀推廣實施計畫圖書採購案,同機關且標題核心相同，尚待人工確認是否為同一專案
candidate_03d1486a2210,花蓮縣環境教育數位中心大樓園區環境綠美化維護開口契約,2023,2024,2,2,1016000,花蓮縣環境保護局,112年度花蓮縣環境教育數位中心大樓園區環境綠美化維護開口契約；113年度花蓮縣環境教育數位中心大樓園區環境綠美化維護開口契約,同機關且標題核心相同，尚待人工確認是否為同一專案
candidate_eaa7559566de,春安工作人員慰問禮品採購,2020,2026,7,4,1015800,花蓮縣吉安鄉公所,109年度春安工作人員慰問禮品採購案；110年度春安工作人員慰問禮品採購案；111年度春安工作人員慰問禮品採購案；115年度「春安工作人員慰問禮品」採購案,同機關且標題核心相同，尚待人工確認是否為同一專案
candidate_0d7fb7069e32,花蓮縣國民中小學藝術才能班充實設備器材實施,2024,2026,3,3,1012000,花蓮縣立國風國民中學,113年花蓮縣國民中小學藝術才能班充實設備器材實施計畫；114年花蓮縣國民中小學藝術才能班充實設備器材實施計畫；115年花蓮縣國民中小學藝術才能班充實設備器材實施計畫,同機關且標題核心相同，尚待人工確認是否為同一專案
candidate_6d3161a2ad76,花蓮警光會館盥洗清潔用品財物採購,2017,2019,3,3,1010192,花蓮縣政府,花蓮警光會館106年度盥洗清潔用品財物採購案；花蓮警光會館107年度盥洗清潔用品財物採購案；花蓮警光會館108年度盥洗清潔用品財物採購案,同機關且標題核心相同，尚待人工確認是否為同一專案
candidate_0081ffd9a009,花蓮縣立體育場轄屬各場館公共意外責任險火險採購,2017,2026,10,5,1008964,花蓮縣立體育場,106年度花蓮縣立體育場轄屬各場館公共意外責任險及火險採購；108年度花蓮縣立體育場轄屬各場館公共意外責任險及火險採購；110年度花蓮縣立體育場轄屬各場館公共意外責任險及火險採購；112年度花蓮縣立體育場轄屬各場館公共意外責任險及火險採購；115年度花蓮縣立體育場轄屬各場館公共意外責任險及火險採購,同機關且標題核心相同，尚待人工確認是否為同一專案
candidate_d083c120cf90,花蓮縣老人身心障礙者資訊管理系統維護,2021,2024,4,3,1008000,花蓮縣政府,花蓮縣老人及身心障礙者資訊管理系統維護案；花蓮縣老人及身心障礙者資訊管理系統維護,同機關且標題核心相同，尚待人工確認是否為同一專案
candidate_d64884a89cc2,花蓮縣政府差勤系統維護,2021,2025,5,4,1007530,花蓮縣政府,花蓮縣政府110年度差勤系統維護勞務採購案；花蓮縣政府111年度差勤系統維護勞務採購案；花蓮縣政府112年度差勤系統維護勞務採購案；花蓮縣政府115年度差勤系統維護勞務採購案,同機關且標題核心相同，尚待人工確認是否為同一專案
candidate_69d7e5dc55b7,花蓮縣秀林鄉原鄉山域嚮導資格檢定訓練,2025,2026,2,2,1004412,花蓮縣秀林鄉公所,114年度花蓮縣秀林鄉原鄉山域嚮導資格檢定訓練勞務採購案；115年度花蓮縣秀林鄉原鄉山域嚮導資格檢定訓練勞務採購案,同機關且標題核心相同，尚待人工確認是否為同一專案
candidate_2339bf788a18,花蓮縣吉安鄉公所資通安全管理委託服務,2023,2026,4,3,1003000,花蓮縣吉安鄉公所,花蓮縣吉安鄉公所112年度資通安全管理委託服務；花蓮縣吉安鄉公所113年度資通安全管理委託服務；花蓮縣吉安鄉公所115年度資通安全管理委託服務,同機關且標題核心相同，尚待人工確認是否為同一專案
candidate_648c4be48cb3,國風國中基層運動選手訓練站器材設備,2017,2018,2,2,1002600,花蓮縣政府,國風國中「106年度基層運動選手訓練站器材設備」案；國風國中「107年度基層運動選手訓練站器材設備」案,同機關且標題核心相同，尚待人工確認是否為同一專案
candidate_a1d2779370f1,花蓮縣政府菸酒聯合稽查取締小組菸酒查緝業務觀摩財政其他相關業務交流聯繫活動,2017,2019,3,3,1001920,花蓮縣政府,花蓮縣政府106年度菸酒聯合稽查及取締小組菸酒查緝業務觀摩及財政其他相關業務交流聯繫活動；花蓮縣政府107年度菸酒聯合稽查及取締小組菸酒查緝業務觀摩及財政其他相關業務交流聯繫活動；花蓮縣政府108年度菸酒聯合稽查及取締小組菸酒查緝業務觀摩及財政其他相關業務交流聯繫活動,同機關且標題核心相同，尚待人工確認是否為同一專案
candidate_f79fdae0991f,花蓮縣公立國民中小學消防安全設備檢查申報,2024,2026,3,2,1000000,花蓮縣花蓮市明廉國民小學,花蓮縣114年度公立國民中小學消防安全設備檢查申報；花蓮縣114年度公立國民中小學消防安全設備檢查申報-後續擴充,同機關且標題核心相同，尚待人工確認是否為同一專案
candidate_56b8e85f0ed3,租賃公務車輛,2023,2024,2,2,999200,花蓮縣光復鄉公所,112年度租賃工程公務車輛；114年度租賃工程公務車輛,同機關且標題核心相同，尚待人工確認是否為同一專案
candidate_f785931f123a,萬榮鄉公墓除草,2020,2021,2,2,999044,花蓮縣萬榮鄉公所,109年度萬榮鄉公墓除草勞務採購案；110年度萬榮鄉公墓除草勞務採購,同機關且標題核心相同，尚待人工確認是否為同一專案
candidate_83b0552a7444,壽豐鄉立圖書館圖書採購,2015,2019,5,4,996300,花蓮縣壽豐鄉公所,壽豐鄉立圖書館圖書採購,同機關且標題核心相同，尚待人工確認是否為同一專案
candidate_c390ecaa1ebc,路燈增設外線改善開口契約,2017,2018,2,2,996000,花蓮縣萬榮鄉公所,106年度路燈增設外線改善工程開口契約；107年度路燈增設外線改善工程開口契約,同機關且標題核心相同，尚待人工確認是否為同一專案
candidate_b9772cc889b8,花蓮大型活動行銷推廣服務,2013,2015,3,2,992500,花蓮縣政府,103年花蓮大型活動行銷推廣服務案；104年花蓮大型活動行銷推廣服務案,同機關且標題核心相同，尚待人工確認是否為同一專案
candidate_a69ee0fd2297,花蓮縣廢輪胎回收清運工作,2010,2012,3,2,990000,花蓮縣政府,花蓮縣99年度廢輪胎回收清運工作；花蓮縣101年度廢輪胎回收清運工作,同機關且標題核心相同，尚待人工確認是否為同一專案
candidate_0744811a98d5,新城鄉農漁業觀摩節約能源教育訓練推廣公益活動,2025,2026,2,2,990000,花蓮縣新城鄉公所,新城鄉114年度農漁業觀摩暨節約能源教育訓練推廣公益活動；新城鄉115年度農漁業觀摩暨節約能源教育訓練推廣公益活動,同機關且標題核心相同，尚待人工確認是否為同一專案
candidate_f662555d9bda,資源回收業務觀摩活動,2015,2016,2,2,989880,花蓮縣吉安鄉公所,104年度資源回收業務觀摩活動；105年度資源回收業務觀摩活動,同機關且標題核心相同，尚待人工確認是否為同一專案
candidate_675cd91b0ec7,顧問志工標竿學習活動採購,2025,2026,2,2,988000,花蓮縣壽豐鄉公所,114年度顧問暨志工標竿學習活動採購；115年度顧問暨志工標竿學習活動採購,同機關且標題核心相同，尚待人工確認是否為同一專案
candidate_ab3005ced714,光復鄉公園綠地管理維護,2013,2015,3,3,987790,花蓮縣光復鄉公所,光復鄉公園綠地管理維護勞務採購；103年度光復鄉公園綠地管理維護勞務採購；104年度光復鄉公園綠地管理維護勞務採購案,同機關且標題核心相同，尚待人工確認是否為同一專案
candidate_129a0b7864f5,花蓮縣玉里鎮公所轄管公共建築物火災險公共意外責任險,2021,2024,4,4,987279,花蓮縣玉里鎮公所,110年度花蓮縣玉里鎮公所轄管公共建築物火災險及公共意外責任險勞務採購案；111年度花蓮縣玉里鎮公所轄管公共建築物火災險及公共意外責任險勞務採購案；花蓮縣玉里鎮公所112年度轄管公共建築物火災險及公共意外責任險勞務採購；花蓮縣玉里鎮公所113年度轄管公共建築物火災險及公共意外責任險勞務採購案,同機關且標題核心相同，尚待人工確認是否為同一專案
candidate_8ed37efa23be,萬榮鄉全國布農族射耳祭傳統技能競賽活動服裝採購,2022,2023,2,2,986250,花蓮縣萬榮鄉公所,萬榮鄉111年全國布農族射耳祭暨傳統技能競賽活動服裝採購案；萬榮鄉112年度全國布農族射耳祭暨傳統技能競賽活動服裝採購案,同機關且標題核心相同，尚待人工確認是否為同一專案
candidate_17442db9831b,各村路燈增設,2015,2016,2,2,985000,花蓮縣秀林鄉公所,104年度各村路燈增設工程；105年度各村路燈增設工程,同機關且標題核心相同，尚待人工確認是否為同一專案
candidate_7a05646ce41f,花蓮縣警察局交通執法應勤裝備反光背心財物採購,2013,2014,2,2,984200,花蓮縣政府,花蓮縣警察局102年度交通執法應勤裝備「反光背心」財物採購案；花蓮縣警察局103年度交通執法應勤裝備「反光背心」財物採購案,同機關且標題核心相同，尚待人工確認是否為同一專案
candidate_3a50bbe04fff,景觀樹苗採購,2014,2015,2,2,984000,花蓮縣政府,103年度景觀樹苗採購；104年度景觀樹苗採購,同機關且標題核心相同，尚待人工確認是否為同一專案
candidate_45a4996adbdf,花蓮市百年老街商圈意象觀光產業導覽解說系統建置導覽解說系統建置硬體設備部分,2014,2015,2,2,984000,花蓮縣花蓮市公所,花蓮市百年老街商圈意象暨觀光產業導覽解說系統建置-導覽解說系統建置硬體設備部分,同機關且標題核心相同，尚待人工確認是否為同一專案
candidate_bd72ee7e26e3,花崗國中推動體育新南向政策學校合球運動參訪交流,2025,2026,2,2,983800,花蓮縣立花崗國民中學,114年度花崗國中推動體育新南向政策學校合球運動參訪交流；115年度花崗國中推動體育新南向政策學校合球運動參訪交流,同機關且標題核心相同，尚待人工確認是否為同一專案
candidate_ca863daa8917,花蓮縣全縣社區全民聯合運動會購置參賽選手隊職員服裝採購,2017,2019,3,3,983500,花蓮縣秀林鄉公所,106年度花蓮縣全縣暨社區全民聯合運動會購置參賽選手及隊職員服裝採購；「107年度花蓮縣全縣暨社區全民聯合運動會」購置參賽選手及隊職員服裝採購；「108年度花蓮縣全縣暨社區全民聯合運動會」購置參賽選手及隊職員服裝採購,同機關且標題核心相同，尚待人工確認是否為同一專案
candidate_4c01b280a062,行動上網租用採購,2022,2024,3,2,982000,花蓮縣花蓮市忠孝國民小學,111年行動上網租用採購；113年行動上網租用採購,同機關且標題核心相同，尚待人工確認是否為同一專案
candidate_e6a95e87e89e,花蓮縣軍人忠靈祠納骨設施改善委託設計監造技術服務,2021,2022,2,2,982000,花蓮縣政府,花蓮縣軍人忠靈祠納骨設施改善工程委託設計監造技術服務；花蓮縣軍人忠靈祠納骨設施改善工程(第2期)委託設計監造技術服務,同機關且標題核心相同，尚待人工確認是否為同一專案
candidate_98903f89eefb,花蓮縣野生動物緊急醫療住院犬貓醫療救護工作,2014,2015,2,3,980000,花蓮縣動植物防疫所,花蓮縣103年度野生動物緊急醫療住院計畫及犬貓醫療救護工作勞務採購；花蓮縣104年度野生動物緊急醫療住院計畫及犬貓醫療救護工作；花蓮縣105年度野生動物緊急醫療住院計畫及犬貓醫療救護工作勞務採購,同機關且標題核心相同，尚待人工確認是否為同一專案
candidate_576b21ceec2a,花蓮縣秀林鄉公所回饋金委員志工綜合業務觀摩活動,2020,2024,5,2,977400,花蓮縣秀林鄉公所,花蓮縣秀林鄉公所109年度回饋金委員及志工綜合業務觀摩活動；花蓮縣秀林鄉公所113年度回饋金委員及志工綜合業務觀摩活動,同機關且標題核心相同，尚待人工確認是否為同一專案
candidate_2db7c72f2cf6,花蓮縣消防局救護車救護耗材開口契約採購,2018,2020,3,2,975174,花蓮縣政府,花蓮縣消防局107年救護車救護耗材開口契約採購案；花蓮縣消防局109年救護車救護耗材開口契約採購案,同機關且標題核心相同，尚待人工確認是否為同一專案
candidate_47a0d02efe6f,警察志工國內觀摩參訪活動採購,2013,2017,5,2,974826,花蓮縣警察局,102年度警察志工國內觀摩參訪活動採購案；106年警察志工國內觀摩、參訪活動採購案,同機關且標題核心相同，尚待人工確認是否為同一專案
candidate_a5cf09947104,107學年度8年級隔宿露營活動,2018,2019,2,2,972900,花蓮縣立自強國民中學,107學年度8年級隔宿露營活動勞務採購,同機關且標題核心相同，尚待人工確認是否為同一專案
candidate_a3d5820ee703,花蓮縣清潔車輛即時衛星定位應用程式系統維護,2015,2017,3,3,971076,花蓮縣環境保護局,104年花蓮縣清潔車輛即時衛星定位應用程式及系統維護案；106年花蓮縣清潔車輛即時衛星定位應用程式及系統維護案；107年花蓮縣清潔車輛即時衛星定位應用程式及系統維護案,同機關且標題核心相同，尚待人工確認是否為同一專案
candidate_e6bdb68fe125,整合萬榮鄉部落觀光景點行銷,2019,2020,2,2,967800,花蓮縣萬榮鄉公所,108年整合萬榮鄉部落觀光景點行銷案；109年整合萬榮鄉部落觀光景點行銷案,同機關且標題核心相同，尚待人工確認是否為同一專案
candidate_a6f2c29def8d,花蓮市各公有零售市場病媒防治消毒噴藥服務,2018,2026,9,7,967600,花蓮縣花蓮市公所,107年度花蓮市各公有零售市場病媒防治消毒噴藥服務；109年度花蓮市各公有零售市場病媒防治消毒噴藥服務；110年度花蓮市各公有零售市場病媒防治消毒噴藥服務；111年度花蓮市各公有零售市場病媒防治消毒噴藥服務；112年度花蓮市各公有零售市場病媒防治消毒噴藥服務；113年度花蓮市各公有零售市場病媒防治消毒噴藥服務；115年度花蓮市各公有零售市場病媒防治消毒噴藥服務,同機關且標題核心相同，尚待人工確認是否為同一專案
candidate_0cf9fbe95204,青少年職涯探索體驗營,2020,2023,4,3,967080,花蓮縣政府,109年度青少年職涯探索體驗營；110年度青少年職涯探索體驗營計畫；112年度青少年職涯探索體驗營,同機關且標題核心相同，尚待人工確認是否為同一專案
candidate_8f4216139cb2,豐濱鄉全鄉各村聯合運動會運動服裝採購,2013,2019,7,4,965109,花蓮縣豐濱鄉公所,豐濱鄉102年度全鄉暨各村聯合運動會運動服裝採購；豐濱鄉104年度全鄉暨各村聯合運動會運動服裝採購；豐濱鄉106年度全鄉暨各村聯合運動會運動服裝採購；豐濱鄉108年度全鄉暨各村聯合運動會運動服裝採購,同機關且標題核心相同，尚待人工確認是否為同一專案
candidate_5faf897a9589,春日國小智慧白板設備採購,2023,2024,2,2,963000,花蓮縣玉里鎮春日國民小學,春日國小智慧白板設備採購,同機關且標題核心相同，尚待人工確認是否為同一專案
candidate_0f7a7d35ec5d,花蓮警光會館房間床單罩等用品清洗,2018,2019,2,2,959938,花蓮縣政府,花蓮警光會館107年度房間床單（罩）等用品清洗勞務採購案；花蓮警光會館108年度房間床單（罩）等用品清洗勞務採購案,同機關且標題核心相同，尚待人工確認是否為同一專案
candidate_54bb1be605c0,花蓮縣廢棄物稽查委託檢測工作開口契約,2023,2026,4,4,957220,花蓮縣環境保護局,112年度「花蓮縣廢棄物稽查委託檢測工作」(開口契約)；113年度「花蓮縣廢棄物稽查委託檢測工作」(開口契約)；114年度「花蓮縣廢棄物稽查委託檢測工作」（開口契約）；115年度「花蓮縣廢棄物稽查委託檢測工作」(開口契約),同機關且標題核心相同，尚待人工確認是否為同一專案
candidate_b7c428da0a46,基層村里鄰長政令宣導玉里鎮卓溪鄉餐會採購,2024,2026,3,3,957000,花蓮縣政府,113年度基層村(里)鄰長政令宣導-玉里鎮、卓溪鄉餐會採購案；114年度基層村(里)鄰長政令宣導-玉里鎮、卓溪鄉餐會採購案；115年度基層村(里)鄰長政令宣導-玉里鎮、卓溪鄉餐會採購案,同機關且標題核心相同，尚待人工確認是否為同一專案
candidate_0266454ee2d5,鳳林鎮公所禮券商品券財物採購,2021,2024,4,2,955400,花蓮縣鳳林鎮公所,鳳林鎮公所110年禮券(商品券)財物採購案；鳳林鎮公所113年禮券(商品券)財物採購案,同機關且標題核心相同，尚待人工確認是否為同一專案
candidate_d0037f4f1196,經濟弱勢學生暑期營養午餐委外,2024,2026,3,3,954240,花蓮縣立玉里國民中學,113年經濟弱勢學生暑期營養午餐委外勞務採購；114年經濟弱勢學生暑期營養午餐委外勞務採購；115年經濟弱勢學生暑期營養午餐委外勞務採購,同機關且標題核心相同，尚待人工確認是否為同一專案
candidate_e18e9beae3c8,萬榮鄉社區聯絡道路路樹修剪,2025,2026,2,2,953478,花蓮縣萬榮鄉公所,114年萬榮鄉社區聯絡道路路樹修剪勞務採購；115年萬榮鄉社區聯絡道路路樹修剪勞務採購案,同機關且標題核心相同，尚待人工確認是否為同一專案
candidate_f82d98720d17,壽豐路燈新設開口契約,2022,2023,2,2,953000,花蓮縣壽豐鄉公所,壽豐111年路燈新設工程(開口契約)；壽豐112年路燈新設工程(開口契約),同機關且標題核心相同，尚待人工確認是否為同一專案
candidate_df6d5e93f852,花蓮縣字音字形學習網功能優化,2020,2021,2,2,952000,花蓮縣政府,花蓮縣字音字形學習網功能優化勞務採購案；110年花蓮縣字音字形學習網功能優化勞務採購案,同機關且標題核心相同，尚待人工確認是否為同一專案
candidate_bb0f2c0736ec,花蓮市公所清潔隊委託特約醫護臨場健康服務工作採購,2023,2025,3,4,951296,花蓮縣花蓮市公所,花蓮市公所清潔隊112年度委託特約醫護臨場健康服務工作採購；花蓮市公所清潔隊113年度委託特約醫護臨場健康服務工作採購；花蓮市公所清潔隊114年度委託特約醫護臨場健康服務工作採購；花蓮市公所清潔隊115年度委託特約醫護臨場健康服務工作採購,同機關且標題核心相同，尚待人工確認是否為同一專案
candidate_fc2d4fb2f332,花蓮縣警察局交通執法應勤裝備反光背心採購,2018,2019,2,2,950335,花蓮縣政府,花蓮縣警察局交通執法應勤裝備「反光背心」採購案；花蓮縣警察局108年度交通執法應勤裝備「反光背心」採購案,同機關且標題核心相同，尚待人工確認是否為同一專案
candidate_281116a91fe3,秀林鄉太魯閣族文化刊物製作出版採購,2017,2018,2,2,950000,花蓮縣秀林鄉公所,秀林鄉106年度太魯閣族文化刊物製作出版採購；秀林鄉107年度太魯閣族文化刊物製作出版計畫採購,同機關且標題核心相同，尚待人工確認是否為同一專案
candidate_5f4581989007,花蓮縣水源國小新設洗手台,2019,2022,4,2,949999,花蓮縣秀林鄉水源國民小學,花蓮縣水源國小新設洗手台工程,同機關且標題核心相同，尚待人工確認是否為同一專案
candidate_185aaebea398,花蓮縣消防局環境清潔維護工作,2024,2025,2,2,949000,花蓮縣消防局,花蓮縣消防局113年度環境清潔維護工作勞務採購案；花蓮縣消防局114年環境清潔維護工作勞務採購案,同機關且標題核心相同，尚待人工確認是否為同一專案
candidate_aca7ab5f8670,萬榮鄉清淤開口契約,2011,2018,8,4,947688,花蓮縣萬榮鄉公所,100年度萬榮鄉清淤工程開口契約；105年度萬榮鄉清淤工程開口契約；106年度萬榮鄉清淤工程開口契約；107年度萬榮鄉清淤工程開口契約,同機關且標題核心相同，尚待人工確認是否為同一專案
candidate_2488862ba34e,原住民多元族群聯合豐年節農特產工藝美食產業嘉年華活動,2011,2012,2,2,945000,花蓮縣新城鄉公所,"100年度原住民多元族群聯合豐年節暨農特產、工藝、美食產業嘉年華活動勞務採購案；101年度原住民多元族群聯合豐年節暨農特產,工藝,美食產業嘉年華活動勞務採購案",同機關且標題核心相同，尚待人工確認是否為同一專案
candidate_f127d874d7b4,中原國小六年級校外教學活動採購,2024,2025,2,2,944100,花蓮縣花蓮市中原國民小學,113年度中原國小六年級校外教學活動委託專業服務採購案；114年中原國小六年級校外教學活動委託專業服務採購案,同機關且標題核心相同，尚待人工確認是否為同一專案
candidate_35bf3a71260c,花蓮縣清潔隊員節績優資深清潔人員表揚大會,2019,2020,2,2,944000,花蓮縣環境保護局,108年度花蓮縣清潔隊員節-績優及資深清潔人員表揚大會；109年度花蓮縣清潔隊員節-績優及資深清潔人員表揚大會,同機關且標題核心相同，尚待人工確認是否為同一專案
candidate_4aed57631348,花蓮縣消防局成人基本救命術訓練模型採購,2018,2019,2,2,935000,花蓮縣政府,花蓮縣消防局107年度成人基本救命術訓練模型採購案；花蓮縣消防局108年成人基本救命術訓練模型採購案,同機關且標題核心相同，尚待人工確認是否為同一專案
candidate_f7bc9fd10a94,防汛期土石流重機械待命地點開口契約,2011,2012,2,2,933340,花蓮縣卓溪鄉公所,100年度防汛期土石流重機械待命地點開口契約；101年度防汛期土石流重機械待命地點開口契約,同機關且標題核心相同，尚待人工確認是否為同一專案
candidate_9e4e43224da6,秀林鄉春之頌廣告文宣採購,2011,2012,2,2,933000,花蓮縣秀林鄉公所,秀林鄉100年度春之頌廣告文宣採購；秀林鄉101年度春之頌廣告文宣採購,同機關且標題核心相同，尚待人工確認是否為同一專案
candidate_1c13d3e4a16e,檢驗試劑採購,2020,2021,2,2,931200,花蓮縣衛生局,109年檢驗試劑採購；110年檢驗試劑採購,同機關且標題核心相同，尚待人工確認是否為同一專案
candidate_75767c3a67de,花蓮縣招牌廣告樹立廣告之安全巡查危險廣告拆除開口契約,2016,2021,6,6,930024,花蓮縣政府,105年度花蓮縣招牌廣告及樹立廣告之安全巡查與危險廣告拆除工程(開口契約)；106年度花蓮縣招牌廣告及樹立廣告之安全巡查與危險廣告拆除工程(開口契約)；107年度花蓮縣招牌廣告及樹立廣告之安全巡查與危險廣告拆除工程(開口契約)；108年度花蓮縣招牌廣告及樹立廣告之安全巡查與危險廣告拆除工程(開口契約)；109年度花蓮縣招牌廣告及樹立廣告之安全巡查與危險廣告拆除工程(開口契約)；110年度花蓮縣招牌廣告及樹立廣告之安全巡查與危險廣告拆除工程(開口契約),同機關且標題核心相同，尚待人工確認是否為同一專案
candidate_c2883d0168bb,111學年度花蓮縣立宜昌國民中學租用大客車,2022,2024,3,2,929000,花蓮縣立宜昌國民中學,111學年度花蓮縣立宜昌國民中學租用大客車勞務採購；111學年度花蓮縣立宜昌國民中學租用大客車勞務採購第二次契約變更(後續擴充),同機關且標題核心相同，尚待人工確認是否為同一專案
candidate_d2ba79ad2959,花蓮縣環境保護局宣導品財物採購,2014,2015,2,2,928518,花蓮縣政府,花蓮縣環境保護局103年宣導品財物採購；花蓮縣環境保護局104年度宣導品財物採購案,同機關且標題核心相同，尚待人工確認是否為同一專案
candidate_27b0e163e14f,花蓮縣無線電通訊設備採購,2018,2020,3,3,927500,花蓮縣衛生局,107年度花蓮縣無線電通訊設備採購；108年度花蓮縣無線電通訊設備採購；109年度花蓮縣無線電通訊設備採購,同機關且標題核心相同，尚待人工確認是否為同一專案
candidate_732ef1b16042,消防安全設備改善,2015,2025,11,4,921588,花蓮縣立自強國民中學,104年度消防安全設備改善；105年度消防安全設備改善；113年度消防安全設備改善；114年度消防安全設備改善,同機關且標題核心相同，尚待人工確認是否為同一專案
candidate_121fd80da86f,花蓮縣地方稅務局辦公用紙統一採購開口契約,2014,2015,2,2,920930,花蓮縣政府,花蓮縣地方稅務局「103年度辦公用紙統一採購案」開口契約；花蓮縣地方稅務局「104年度辦公用紙統一採購案」開口契約,同機關且標題核心相同，尚待人工確認是否為同一專案
candidate_51f75a4719da,花蓮縣地方稅務局環境清潔委外服務採購,2016,2017,2,2,918720,花蓮縣政府,花蓮縣地方稅務局「106年度環境清潔委外服務採購案」；花蓮縣地方稅務局「107年度環境清潔委外服務採購案」,同機關且標題核心相同，尚待人工確認是否為同一專案
candidate_28107697e73f,基層運動選手訓練站財物採購,2015,2020,6,5,917128,花蓮縣立自強國民中學,103年度基層運動選手訓練站財物採購；104年基層運動選手訓練站財物採購；105年度基層運動選手訓練站財物採購；107年基層運動選手訓練站財物採購；109年度基層運動選手訓練站財物採購,同機關且標題核心相同，尚待人工確認是否為同一專案
candidate_ff595235c41c,花蓮市民代表會國內經建考察活動,2023,2026,4,3,915108,花蓮縣花蓮市公所,花蓮市民代表會112年國內經建考察活動；花蓮市民代表會113年國內經建考察活動；花蓮市民代表會115年國內經建考察活動,同機關且標題核心相同，尚待人工確認是否為同一專案
candidate_3039107d7084,1月至2月花蓮縣老人身心障礙者緊急救援連線服務,2022,2023,2,2,909589,花蓮縣政府,112年1月至2月花蓮縣老人及身心障礙者緊急救援連線服務,同機關且標題核心相同，尚待人工確認是否為同一專案
candidate_ad3fe36cd8c7,建置國中小教育資料庫學力檢核測驗試卷印製運送光碟複製運送,2012,2013,2,2,905000,花蓮縣花蓮市中原國民小學,101年度建置國中小教育資料庫--學力檢核測驗試卷印製運送及光碟複製運送；102年度建置國中小教育資料庫—學力檢核測驗試卷印製運送及光碟複製運送,同機關且標題核心相同，尚待人工確認是否為同一專案
candidate_e3d2b40973d0,年節燈飾材料,2011,2015,5,4,903690,花蓮縣吉安鄉公所,100年度年節燈飾材料；101年度年節燈飾材料；102年度年節燈飾材料；104年度年節燈飾材料,同機關且標題核心相同，尚待人工確認是否為同一專案
candidate_ca3fbcbc1a96,花蓮縣違章建築拆除,2016,2018,3,2,902605,花蓮縣政府,105年度花蓮縣違章建築拆除工程；107年度花蓮縣違章建築拆除工程,同機關且標題核心相同，尚待人工確認是否為同一專案
candidate_7dab4572a746,花蓮縣衛生局愛滋病毒HIV檢驗試劑採購,2017,2024,8,4,899520,花蓮縣衛生局,106年花蓮縣衛生局愛滋病毒(HIV)檢驗試劑採購；107年花蓮縣衛生局愛滋病毒(HIV)檢驗試劑採購；108年花蓮縣衛生局愛滋病毒(HIV)檢驗試劑採購；113年花蓮縣衛生局愛滋病毒(HIV)檢驗試劑採購,同機關且標題核心相同，尚待人工確認是否為同一專案
candidate_ad3c288e8e18,購買袋裝瀝青混凝土,2012,2016,5,5,898600,花蓮縣吉安鄉公所,購買袋裝瀝青混凝土,同機關且標題核心相同，尚待人工確認是否為同一專案
candidate_398c1c19c044,萬榮鄉區域一般排水清淤,2012,2015,4,4,891000,花蓮縣萬榮鄉公所,萬榮鄉區域及一般排水清淤工程；102年度萬榮鄉區域及一般排水清淤工程；103年度萬榮鄉區域及一般排水清淤工程；104年度萬榮鄉區域及一般排水清淤工程,同機關且標題核心相同，尚待人工確認是否為同一專案
candidate_cec7bae37712,花蓮縣秀林鄉參加花蓮縣全縣社區全民聯合運動會參賽選手隊職員服裝採購,2020,2021,2,2,890000,花蓮縣秀林鄉公所,花蓮縣秀林鄉參加「109年度花蓮縣全縣暨社區全民聯合運動會」-參賽選手暨隊職員服裝採購案；花蓮縣秀林鄉參加「110年度花蓮縣全縣暨社區全民聯合運動會」-參賽選手暨隊職員服裝採購案,同機關且標題核心相同，尚待人工確認是否為同一專案
candidate_dc0ab1d95093,閱讀推廣館藏充實採購,2016,2018,3,3,889000,花蓮縣玉里鎮公所,105年閱讀推廣與館藏充實採購案；106年閱讀推廣與館藏充實採購案；107年閱讀推廣與館藏充實採購案,同機關且標題核心相同，尚待人工確認是否為同一專案
candidate_ca1f73b46f93,花蓮縣地方稅務局文具宣導品獎品採購開口契約,2017,2018,2,2,888324,花蓮縣政府,花蓮縣地方稅務局「106年度文具、宣導品及獎品採購案」開口契約；花蓮縣地方稅務局「107年度文具、宣導品及獎品採購案」開口契約,同機關且標題核心相同，尚待人工確認是否為同一專案
candidate_edb5c16f397a,花蓮縣民宿專用標識財物採購,2016,2020,5,3,887750,花蓮縣政府,105年度「花蓮縣民宿專用標識」財物採購案；108年度「花蓮縣民宿專用標識」財物採購案；109年度「花蓮縣民宿專用標識」財物採購案,同機關且標題核心相同，尚待人工確認是否為同一專案
candidate_2879b4655af2,花蓮縣花蓮地政事務所地政資訊系統軟硬體設備維護,2012,2013,2,2,886000,花蓮縣花蓮地政事務所,花蓮縣花蓮地政事務所101年度地政資訊系統軟、硬體設備維護；花蓮縣花蓮地政事務所102年度地政資訊系統軟、硬體設備維護,同機關且標題核心相同，尚待人工確認是否為同一專案
candidate_2c20f7a246bd,花蓮縣乳牛冷烙印編號工作,2022,2025,4,4,885500,花蓮縣動植物防疫所,111年度花蓮縣乳牛冷烙印編號工作；112年度花蓮縣乳牛冷烙印編號工作；113年度花蓮縣乳牛冷烙印編號工作；114年度花蓮縣乳牛冷烙印編號工作,同機關且標題核心相同，尚待人工確認是否為同一專案
candidate_b677a1221bc1,花蓮縣立棒球場夜間照明更換,2016,2018,3,2,885000,花蓮縣立體育場,105年度花蓮縣立棒球場夜間照明更換工程；107年度花蓮縣立棒球場夜間照明更換工程,同機關且標題核心相同，尚待人工確認是否為同一專案
candidate_271651c78ee6,全國布農族射耳祭傳統技能競賽活動隊職員服裝採購,2017,2019,3,3,885000,花蓮縣萬榮鄉公所,106年全國布農族射耳祭暨傳統技能競賽活動隊職員服裝採購；107年全國布農族射耳祭暨傳統技能競賽活動隊職員服裝採購；108年度全國布農族射耳祭暨傳統技能競賽活動隊職員服裝採購,同機關且標題核心相同，尚待人工確認是否為同一專案
candidate_65815904ecc8,花蓮新創基地環境清潔維護,2024,2025,2,2,882998,花蓮縣政府,114年度「花蓮新創基地環境清潔維護」勞務採購案；115年度「花蓮新創基地環境清潔維護」勞務採購案,同機關且標題核心相同，尚待人工確認是否為同一專案
candidate_37633ce1f432,花蓮水資源回收中心管線設備效能提升委託設計監造技術服務,2024,2025,2,2,881083,花蓮縣政府,「113年度花蓮水資源回收中心管線設備效能提升工程」委託設計監造技術服務；「113年度花蓮水資源回收中心管線設備效能提升工程」委託設計監造技術服務-第一次契約變更,同機關且標題核心相同，尚待人工確認是否為同一專案
candidate_c57d5a825b38,花蓮縣瑞穗國民小學六年級學生校外參觀教學活動,2012,2015,4,4,877500,花蓮縣瑞穗鄉瑞穗國民小學,花蓮縣瑞穗國民小學101年六年級學生校外參觀教學活動勞務採購；花蓮縣瑞穗國民小學102年六年級學生校外參觀教學活動勞務採購；花蓮縣瑞穗國民小學103年六年級學生校外參觀教學活動勞務採購案；花蓮縣瑞穗國民小學104年六年級學生校外參觀教學活動勞務採購案,同機關且標題核心相同，尚待人工確認是否為同一專案
candidate_70a12424ea3c,花蓮縣立體育場各項統合委託設計監造技術服務開口契約,2013,2014,2,2,876256,花蓮縣立體育場,102年度花蓮縣立體育場各項工程統合委託設計監造技術服務(開口契約）；103年度花蓮縣立體育場各項工程統合委託設計監造技術服務(開口契約）,同機關且標題核心相同，尚待人工確認是否為同一專案
candidate_142da9740b30,秀林國中技藝大樓防水隔熱,2020,2022,3,2,873000,花蓮縣立秀林國民中學,秀林國中技藝大樓防水隔熱工程,同機關且標題核心相同，尚待人工確認是否為同一專案
candidate_02837be40e3f,花蓮縣強韌臺灣大規模風災震災整備協作資本門採購,2024,2025,2,2,872677,花蓮縣消防局,花蓮縣113年強韌臺灣大規模風災震災整備與協作計畫資本門採購案；花蓮縣114年強韌臺灣大規模風災震災整備與協作計畫資本門採購案,同機關且標題核心相同，尚待人工確認是否為同一專案
candidate_5fd78fd8bd2a,花蓮縣光復鄉區域排水一般排水清淤,2025,2026,2,2,870000,花蓮縣光復鄉公所,114年度花蓮縣光復鄉區域排水及一般排水清淤第2期工程；115年度花蓮縣光復鄉區域排水及一般排水清淤第2期工程,同機關且標題核心相同，尚待人工確認是否為同一專案
candidate_bc5a6a2da0d8,瑞美國小改善無障礙校園環境,2018,2025,8,2,868888,花蓮縣瑞穗鄉瑞美國民小學,瑞美國小107年度改善無障礙校園環境工程；114年瑞美國小改善無障礙校園環境工程,同機關且標題核心相同，尚待人工確認是否為同一專案
candidate_958c964cf0dc,購置圖書館書籍採購,2020,2025,6,5,868800,花蓮縣秀林鄉公所,109年購置圖書館書籍採購；110年購置圖書館書籍採購；112年購置圖書館書籍採購；113年購置圖書館書籍採購；114年購置圖書館書籍採購,同機關且標題核心相同，尚待人工確認是否為同一專案
candidate_8fd47d793cac,基層運動選手訓練站培訓財物採購,2021,2023,3,3,864350,花蓮縣立自強國民中學,110年度基層運動選手訓練站培訓計畫財物採購；111年度基層運動選手訓練站培訓計畫財物採購；112年度基層運動選手訓練站培訓計畫財物採購,同機關且標題核心相同，尚待人工確認是否為同一專案
candidate_7997c77d471e,提升移工查察諮詢業務服務品質實施移工業務佐理員招標,2020,2022,3,2,862924,花蓮縣政府,110年度「提升移工查察暨諮詢業務服務品質實施計畫-移工業務佐理員」招標案；111年度「提升移工查察暨諮詢業務服務品質實施計畫-移工業務佐理員」招標案,同機關且標題核心相同，尚待人工確認是否為同一專案
candidate_6eba020bdca3,向海致敬花蓮縣第二類漁港暫置區設置漂流木清理補助開口契約,2024,2025,2,2,859977,花蓮縣政府,113年向海致敬-花蓮縣第二類漁港暫置區設置及漂流木清理補助計畫（開口契約）；114年向海致敬-花蓮縣第二類漁港暫置區設置及漂流木清理補助計畫（開口契約）,同機關且標題核心相同，尚待人工確認是否為同一專案
candidate_0ff9225b3150,花蓮縣玉里鎮公有建築物防火避難設施設備安全檢查申報勞務委任採購,2017,2025,9,4,858200,花蓮縣玉里鎮公所,106年花蓮縣玉里鎮公有建築物防火避難設施及設備安全檢查申報勞務委任採購案；108年花蓮縣玉里鎮公有建築物防火避難設施及設備安全檢查申報勞務委任採購案；110年花蓮縣玉里鎮公有建築物防火避難設施及設備安全檢查申報勞務委任採購案；114年花蓮縣玉里鎮公有建築物防火避難設施及設備安全檢查申報勞務委任採購案,同機關且標題核心相同，尚待人工確認是否為同一專案
candidate_d08e77d99351,秀林鄉幼兒園主園各分班幼兒繪本教材教具採購,2021,2022,2,2,855000,花蓮縣秀林鄉公所,秀林鄉110年度幼兒園主園暨各分班幼兒繪本、教材及教具採購；秀林鄉111年度幼兒園主園暨各分班幼兒繪本、教材及教具採購,同機關且標題核心相同，尚待人工確認是否為同一專案
candidate_a43e1b8c467c,花蓮縣花蓮地政事務所地價基準地委辦查估作業,2024,2025,2,3,853400,花蓮縣花蓮地政事務所,花蓮縣花蓮地政事務所「113年度地價基準地委辦查估作業」勞務採購案；花蓮縣花蓮地政事務所「114年度地價基準地委辦查估作業」勞務採購案,同機關且標題核心相同，尚待人工確認是否為同一專案
candidate_fd697742a117,秀林鄉都市區雨水下水道清淤開口契約,2017,2023,7,2,850000,花蓮縣秀林鄉公所,106年度秀林鄉都市計畫區雨水下水道清淤工程(開口契約)；112年度秀林鄉都市計畫區雨水下水道清淤工程(開口契約),同機關且標題核心相同，尚待人工確認是否為同一專案
candidate_08b2a440480e,花蓮縣廢棄物稽查委託採樣檢測工作開口契約,2017,2022,6,2,849000,花蓮縣環境保護局,106年度「花蓮縣廢棄物稽查委託採樣及檢測工作」(開口契約)；111年度「花蓮縣廢棄物稽查委託採樣及檢測工作」(開口契約),同機關且標題核心相同，尚待人工確認是否為同一專案
candidate_b212595b805d,秀林鄉交通安全設施,2010,2014,5,3,848000,花蓮縣秀林鄉公所,秀林鄉交通安全設施工程,同機關且標題核心相同，尚待人工確認是否為同一專案
candidate_4d51739ee957,中原國小藝術才能班校外教學活動採購,2023,2025,3,2,846000,花蓮縣花蓮市中原國民小學,112年中原國小藝術才能班校外教學活動委託專業服務採購案；114年中原國小藝術才能班校外教學活動委託專業服務採購案,同機關且標題核心相同，尚待人工確認是否為同一專案
candidate_aa5e84f83b43,花蓮縣光復鄉立圖書館館藏圖書採購,2022,2025,4,4,837900,花蓮縣光復鄉公所,花蓮縣光復鄉立圖書館111年度館藏圖書採購案；花蓮縣光復鄉立圖書館112年度館藏圖書採購案；花蓮縣光復鄉立圖書館113年度館藏圖書採購案；114年度花蓮縣光復鄉立圖書館館藏圖書採購案,同機關且標題核心相同，尚待人工確認是否為同一專案
candidate_3d4d3d0f7a39,因公赴大陸地區觀摩考察活動採購,2017,2018,2,2,837500,花蓮縣吉安鄉公所,106年度因公赴大陸地區觀摩暨考察活動採購案；107年度因公赴大陸地區觀摩暨考察活動採購案,同機關且標題核心相同，尚待人工確認是否為同一專案
candidate_13ae5173adc8,花蓮縣文化局圖書館自動化系統維護,2024,2025,2,2,836000,花蓮縣文化局,花蓮縣文化局113年度圖書館自動化系統維護案；花蓮縣文化局114年度圖書館自動化系統維護案,同機關且標題核心相同，尚待人工確認是否為同一專案
candidate_9cb47d963725,豐濱鄉環保車輛維護保養開口契約採購,2012,2014,3,2,834600,花蓮縣豐濱鄉公所,豐濱鄉102年度環保車輛維護保養開口契約採購案；豐濱鄉103年度環保車輛維護保養開口契約採購案,同機關且標題核心相同，尚待人工確認是否為同一專案
candidate_ac46c56448f0,玉里國中影印機財物租賃採購,2014,2022,9,4,834000,花蓮縣立玉里國民中學,玉里國中103年影印機財物租賃採購；玉里國中106年影印機財物租賃採購；玉里國中108年影印機財物租賃採購；玉里國中111年影印機財物租賃採購,同機關且標題核心相同，尚待人工確認是否為同一專案
candidate_f36ab6e17d4e,花蓮市原住民義務幹部組織觀摩活動,2013,2014,2,2,829750,花蓮縣花蓮市公所,102年度花蓮市原住民義務幹部組織觀摩活動；103年度花蓮市原住民義務幹部組織觀摩活動,同機關且標題核心相同，尚待人工確認是否為同一專案
candidate_901a14ce94f3,水稻福壽螺70%耐克螺可濕性粉劑,2013,2014,2,2,829620,花蓮縣吉安鄉公所,102年度水稻福壽螺70%耐克螺可濕性粉劑；103年度水稻福壽螺70%耐克螺可濕性粉劑,同機關且標題核心相同，尚待人工確認是否為同一專案
candidate_a3d14203d82f,花蓮縣教育輔具採購肢體障礙類,2015,2016,2,3,829000,花蓮縣立宜昌國民中學,花蓮縣104年度第1次教育輔具採購-肢體障礙類；花蓮縣105年度第1次教育輔具採購-肢體障礙類；花蓮縣105年度第2次教育輔具採購-肢體障礙類,同機關且標題核心相同，尚待人工確認是否為同一專案
candidate_dd1f4669e32f,花蓮縣衛生局戶外大型廣告看板刊登,2020,2024,5,3,828188,花蓮縣衛生局,110年花蓮縣衛生局戶外大型廣告看板刊登勞務採購；112年花蓮縣衛生局戶外大型廣告看板刊登勞務採購；113年花蓮縣衛生局戶外大型廣告看板刊登勞務採購,同機關且標題核心相同，尚待人工確認是否為同一專案
candidate_88962847181c,花蓮縣警察局員警雨鞋1230雙採購,2014,2016,3,2,826560,花蓮縣政府,"花蓮縣警察局103年度員警雨鞋1,230雙採購案；花蓮縣警察局105年度員警雨鞋1,230雙採購",同機關且標題核心相同，尚待人工確認是否為同一專案
candidate_4d9d3971add2,壽豐鄉豐坪段垃圾衛生掩埋場檢測,2020,2022,3,3,824600,花蓮縣壽豐鄉公所,壽豐鄉豐坪段垃圾衛生掩埋場檢測案,同機關且標題核心相同，尚待人工確認是否為同一專案
candidate_46c7580335f8,花蓮縣光復鄉公共廁所每日清潔維護開口契約,2022,2023,2,2,820000,花蓮縣光復鄉公所,111年度花蓮縣光復鄉公共廁所每日清潔維護勞務採購開口契約；112年度花蓮縣光復鄉公共廁所每日清潔維護勞務採購開口契約,同機關且標題核心相同，尚待人工確認是否為同一專案
candidate_2c912c083b9f,花蓮縣政府委託辦理青少年就業力促進,2013,2014,2,2,819920,花蓮縣政府,花蓮縣政府委託辦理「102年度青少年就業力促進計畫」；花蓮縣政府委託辦理「103年度青少年就業力促進計畫」,同機關且標題核心相同，尚待人工確認是否為同一專案
candidate_3933b58a957f,花蓮縣政府辦理活力健康操競賽花蓮區初賽交通接駁車,2013,2018,6,3,819000,花蓮縣政府,花蓮縣政府辦理活力健康操競賽「花蓮區」初賽交通接駁車勞務採購案；花蓮縣政府辦理活力健康操競賽「花蓮區初賽」交通接駁車勞務採購案；花蓮縣政府辦理107年度活力健康操競賽「花蓮區初賽」 交通接駁車勞務採購案,同機關且標題核心相同，尚待人工確認是否為同一專案
candidate_42823cc10833,花蓮縣軍人忠靈祠環境景觀維護勞務服務,2013,2016,4,4,814000,花蓮縣政府,102年花蓮縣軍人忠靈祠環境景觀維護勞務服務；103年花蓮縣軍人忠靈祠環境景觀維護勞務服務；105年花蓮縣軍人忠靈祠環境景觀維護勞務服務；106年花蓮縣軍人忠靈祠環境景觀維護勞務服務,同機關且標題核心相同，尚待人工確認是否為同一專案
candidate_aa7675ba2802,瑞穗鄉區域排水一般排水清淤,2022,2023,2,2,813600,花蓮縣瑞穗鄉公所,111年度瑞穗鄉區域排水及一般排水清淤工程；112年度瑞穗鄉區域排水及一般排水清淤工程,同機關且標題核心相同，尚待人工確認是否為同一專案
candidate_92bfd18c7bcf,基層村里鄰長政令宣導壽豐鄉餐會採購,2023,2026,4,4,812000,花蓮縣政府,112年度基層村(里)鄰長政令宣導-壽豐鄉餐會採購案；113年度基層村(里)鄰長政令宣導-壽豐鄉餐會採購案；114年度基層村(里)鄰長政令宣導-壽豐鄉餐會採購案；115年度基層村(里)鄰長政令宣導-壽豐鄉餐會採購案,同機關且標題核心相同，尚待人工確認是否為同一專案
candidate_d8b3f74d66ce,新城鄉資源回收廢棄物處理環境教育縣外觀摩公益活動,2025,2026,2,2,811837,花蓮縣新城鄉公所,新城鄉114年度資源回收暨廢棄物處理環境教育縣外觀摩公益活動；新城鄉115年度資源回收暨廢棄物處理環境教育縣外觀摩公益活動,同機關且標題核心相同，尚待人工確認是否為同一專案
candidate_b045bf3d425a,花蓮縣立山國小風雨球場委託設計監造技術服務,2019,2022,4,2,804040,花蓮縣卓溪鄉立山國民小學,花蓮縣立山國小風雨球場興建工程委託設計監造技術服務；花蓮縣立山國小風雨球場興建工程委託設計監造技術服務勞務採購案,同機關且標題核心相同，尚待人工確認是否為同一專案
candidate_de2678f67c55,清潔隊重機械維修開口合約,2015,2016,2,2,803500,花蓮縣玉里鎮公所,104年度清潔隊重機械維修(開口合約)勞務採購案；105年度清潔隊重機械維修(開口合約)勞務採購案,同機關且標題核心相同，尚待人工確認是否為同一專案
candidate_cca6350ccda4,深耕基層棒球培訓採購,2022,2025,4,4,802540,花蓮縣立體育高級中等學校,111年深耕基層棒球培訓計畫採購；112年度深耕基層棒球培訓計畫採購；113年度深耕基層棒球培訓計畫採購；114年度深耕基層棒球培訓計畫採購,同機關且標題核心相同，尚待人工確認是否為同一專案
candidate_d76cf99a6580,土石流防災重機械待命租用採購,2015,2017,3,2,800000,花蓮縣玉里鎮公所,104年土石流防災重機械待命租用採購案；106年土石流防災重機械待命租用採購案,同機關且標題核心相同，尚待人工確認是否為同一專案
candidate_0958561be593,全鄉緊急交通安全維持工作臨時派工開口契約,2017,2019,3,3,800000,花蓮縣吉安鄉公所,106年度「全鄉緊急交通安全維持工作暨臨時派工(開口契約)」；107年度「全鄉緊急交通安全維持工作暨臨時派工(開口契約)」；108年度「全鄉緊急交通安全維持工作暨臨時派工(開口契約)」,同機關且標題核心相同，尚待人工確認是否為同一專案
candidate_31d890f98ad6,本鎮公墓除草工作採購,2013,2014,2,2,800000,花蓮縣玉里鎮公所,102年本鎮公墓除草工作採購案；103年本鎮公墓除草工作採購案,同機關且標題核心相同，尚待人工確認是否為同一專案
candidate_d6e48e61ccef,資源回收觀摩活動,2014,2015,2,2,796500,花蓮縣環境保護局,103年度資源回收觀摩活動；104年度資源回收觀摩活動,同機關且標題核心相同，尚待人工確認是否為同一專案
candidate_69f27db6163c,清潔隊冬夏季工作服採購,2024,2026,3,2,793510,花蓮縣吉安鄉公所,113年度清潔隊冬、夏季工作服採購案；115年度清潔隊冬、夏季工作服採購案,同機關且標題核心相同，尚待人工確認是否為同一專案
candidate_797f5b2a1286,運動團隊選手培訓運動耗材採購,2012,2015,4,4,791310,花蓮縣立體育實驗高級中學,101年運動團隊選手培訓運動耗材採購；102年運動團隊選手培訓運動耗材採購；103年運動團隊選手培訓運動耗材採購；104年運動團隊選手培訓運動耗材採購,同機關且標題核心相同，尚待人工確認是否為同一專案
candidate_c2e41eab64d4,北昌國小國樂團樂器設備財物採購,2020,2023,4,2,787640,花蓮縣吉安鄉北昌國民小學,109年度北昌國小國樂團樂器設備財物採購；「112年度北昌國小國樂團樂器設備」財物採購案,同機關且標題核心相同，尚待人工確認是否為同一專案
candidate_0c959d6318b5,新城國小綜合球場整建,2016,2017,2,2,787500,花蓮縣新城鄉新城國民小學,新城國小綜合球場整建工程,同機關且標題核心相同，尚待人工確認是否為同一專案
candidate_c3ce8235fa0a,中正國小國樂樂器設備,2016,2017,2,2,781000,花蓮縣花蓮市中正國民小學,中正國小國樂樂器設備工程；106年中正國小國樂樂器設備工程,同機關且標題核心相同，尚待人工確認是否為同一專案
candidate_e4f20d14b4d5,施政交流講習各項業務成果展餐飲服務,2024,2026,3,3,780000,花蓮縣秀林鄉公所,112年度施政交流講習、各項業務成果展餐飲服務；113年度施政交流講習、各項業務成果展餐飲服務；114年度施政交流講習、各項業務成果展餐飲服務,同機關且標題核心相同，尚待人工確認是否為同一專案
candidate_bcde946c08d2,原住民部落幹部文化觀光產業觀摩活動採購,2024,2025,2,2,779060,花蓮縣壽豐鄉公所,113年度原住民部落幹部文化及觀光產業觀摩活動採購；114年度原住民部落幹部文化及觀光產業觀摩活動採購,同機關且標題核心相同，尚待人工確認是否為同一專案
candidate_2679df08650d,檔庫房電腦機房消防系統租賃維護,2020,2021,2,2,778800,花蓮縣政府,110年檔案庫房暨電腦機房消防系統租賃及維護；111年檔案庫房暨電腦機房消防系統租賃及維護,同機關且標題核心相同，尚待人工確認是否為同一專案
candidate_3741eab39548,族群文化交流參訪活動,2012,2015,4,4,778570,花蓮縣玉里鎮觀音國民小學,101年度族群文化交流參訪活動；102年度族群文化交流參訪活動；103年度族群文化交流參訪活動；104年度族群文化交流參訪活動,同機關且標題核心相同，尚待人工確認是否為同一專案
candidate_e4f812d20d1b,加強綠建築推動推動綠建築宣導,2014,2017,4,3,777395,花蓮縣政府,103年度加強綠建築推動計畫-推動綠建築宣導計畫；104年度加強綠建築推動計畫-推動綠建築宣導計畫；106年度加強綠建築推動計畫-推動綠建築宣導計畫,同機關且標題核心相同，尚待人工確認是否為同一專案
candidate_7bdcf9ae457a,壽豐鄉清潔隊掩埋場資源回收物品清運工作,2023,2025,3,3,775995,花蓮縣壽豐鄉公所,112年度壽豐鄉清潔隊掩埋場資源回收物品清運工作計畫；113年度壽豐鄉清潔隊掩埋場資源回收物品清運工作計畫；114年度壽豐鄉清潔隊掩埋場資源回收物品清運工作計畫,同機關且標題核心相同，尚待人工確認是否為同一專案
candidate_941ec743b1be,鳳林鎮客家文化節系列活動燈光音響舞台等設備租賃採購,2021,2022,2,2,775950,花蓮縣鳳林鎮公所,鳳林鎮110年客家文化節系列活動燈光音響舞台等設備租賃採購案；鳳林鎮111年客家文化節系列活動燈光音響舞台等設備租賃採購案,同機關且標題核心相同，尚待人工確認是否為同一專案
candidate_600846cc4a8c,中正國小校園設施改善,2019,2020,2,2,775889,花蓮縣花蓮市中正國民小學,中正國小校園設施改善工程,同機關且標題核心相同，尚待人工確認是否為同一專案
candidate_09c567928d08,村鄰長社區幹部研習活動,2018,2019,2,2,775200,花蓮縣萬榮鄉公所,107年度村鄰長暨社區幹部研習活動；108年度村鄰長暨社區幹部研習活動,同機關且標題核心相同，尚待人工確認是否為同一專案
candidate_d73a42b85f22,北昌國小綜合球場地坪更新,2021,2023,3,3,775010,花蓮縣吉安鄉北昌國民小學,北昌國小綜合球場地坪更新工程,同機關且標題核心相同，尚待人工確認是否為同一專案
candidate_d1df8d6cccc2,藝術才能班年度充實設備器材,2022,2023,2,2,775000,花蓮縣立國風國民中學,111年藝術才能班年度計畫-充實設備器材；112年藝術才能班年度計畫-充實設備器材,同機關且標題核心相同，尚待人工確認是否為同一專案
candidate_d7720c8151e8,花崗國中國樂樂器設備,2016,2017,2,2,774940,花蓮縣立花崗國民中學,花崗國中國樂樂器設備工程,同機關且標題核心相同，尚待人工確認是否為同一專案
candidate_49de84f50e31,消防安全設備改善財物採購,2017,2020,4,4,769668,花蓮縣立自強國民中學,106年度消防安全設備改善財物採購；107年度消防安全設備改善財物採購；108年度消防安全設備改善財物採購；109年度消防安全設備改善財物採購,同機關且標題核心相同，尚待人工確認是否為同一專案
candidate_0f95d943c36a,花崗國中七年級體育課游泳教學活動,2025,2026,2,2,768320,花蓮縣立花崗國民中學,花崗國中114年度七年級體育課游泳教學活動；花崗國中115年度七年級體育課游泳教學活動,同機關且標題核心相同，尚待人工確認是否為同一專案
candidate_77654807ca7e,卓溪鄉鄉運活動服裝採購,2017,2020,4,2,767000,花蓮縣卓溪鄉公所,卓溪鄉106年度鄉運活動服裝採購案；卓溪鄉109年度鄉運活動服裝採購案,同機關且標題核心相同，尚待人工確認是否為同一專案
candidate_64023432ffb6,花蓮縣廢棄物稽查委託採樣檢測工作,2014,2015,2,2,765750,花蓮縣環境保護局,花蓮縣廢棄物稽查委託採樣及檢測工作,同機關且標題核心相同，尚待人工確認是否為同一專案
candidate_88fb47fa3c0c,本所清潔隊各型車輛備胎購置輪胎維修,2012,2015,4,2,765000,花蓮縣花蓮市公所,本所清潔隊各型車輛備胎購置及輪胎維修；本所清潔隊各型車輛備胎購置及輪胎維修第3次後續擴充,同機關且標題核心相同，尚待人工確認是否為同一專案
candidate_97cdfa0327db,中華國小基層運動選手訓練站射箭器材設備採購,2022,2026,5,2,764000,花蓮縣花蓮市中華國民小學,中華國小111年度基層運動選手訓練站射箭器材設備採購案；中華國小115年度基層運動選手訓練站射箭器材設備採購案,同機關且標題核心相同，尚待人工確認是否為同一專案
candidate_01021e31e14c,秀林鄉圖書館辦理圖書採購,2014,2016,3,3,764000,花蓮縣秀林鄉公所,秀林鄉102年度圖書館辦理圖書採購；秀林鄉104年度圖書館辦理圖書採購；秀林鄉圖書館辦理圖書採購,同機關且標題核心相同，尚待人工確認是否為同一專案
candidate_f1f49a706534,原住民族部落大學數位學習班,2020,2021,2,2,764000,花蓮縣政府,109年原住民族部落大學-數位學習班勞務採購；110年原住民族部落大學-數位學習班勞務採購,同機關且標題核心相同，尚待人工確認是否為同一專案
candidate_5ba91f7136ed,玉里鎮松浦火葬場火化爐排放管道之戴奧辛檢測採購,2012,2018,7,4,762760,花蓮縣玉里鎮公所,玉里鎮松浦火葬場火化爐排放管道之戴奧辛檢測採購案；103年玉里鎮松浦火葬場火化爐排放管道之戴奧辛檢測採購案；105年玉里鎮松浦火葬場火化爐排放管道之戴奧辛檢測採購案；107年玉里鎮松浦火葬場火化爐排放管道之戴奧辛檢測採購案,同機關且標題核心相同，尚待人工確認是否為同一專案
candidate_f3bcc08f973c,花蓮縣公立國民中小學建築物公共安全檢查申報,2024,2025,2,2,761500,花蓮縣卓溪鄉卓溪國民小學,花蓮縣113年度公立國民中小學建築物公共安全檢查申報；花蓮縣114年度公立國民中小學建築物公共安全檢查申報,同機關且標題核心相同，尚待人工確認是否為同一專案
candidate_bda37d2981f5,全國布農族射耳祭傳統技能競賽活動服裝採購,2012,2021,10,3,760920,花蓮縣萬榮鄉公所,2012年全國布農族射耳祭暨傳統技能競賽活動服裝採購；105年度全國布農族射耳祭暨傳統技能競賽活動服裝採購；110年度全國布農族射耳祭暨傳統技能競賽活動服裝採購,同機關且標題核心相同，尚待人工確認是否為同一專案
candidate_b490836d45f8,宣導品獎品採購開口契約,2024,2025,2,2,760514,花蓮縣地方稅務局,113年度宣導品及獎品採購案開口契約；114年度宣導品及獎品採購案開口契約,同機關且標題核心相同，尚待人工確認是否為同一專案
candidate_f4eb85e01ba0,檔庫房電腦機房防火系統租賃維護採購,2012,2013,2,2,760000,花蓮縣政府,102年檔案庫房暨電腦機房防火系統租賃及維護採購案；103年檔案庫房暨電腦機房防火系統租賃及維護採購案,同機關且標題核心相同，尚待人工確認是否為同一專案
candidate_9f535e262fab,西富國小教學大樓油漆,2024,2025,2,2,759532,花蓮縣光復鄉西富國民小學,西富國小教學大樓油漆工程,同機關且標題核心相同，尚待人工確認是否為同一專案
candidate_0625e89d3d1d,花蓮縣鳳林鎮跨年晚會舞台燈光音響等設備租賃採購,2017,2019,3,3,758820,花蓮縣鳳林鎮公所,花蓮縣鳳林鎮106年跨年晚會舞台、燈光、音響等設備租賃採購案；花蓮縣鳳林鎮107年跨年晚會舞台、燈光、音響等 設備租賃採購案；花蓮縣鳳林鎮108年跨年晚會舞台、燈光、音響等設備租賃採購案,同機關且標題核心相同，尚待人工確認是否為同一專案
candidate_6473a5119b39,鳳林鎮內區域排水清淤,2014,2015,2,2,758000,花蓮縣鳳林鎮公所,103年度鳳林鎮內區域排水清淤工程；104年鳳林鎮內區域排水清淤工程,同機關且標題核心相同，尚待人工確認是否為同一專案
candidate_2c2be7a14cb9,租賃農務公務車,2018,2021,4,3,756515,花蓮縣萬榮鄉公所,107年度租賃農務公務車；109年度租賃農務公務車；110年度租賃農務公務車,同機關且標題核心相同，尚待人工確認是否為同一專案
candidate_4ae52f04472f,花蓮縣政府老人身心障礙者愛心乘車卡採購,2018,2021,4,2,754880,花蓮縣政府,107年花蓮縣政府老人及身心障礙者愛心乘車卡採購案；110年花蓮縣政府老人及身心障礙者愛心乘車卡採購,同機關且標題核心相同，尚待人工確認是否為同一專案
candidate_44554f3b5806,花蓮縣政府員工親子活動～歡樂遊海洋,2020,2022,3,2,754200,花蓮縣政府,花蓮縣政府109年員工親子活動～歡樂遊海洋勞務採購案；花蓮縣政府111年員工親子活動～歡樂遊海洋勞務採購案,同機關且標題核心相同，尚待人工確認是否為同一專案
candidate_f959a1060190,秀林鄉各村區域排水一般排水清淤改善開口契約,2017,2019,3,3,753600,花蓮縣秀林鄉公所,106年秀林鄉各村區域排水及一般排水清淤改善工程(開口契約)；107年秀林鄉各村區域排水及一般排水清淤改善工程(開口契約)；108年秀林鄉各村區域排水及一般排水清淤改善工程(開口契約),同機關且標題核心相同，尚待人工確認是否為同一專案
candidate_0681b8de9135,基層運動選手訓練站訓練環境器材設備財物採購,2015,2018,4,4,751200,花蓮縣立玉東國民中學,104年度基層運動選手訓練站訓練環境及器材設備財物採購；105年度基層運動選手訓練站訓練環境及器材設備財物採購；106年度基層運動選手訓練站訓練環境及器材設備財物採購；107年度基層運動選手訓練站訓練環境及器材設備財物採購,同機關且標題核心相同，尚待人工確認是否為同一專案
candidate_69461771899a,花蓮市鄰長春節慰問品,2016,2018,3,3,751125,花蓮縣花蓮市公所,105年度花蓮市鄰長春節慰問品；107年度花蓮市鄰長春節慰問品；108年度花蓮市鄰長春節慰問品,同機關且標題核心相同，尚待人工確認是否為同一專案
candidate_c0db24509f1a,單位預算總預算管理地方教育發展基金預算系統維護,2014,2017,4,4,749160,花蓮縣政府,103年度單位預算及總預算管理、地方教育發展基金預算系統維護；104年度單位預算及總預算管理、地方教育發展基金預算系統維護；105年度單位預算及總預算管理、地方教育發展基金預算系統維護；106年度單位預算及總預算管理、地方教育發展基金預算系統維護,同機關且標題核心相同，尚待人工確認是否為同一專案
candidate_13ea533cc734,卓溪鄉日曆印製,2024,2026,3,3,745000,花蓮縣卓溪鄉公所,114年度卓溪鄉日曆印製；115年度卓溪鄉日曆印製；116年度卓溪鄉日曆印製,同機關且標題核心相同，尚待人工確認是否為同一專案
candidate_946d0358d2bd,秀林鄉清潔隊重型機械維護開口契約,2017,2019,3,2,744788,花蓮縣秀林鄉公所,秀林鄉106年度清潔隊重型機械維護開口契約；108年度秀林鄉清潔隊重型機械維護開口契約,同機關且標題核心相同，尚待人工確認是否為同一專案
candidate_9b538745d92c,花蓮縣青少年職涯體驗營,2018,2019,2,2,743504,花蓮縣政府,花蓮縣107年度青少年職涯體驗營；花蓮縣108年度青少年職涯體驗營,同機關且標題核心相同，尚待人工確認是否為同一專案
candidate_347a4ce76982,原住民族職業訓練運用大客車駕駛人考照,2023,2026,4,2,740000,花蓮縣政府,112年度原住民族職業訓練運用計畫-大客車駕駛人考照勞務採購；115年度原住民族職業訓練運用計畫-大客車駕駛人考照勞務採購案,同機關且標題核心相同，尚待人工確認是否為同一專案
candidate_7b692de1965d,花蓮縣文化局圖書館自動化系統維護資訊服務採購,2022,2023,2,2,740000,花蓮縣文化局,花蓮縣文化局111年度圖書館自動化系統維護案資訊服務採購案；花蓮縣文化局112年度圖書館自動化系統維護案資訊服務採購案,同機關且標題核心相同，尚待人工確認是否為同一專案
candidate_21e63c7cdbb2,光復鄉區域排水砍草清淤開口契約,2011,2012,2,2,739754,花蓮縣光復鄉公所,100年度光復鄉區域排水砍草清淤工程開口契約；101年光復鄉區域排水砍草清淤工程開口契約,同機關且標題核心相同，尚待人工確認是否為同一專案
candidate_d92c80ca55c0,改善偏遠地區國民中小學宿舍委託設計監造,2020,2021,2,2,738543,花蓮縣玉里鎮玉里國民小學,108年度改善偏遠地區國民中小學宿舍計畫委託設計監造；110年度改善偏遠地區國民中小學宿舍計畫委託設計監造,同機關且標題核心相同，尚待人工確認是否為同一專案
candidate_7d6fc8be0d94,花蓮縣玉里鎮中城國民小學107學年度六年級校外教學招標,2018,2019,2,2,738000,花蓮縣玉里鎮中城國民小學,花蓮縣玉里鎮中城國民小學107學年度六年級校外教學招標案,同機關且標題核心相同，尚待人工確認是否為同一專案
candidate_f13e3f77b10b,秀林鄉公私立幼兒園聯合體適能趣味親子運動會服裝採購,2017,2018,2,2,737000,花蓮縣秀林鄉公所,秀林鄉106年度公私立幼兒園聯合體適能趣味親子運動會服裝採購；秀林鄉107年度公私立幼兒園聯合體適能趣味親子運動會服裝採購,同機關且標題核心相同，尚待人工確認是否為同一專案
candidate_34511fe03d01,基層運動選手訓練站訓練環境器材設備,2021,2024,4,2,736400,花蓮縣立三民國民中學,110年度基層運動選手訓練站訓練環境及器材設備；113年度基層運動選手訓練站訓練環境及器材設備,同機關且標題核心相同，尚待人工確認是否為同一專案
candidate_3aee26f0a8ac,106學年度住宿生早晚餐供應採購,2017,2018,2,2,736000,花蓮縣立三民國民中學,106學年度住宿生早晚餐供應採購案；106學年度住宿生早晚餐供應採購案後續擴充,同機關且標題核心相同，尚待人工確認是否為同一專案
candidate_65ccc8291df6,花蓮縣教育輔具B項肢體障礙類財物採購,2019,2020,2,3,736000,花蓮縣立宜昌國民中學,108年度花蓮縣第1次教育輔具（B項肢體障礙類）財物採購；109年度花蓮縣第1次教育輔具（B項肢體障礙類）財物採購；109年度花蓮縣第2次教育輔具（B項肢體障礙類）財物採購,同機關且標題核心相同，尚待人工確認是否為同一專案
candidate_9c61b1c66d89,花蓮縣政府所屬一級機關歲末員工聯歡餐會業務宣導活動財物租賃採購,2020,2021,2,2,736000,花蓮縣政府,花蓮縣政府及所屬一級機關109年度歲末員工聯歡餐會及業務宣導活動財物租賃採購案；花蓮縣政府及所屬一級機關110年度歲末員工聯歡餐會及業務宣導活動財物租賃採購案,同機關且標題核心相同，尚待人工確認是否為同一專案
candidate_27675d41cf8c,優質化圖書採購,2017,2018,2,2,734000,花蓮縣政府,106年優質化計畫圖書採購；107年優質化計畫圖書採購,同機關且標題核心相同，尚待人工確認是否為同一專案
candidate_5c17629b7195,卓溪鄉家政觀摩活動,2019,2021,3,3,733000,花蓮縣卓溪鄉公所,108年度卓溪鄉家政觀摩活動；109年度卓溪鄉家政觀摩活動；110年度卓溪鄉家政觀摩活動,同機關且標題核心相同，尚待人工確認是否為同一專案
candidate_eaab8a0d3c04,花蓮縣清潔人員端午節肉粽禮盒採購,2016,2019,4,4,730100,花蓮縣環境保護局,105年度花蓮縣清潔人員端午節肉粽禮盒採購；106年度花蓮縣清潔人員端午節肉粽禮盒採購；107年度花蓮縣清潔人員端午節肉粽禮盒採購；108年度花蓮縣清潔人員端午節肉粽禮盒採購,同機關且標題核心相同，尚待人工確認是否為同一專案
candidate_184a95f7b172,吉安鄉公所慈雲山火化場火化爐設備定期檢查保養採購,2017,2022,6,4,730000,花蓮縣吉安鄉公所,106年度吉安鄉公所慈雲山火化場火化爐設備定期檢查及保養採購案；107年度吉安鄉公所慈雲山火化場火化爐設備定期檢查及保養採購案；108年度吉安鄉公所慈雲山火化場火化爐設備定期檢查及保養採購案；111年度吉安鄉公所慈雲山火化場火化爐設備定期檢查及保養採購案,同機關且標題核心相同，尚待人工確認是否為同一專案
candidate_e4de74649049,花蓮縣消防局雲梯車保養維護採購,2023,2024,2,2,728600,花蓮縣消防局,花蓮縣消防局112年度雲梯車保養維護採購案；花蓮縣消防局113年雲梯車保養維護採購案,同機關且標題核心相同，尚待人工確認是否為同一專案
candidate_f0dea5097c36,宜昌國中身心障礙學生輔具採購,2010,2011,2,2,727000,花蓮縣立宜昌國民中學,宜昌國中99年度身心障礙學生輔具採購；宜昌國中100年度身心障礙學生輔具採購,同機關且標題核心相同，尚待人工確認是否為同一專案
candidate_3e4e91af8e19,花蓮縣消防局救護耗材開口契約,2022,2023,2,2,726300,花蓮縣消防局,花蓮縣消防局111年度救護耗材開口契約-後續擴充案；花蓮縣消防局111年度救護耗材開口契約-第2次後續擴充案,同機關且標題核心相同，尚待人工確認是否為同一專案
candidate_12ab2330d25a,花蓮縣政府台北聯絡處辦公廳舍租賃,2014,2022,9,2,726000,花蓮縣政府,花蓮縣政府台北聯絡處辦公廳舍租賃案；花蓮縣政府台北聯絡處111年度辦公廳舍租賃案,同機關且標題核心相同，尚待人工確認是否為同一專案
candidate_a8cb8fd14534,國風國中藝術才能班教學設備,2018,2020,3,3,721200,花蓮縣立國風國民中學,國風國中「107年度藝術才能班教學設備」案；國風國中「108年度藝術才能班教學設備」案；國風國中「藝術才能班教學設備」案,同機關且標題核心相同，尚待人工確認是否為同一專案
candidate_21e9bea571c9,花蓮縣鳳仁國小廁所改善,2011,2012,2,2,720500,花蓮縣鳳林鎮鳳仁國民小學,花蓮縣鳳仁國小廁所改善工程,同機關且標題核心相同，尚待人工確認是否為同一專案
candidate_0fba7a64b7ee,鳳仁國小客家實驗教育縣外參訪,2025,2026,2,2,720000,花蓮縣鳳林鎮鳳仁國民小學,鳳仁國小客家實驗教育縣外參訪,同機關且標題核心相同，尚待人工確認是否為同一專案
candidate_c1c98c5a19b7,花蓮縣萬榮鄉公所圖書採購,2022,2025,4,3,718356,花蓮縣萬榮鄉公所,花蓮縣萬榮鄉公所111年度圖書採購案；花蓮縣萬榮鄉公所112年度圖書採購案；花蓮縣萬榮鄉公所114年度圖書採購案,同機關且標題核心相同，尚待人工確認是否為同一專案
candidate_562926a798e8,卓溪鄉宗教觀摩活動,2017,2019,3,3,718000,花蓮縣卓溪鄉公所,卓溪鄉106年宗教觀摩活動計畫；107年度卓溪鄉宗教觀摩活動；108年度卓溪鄉宗教觀摩活動,同機關且標題核心相同，尚待人工確認是否為同一專案
candidate_4997f69441cc,花蓮縣消防局救護醫用氧氣灌填氣瓶維護開口契約,2018,2019,2,3,717675,花蓮縣政府,花蓮縣消防局107年度救護醫用氧氣灌填及氣瓶維護開口契約；花蓮縣消防局109年度救護醫用氧氣灌填及氣瓶維護開口契約,同機關且標題核心相同，尚待人工確認是否為同一專案
candidate_8ba90bfb5e9e,花蓮縣壽豐國小改善教學環境設施,2010,2011,2,2,714800,花蓮縣壽豐鄉壽豐國民小學,花蓮縣壽豐國小99年度改善教學環境及設施計畫工程；花蓮縣壽豐國小100年改善教學環境及設施計畫工程,同機關且標題核心相同，尚待人工確認是否為同一專案
candidate_cc38ef355939,花蓮縣花蓮市公所所屬單位保全系統服務,2024,2025,2,3,714432,花蓮縣花蓮市公所,花蓮縣花蓮市公所及所屬單位保全系統服務；花蓮縣花蓮市公所及所屬單位保全系統服務第1次後續擴充,同機關且標題核心相同，尚待人工確認是否為同一專案
candidate_276baf65ce8d,公墓除草作業採購,2016,2017,2,2,714000,花蓮縣玉里鎮公所,105年度公墓除草作業採購案；106年度公墓除草作業採購案,同機關且標題核心相同，尚待人工確認是否為同一專案
candidate_7e0a6e8d67cb,萬榮鄉文物館改善,2013,2014,2,2,711700,花蓮縣萬榮鄉公所,102年度萬榮鄉文物館改善工程；103年度萬榮鄉文物館改善工程,同機關且標題核心相同，尚待人工確認是否為同一專案
candidate_0e5729673a8f,秀林鄉家政推廣教育業務觀摩實施,2025,2026,2,2,710000,花蓮縣秀林鄉公所,秀林鄉114年度家政推廣教育業務觀摩實施計畫；秀林鄉115年度家政推廣教育業務觀摩實施計畫,同機關且標題核心相同，尚待人工確認是否為同一專案
candidate_63911081441a,輸變電協助金周邊道路維護改善,2012,2015,4,2,709000,花蓮縣鳳林鎮公所,100年度輸變電協助金周邊道路維護改善工程；104年度輸變電協助金周邊道路維護改善工程,同機關且標題核心相同，尚待人工確認是否為同一專案
candidate_87e0d25da364,102學年度第1學期住宿生早晚餐含點心加菜金採購,2013,2014,2,2,708940,花蓮縣立豐濱國民中學,102學年度第1學期住宿生早晚餐(含點心及加菜金)採購案,同機關且標題核心相同，尚待人工確認是否為同一專案
candidate_e1abe519467c,花蓮縣北昌國小學生游泳課程體驗活動租用交通車,2019,2021,3,3,708000,花蓮縣吉安鄉北昌國民小學,「花蓮縣北昌國小108年學生游泳課程及體驗活動租用交通車」勞務採購；「花蓮縣北昌國小109年學生游泳課程及體驗活動－ 租用交通車」勞務採購；「花蓮縣北昌國小110年度學生游泳課程及體驗活動－租用交通車」勞務採購,同機關且標題核心相同，尚待人工確認是否為同一專案
candidate_1ce1e164d216,花蓮縣立花崗國中基層運動選手訓練站訓練環境器材設備採購,2024,2025,2,2,708000,花蓮縣立花崗國民中學,花蓮縣立花崗國中113年基層運動選手訓練站訓練環境及器材設備採購；花蓮縣立花崗國中114年度基層運動選手訓練站訓練環境及器材設備採購,同機關且標題核心相同，尚待人工確認是否為同一專案
candidate_d4631e0fda20,水稻葉穗稻熱病綜合防治改進藥劑,2021,2023,3,2,706460,花蓮縣壽豐鄉公所,110年度水稻葉穗稻熱病綜合防治與改進計畫藥劑；112年度水稻葉穗稻熱病綜合防治與改進計畫藥劑,同機關且標題核心相同，尚待人工確認是否為同一專案
candidate_d41c8dd03879,花蓮縣環境保護局保全維護,2016,2019,4,4,706000,花蓮縣環境保護局,105年花蓮縣環境保護局保全維護；106年花蓮縣環境保護局保全維護；107年花蓮縣環境保護局保全維護；108年花蓮縣環境保護局保全維護,同機關且標題核心相同，尚待人工確認是否為同一專案
candidate_441301214054,花蓮縣集團結婚活動主持,2023,2024,2,2,700000,花蓮縣政府,花蓮縣112年集團結婚活動主持勞務採購案；花蓮縣113年集團結婚活動主持勞務採購案,同機關且標題核心相同，尚待人工確認是否為同一專案
candidate_842f21748d0c,和平分班房舍內部設施設備修繕,2021,2022,2,2,697000,花蓮縣秀林鄉公所,和平分班房舍內部設施設備修繕工程,同機關且標題核心相同，尚待人工確認是否為同一專案
candidate_37c94f4a2885,因嚴重特殊傳染性肺炎辦理居家隔理居家檢疫者防疫旅館集中檢疫場所垃圾處理,2021,2022,2,2,694700,花蓮縣環境保護局,110年度「因嚴重特殊傳染性肺炎辦理居家隔理、居家檢疫者、防疫旅館及集中檢疫場所垃圾處理計畫」；111年度「因嚴重特殊傳染性肺炎辦理居家隔理、居家檢疫者、防疫旅館及集中檢疫場所垃圾處理計畫」,同機關且標題核心相同，尚待人工確認是否為同一專案
candidate_005ee59613f8,卓溪鄉參加縣運活動服裝採購,2016,2018,3,2,690000,花蓮縣卓溪鄉公所,卓溪鄉105年參加縣運活動服裝採購；卓溪鄉參加107年度縣運活動服裝採購案,同機關且標題核心相同，尚待人工確認是否為同一專案
candidate_d7a6be032835,全縣社區全民聯合運動會花蓮市選手職員運動服裝,2012,2013,2,2,689700,花蓮縣花蓮市公所,101年度全縣暨社區全民聯合運動會花蓮市選手及職員運動服裝；102年度全縣暨社區全民聯合運動會花蓮市選手及職員運動服裝,同機關且標題核心相同，尚待人工確認是否為同一專案
candidate_cb70c47936d0,國風國中學生游泳課程體驗活動,2020,2023,4,2,687796,花蓮縣立國風國民中學,國風國中「109年度學生游泳課程及體驗活動」案；國風國中「112年度學生游泳課程及體驗活動」案,同機關且標題核心相同，尚待人工確認是否為同一專案
candidate_4a44e8b33518,禮券乙批,2015,2016,2,2,684000,花蓮縣花蓮市公所,禮券乙批,同機關且標題核心相同，尚待人工確認是否為同一專案
candidate_e7c9e05f0029,花蓮縣衛生局愛滋病毒HIV檢驗試劑採購,2020,2022,3,2,682500,花蓮縣政府,109年花蓮縣衛生局愛滋病毒(HIV)檢驗試劑採購；111年花蓮縣衛生局愛滋病毒(HIV)檢驗試劑採購,同機關且標題核心相同，尚待人工確認是否為同一專案
candidate_5268d2b58bd3,山域事故救援諮詢協勤勞務委託,2024,2025,2,2,682300,花蓮縣消防局,113年度山域事故救援諮詢及協勤勞務委託案；114年度山域事故救援諮詢及協勤勞務委託案,同機關且標題核心相同，尚待人工確認是否為同一專案
candidate_d08529d6c196,明廉國小學生游泳課程採購,2020,2026,7,3,677770,花蓮縣花蓮市明廉國民小學,明廉國小109年度學生游泳課程採購案；明廉國小111年度學生游泳課程採購案；明廉國小115年度學生游泳課程採購案,同機關且標題核心相同，尚待人工確認是否為同一專案
candidate_6dd2c370e299,鳳林鎮公所2期作景觀作物種籽採購,2010,2011,2,2,677600,花蓮縣鳳林鎮公所,鳳林鎮公所99年2期作景觀作物種籽採購；鳳林鎮公所100年2期作景觀作物種籽採購,同機關且標題核心相同，尚待人工確認是否為同一專案
candidate_5124cd99c380,秀林鄉重光社區學生專車接送採購,2011,2012,2,2,676000,花蓮縣秀林鄉公所,秀林鄉100年度重光社區學生專車接送採購；秀林鄉101年度重光社區學生專車接送採購,同機關且標題核心相同，尚待人工確認是否為同一專案
candidate_72924d6b52b9,秀林鄉環保業務觀摩活動採購,2019,2021,3,2,674800,花蓮縣秀林鄉公所,秀林鄉108年度環保業務觀摩活動採購；秀林鄉110年度環保業務觀摩活動採購,同機關且標題核心相同，尚待人工確認是否為同一專案
candidate_9822186b6ed9,中正國小無障礙校園環境設施改善,2019,2021,3,2,673055,花蓮縣花蓮市中正國民小學,中正國小108年度無障礙校園環境設施改善工程；中正國小110年度無障礙校園環境設施改善工程,同機關且標題核心相同，尚待人工確認是否為同一專案
candidate_224c0332dc81,花蓮縣大進國小午餐廚房設備,2017,2019,3,3,672000,花蓮縣光復鄉大進國民小學,花蓮縣大進國小午餐廚房設備工程,同機關且標題核心相同，尚待人工確認是否為同一專案
candidate_7713f6a6dc6e,資源回收廢棄物處理縣外觀摩活動,2019,2020,2,2,671790,花蓮縣新城鄉公所,108年度資源回收暨廢棄物處理縣外觀摩活動；109年度資源回收暨廢棄物處理縣外觀摩活動,同機關且標題核心相同，尚待人工確認是否為同一專案
candidate_1a068fc65bd5,忠孝國小六年級校外教學委託服務採購,2021,2022,2,2,669250,花蓮縣花蓮市忠孝國民小學,「110年忠孝國小六年級校外教學委託服務採購案」；111年忠孝國小六年級校外教學委託服務採購案,同機關且標題核心相同，尚待人工確認是否為同一專案
candidate_849793a51330,接送富南校區學生租車採購,2014,2015,2,2,667440,花蓮縣富里鄉學田國民小學,104年度接送富南校區學生租車採購案；105年度接送富南校區學生租車採購案,同機關且標題核心相同，尚待人工確認是否為同一專案
candidate_ef6802f949d0,原住民部落幹部文化觀光產業教育觀摩活動,2016,2018,3,3,666480,花蓮縣壽豐鄉公所,105年度原住民部落幹部文化觀光產業教育觀摩活動；106年度原住民部落幹部文化及觀光產業教育觀摩活動；107年度原住民部落幹部文化及觀光產業教育觀摩活動,同機關且標題核心相同，尚待人工確認是否為同一專案
candidate_05d525edd1b3,基層村里鄰長政令宣導光復鄉豐濱鄉餐會採購,2023,2026,4,3,666000,花蓮縣政府,112年度基層村(里)鄰長政令宣導-光復鄉、豐濱鄉餐會採購案；113年度基層村(里)鄰長政令宣導-光復鄉、豐濱鄉餐會採購案；115年度基層村(里)鄰長政令宣導-光復鄉、豐濱鄉餐會採購案,同機關且標題核心相同，尚待人工確認是否為同一專案
candidate_875fe1af6dbe,108學年度夜光天使點燈晚餐便當採購,2019,2020,2,2,665600,花蓮縣卓溪鄉卓樂國民小學,108學年度夜光天使點燈計畫晚餐便當採購案；108學年度夜光天使點燈計畫晚餐便當採購案(後續擴充),同機關且標題核心相同，尚待人工確認是否為同一專案
candidate_80b2ba03aa0a,公共圖書館閱讀推廣館藏充實實施圖書採購,2016,2017,2,2,660000,花蓮縣豐濱鄉公所,105年公共圖書館閱讀推廣與館藏充實實施計畫-圖書採購；106年公共圖書館閱讀推廣與館藏充實實施計畫-圖書採購,同機關且標題核心相同，尚待人工確認是否為同一專案
candidate_19acedb79bfa,卓溪鄉垃圾車資源回收車高空作業車鏟裝機等輪胎養護開口契約,2021,2023,3,3,656000,花蓮縣卓溪鄉公所,110年度卓溪鄉垃圾車、資源回收車、高空作業車及鏟裝機等輪胎養護(開口契約)；111年度卓溪鄉垃圾車、資源回收車、高空作業車及鏟裝機等輪胎養護(開口契約)；112年度卓溪鄉垃圾車、資源回收車、高空作業車及鏟裝機等輪胎養護(開口契約),同機關且標題核心相同，尚待人工確認是否為同一專案
candidate_dc781a2e5337,吉安鄉公所花蓮縣公共圖書館優質化實施充實館藏圖書採購,2017,2019,3,3,655500,花蓮縣吉安鄉公所,106年度吉安鄉公所花蓮縣公共圖書館優質化實施計畫充實館藏圖書採購案；107年度吉安鄉公所「花蓮縣公共圖書館優質化實施計畫充實館藏圖書採購案」；108年度吉安鄉公所「花蓮縣公共圖書館優質化實施計畫充實館藏圖書採購案」,同機關且標題核心相同，尚待人工確認是否為同一專案
candidate_b55684411b23,卓溪鄉各村簡易自來水質檢測,2024,2026,3,3,653600,花蓮縣卓溪鄉公所,113年度卓溪鄉各村簡易自來水質檢測勞務採購；114年度卓溪鄉各村簡易自來水質檢測勞務採購；115年度卓溪鄉各村簡易自來水質檢測勞務採購,同機關且標題核心相同，尚待人工確認是否為同一專案
candidate_290faad9dae0,新生入學禮品採購,2020,2023,4,3,652000,花蓮縣吉安鄉公所,109年度新生入學禮品採購案；110年度新生入學禮品採購案；112年度新生入學禮品採購案,同機關且標題核心相同，尚待人工確認是否為同一專案
candidate_fe3ce35e8025,花蓮縣軍人忠靈祠環境景觀維護勞務服務採購,2018,2019,2,3,651000,花蓮縣政府,107年花蓮縣軍人忠靈祠環境景觀維護勞務服務採購；108年花蓮縣軍人忠靈祠環境景觀維護勞務服務採購；109年花蓮縣軍人忠靈祠環境景觀維護勞務服務採購,同機關且標題核心相同，尚待人工確認是否為同一專案
candidate_dfebb737c7ff,基層村里鄰長政令宣導富里鄉餐會採購,2023,2026,4,4,650000,花蓮縣政府,112年度基層村(里)鄰長政令宣導-富里鄉餐會採購案；113年度基層村(里)鄰長政令宣導-富里鄉餐會採購案；114年度基層村(里)鄰長政令宣導-富里鄉餐會採購案；115年度基層村(里)鄰長政令宣導-富里鄉餐會採購案,同機關且標題核心相同，尚待人工確認是否為同一專案
candidate_8ec41f019563,花蓮縣消防局輕量化折疊式擔架採購,2025,2026,2,2,650000,花蓮縣消防局,花蓮縣消防局114年輕量化折疊式擔架採購案；花蓮縣消防局115年輕量化折疊式擔架採購案,同機關且標題核心相同，尚待人工確認是否為同一專案
candidate_837aeb48d491,國風國中學年度七年級學生校外教學活動採購,2022,2023,2,2,648650,花蓮縣立國風國民中學,國風國中111年學年度七年級學生校外教學活動採購案；國風國中112年學年度七年級學生校外教學活動採購案,同機關且標題核心相同，尚待人工確認是否為同一專案
candidate_8db1a04c6e0b,花蓮縣忠孝國小委託設計監造服務,2016,2018,3,2,648250,花蓮縣花蓮市忠孝國民小學,花蓮縣忠孝國小105年工程委託設計及監造服務勞務採購案；花蓮縣忠孝國小107年工程委託設計及監造服務,同機關且標題核心相同，尚待人工確認是否為同一專案
candidate_407a8fd4f71c,禁菸標示壓克力採購,2012,2013,2,2,647800,花蓮縣衛生局,禁菸標示壓克力採購；102年度禁菸標示壓克力採購,同機關且標題核心相同，尚待人工確認是否為同一專案
candidate_5551aa37579e,基層村里鄰長政令宣導鳳林鎮萬榮鄉餐會採購,2023,2026,4,3,647500,花蓮縣政府,112年度基層村(里)鄰長政令宣導-鳳林鎮、萬榮鄉餐會採購案；113年度基層村(里)鄰長政令宣導-鳳林鎮、萬榮鄉餐會採購案；115年度基層村(里)鄰長政令宣導-鳳林鎮、萬榮鄉餐會採購案,同機關且標題核心相同，尚待人工確認是否為同一專案
candidate_62316fca81de,壽豐鄉區域排水一般排水清淤2期開口契約,2017,2018,2,2,644000,花蓮縣壽豐鄉公所,106年度壽豐鄉區域排水及一般排水清淤2期工程(開口契約)；107年度壽豐鄉區域排水及一般排水清淤2期工程(開口契約),同機關且標題核心相同，尚待人工確認是否為同一專案
candidate_dc36af671de5,中華國小基訓站射箭器材設備採購,2023,2024,2,2,644000,花蓮縣花蓮市中華國民小學,中華國小112年度基訓站射箭器材設備採購案；中華國小113年度基訓站射箭器材設備採購案,同機關且標題核心相同，尚待人工確認是否為同一專案
candidate_5e7ab7da9f6f,清潔隊縣外觀摩活動,2022,2023,2,2,643500,花蓮縣壽豐鄉公所,111年度清潔隊縣外觀摩活動；112年度清潔隊縣外觀摩活動,同機關且標題核心相同，尚待人工確認是否為同一專案
candidate_254cd1628437,秀林鄉鄉立幼兒園主園各分班房舍內部設施設備採購,2018,2021,4,3,643300,花蓮縣秀林鄉公所,秀林鄉107年度鄉立幼兒園主園暨各分班房舍內部設施設備採購；秀林鄉108年度鄉立幼兒園主園暨各分班房舍內部設施設備採購；秀林鄉110年度鄉立幼兒園主園暨各分班房舍內部設施設備採購,同機關且標題核心相同，尚待人工確認是否為同一專案
candidate_f3dae8487a2a,花蓮縣警察局資訊機房防毒閘道防火牆系統設備維護,2012,2013,2,2,639000,花蓮縣警察局,花蓮縣警察局101年度資訊機房防毒閘道（防火牆）系統設備維護案；花蓮縣警察局102年度資訊機房防毒閘道(防火牆)系統設備維護案,同機關且標題核心相同，尚待人工確認是否為同一專案
candidate_51bb2a9dc7c1,中原國小老舊廁所整修委託規畫設計監造技術服務,2018,2019,2,2,638714,花蓮縣花蓮市中原國民小學,107年中原國小老舊廁所整修工程委託規畫設計監造技術服務案；108年中原國小老舊廁所整修工程委託規畫設計監造技術服務案,同機關且標題核心相同，尚待人工確認是否為同一專案
candidate_306981a22740,花蓮縣警察局資訊機房代理伺服器proxy系統設備保固授權採購,2016,2018,3,3,637500,花蓮縣警察局,花蓮縣警察局資訊機房代理伺服器(proxy)系統設備保  固授權採購案；花蓮縣警察局106年度資訊機房代理伺服器(proxy)系統設備保固授權採購案；花蓮縣警察局107年度資訊機房代理伺服器(proxy)系統設備保固授權採購案,同機關且標題核心相同，尚待人工確認是否為同一專案
candidate_dab20c7b5bb9,清明掃墓便民措施服務用品採購,2022,2024,3,3,636361,花蓮縣政府,111年度清明掃墓便民措施服務用品採購案；112年度清明掃墓便民措施服務用品採購案；113年度清明掃墓便民措施服務用品採購案,同機關且標題核心相同，尚待人工確認是否為同一專案
candidate_2cf8faf335e5,卓溪鄉月曆日曆印製各1000份,2010,2012,3,3,635390,花蓮縣卓溪鄉公所,100年卓溪鄉月曆及日曆印製各1000份；101年卓溪鄉月曆及日曆印製各1000份；102年卓溪鄉月曆及日曆印製各1000份,同機關且標題核心相同，尚待人工確認是否為同一專案
candidate_aa524dfc6790,推展縣政公關蝴蝶蘭花盆栽高架花籃採購開口契約,2015,2017,3,3,633000,花蓮縣政府,104年度推展縣政公關－蝴蝶蘭花盆栽、高架花籃採購(開口契約)；105年度推展縣政公關－蝴蝶蘭花盆栽、高架花籃採購(開口契約)；106年度推展縣政公關－蝴蝶蘭花盆栽、高架花籃採購(開口契約),同機關且標題核心相同，尚待人工確認是否為同一專案
candidate_1112853a9982,花蓮縣政府所屬一級機關慶祝母親節感恩餐會,2017,2018,2,2,632500,花蓮縣政府,「花蓮縣政府及所屬一級機關106年慶祝母親節感恩餐會」勞務採購案；「花蓮縣政府及所屬一級機關107年慶祝母親節感恩餐會」勞務採購案,同機關且標題核心相同，尚待人工確認是否為同一專案
candidate_d7faccd5a984,秀林鄉陶樸閣垃圾衛生掩埋場營運期間監測採購,2012,2013,2,2,632296,花蓮縣秀林鄉公所,秀林鄉101年度陶樸閣垃圾衛生掩埋場營運期間監測採購；秀林鄉102年度陶樸閣垃圾衛生掩埋場營運期間監測採購,同機關且標題核心相同，尚待人工確認是否為同一專案
candidate_3c5cf385c819,宜昌國中身心障礙學生輔具肢體障礙類,2013,2014,2,2,631000,花蓮縣立宜昌國民中學,宜昌國中「身心障礙學生輔具—肢體障礙類」；宜昌國中103年「身心障礙學生輔具-肢體障礙類」,同機關且標題核心相同，尚待人工確認是否為同一專案
candidate_0f0476a45434,壽豐鄉原住民部落幹部文化觀光產業觀摩,2022,2023,2,2,630625,花蓮縣壽豐鄉公所,111年度壽豐鄉原住民部落幹部文化及觀光產業觀摩；112年度壽豐鄉原住民部落幹部文化及觀光產業觀摩,同機關且標題核心相同，尚待人工確認是否為同一專案
candidate_5bb9f7a149c3,花蓮縣政府電話總機周邊設備維護保養電話線路維修開口契約,2021,2023,3,2,629100,花蓮縣政府,110年度花蓮縣政府電話總機及周邊設備維護保養、電話線路維修案（開口契約）後續擴充案；112年度花蓮縣政府電話總機及周邊設備維護保養、電話線路維修(開口契約)(後續擴充),同機關且標題核心相同，尚待人工確認是否為同一專案
candidate_6d91f0743b16,花蓮縣學校午餐管理人員參訪團行程委外服務,2023,2024,2,2,628500,花蓮縣玉里鎮松浦國民小學,112年度花蓮縣學校午餐管理人員參訪團行程委外服務案；113年度花蓮縣學校午餐管理人員參訪團行程委外服務案,同機關且標題核心相同，尚待人工確認是否為同一專案
candidate_275c51861587,吉安鄉公所燈飾裝設採購,2018,2020,3,2,625000,花蓮縣吉安鄉公所,吉安鄉公所107年度燈飾裝設採購案；吉安鄉公所109年燈飾裝設採購案,同機關且標題核心相同，尚待人工確認是否為同一專案
candidate_f2724c7633c3,原住民族地方通行語傳統名稱標示,2018,2019,2,2,620588,花蓮縣萬榮鄉公所,107年度原住民族地方通行語及傳統名稱標示工程；108年度原住民族地方通行語及傳統名稱標示工程,同機關且標題核心相同，尚待人工確認是否為同一專案
candidate_bc71652d1f9c,公共建築物火災險公共意外責任險,2019,2020,2,2,620041,花蓮縣玉里鎮公所,「108年度公共建築物火災險及公共意外責任險」勞務採購案；109年度公共建築物火災險及公共意外責任險勞務採購案,同機關且標題核心相同，尚待人工確認是否為同一專案
candidate_e890bf5766e7,豐濱鄉全鄉各村聯合運動系列活動運動服裝採購,2021,2023,3,2,620000,花蓮縣豐濱鄉公所,豐濱鄉110年度全鄉暨各村聯合運動系列活動運動服裝採購；豐濱鄉112年度全鄉暨各村聯合運動系列活動運動服裝採購,同機關且標題核心相同，尚待人工確認是否為同一專案
candidate_0a530d676496,花蓮蘭亭大會全國賽廣告影片製作,2022,2023,2,2,620000,花蓮縣吉安鄉稻香國民小學,111年花蓮蘭亭大會全國賽廣告影片製作勞務採購；112年花蓮蘭亭大會全國賽廣告影片製作勞務採購,同機關且標題核心相同，尚待人工確認是否為同一專案
candidate_d90e42a21806,富里鄉公墓除草,2023,2024,2,2,619000,花蓮縣富里鄉公所,112年度富里鄉公墓除草勞務採購案；113年度富里鄉公墓除草勞務採購案,同機關且標題核心相同，尚待人工確認是否為同一專案
candidate_f0921a2f5d04,愛滋病毒HIV檢驗試劑採購,2014,2015,2,2,617400,花蓮縣衛生局,103年度愛滋病毒（HIV）檢驗試劑採購；104年度愛滋病毒(HIV)檢驗試劑採購,同機關且標題核心相同，尚待人工確認是否為同一專案
candidate_218902cd4872,戶外儲能移動電源,2025,2026,2,2,617089,花蓮縣衛生局,戶外儲能(移動)電源,同機關且標題核心相同，尚待人工確認是否為同一專案
candidate_2260ff7913db,優質化建置運動傷害諮詢防護中心運動醫療器材採購,2010,2011,2,2,614000,花蓮縣立體育實驗高級中學,99年優質化建置運動傷害諮詢防護中心運動醫療器材採購；100年優質化建置運動傷害諮詢防護中心運動醫療器材採購,同機關且標題核心相同，尚待人工確認是否為同一專案
candidate_523675ccbcb9,花蓮縣警察局所屬單位駐地監視設備維護開口契約採購,2012,2013,2,2,611000,花蓮縣警察局,花蓮縣警察局101年度所屬單位駐地監視設備維護開口契約採購案；花蓮縣警察局102年度所屬單位駐地監視設備維護開口契約採購案,同機關且標題核心相同，尚待人工確認是否為同一專案
candidate_e434a7701b28,購置花蓮縣全縣社區全民聯合運動會採購運動服裝,2023,2025,3,2,610050,花蓮縣吉安鄉公所,購置112年花蓮縣全縣暨社區全民聯合運動會採購運動服裝案；購置114年花蓮縣全縣暨社區全民聯合運動會採購運動服裝案,同機關且標題核心相同，尚待人工確認是否為同一專案
candidate_915a063caff9,花蓮縣政府慶祝母親節感恩餐會活動,2012,2014,3,3,610000,花蓮縣政府,花蓮縣政府101年慶祝母親節感恩餐會活動；花蓮縣政府102年慶祝母親節感恩餐會活動；花蓮縣政府103年慶祝母親節感恩餐會活動,同機關且標題核心相同，尚待人工確認是否為同一專案
candidate_ece9b41ad448,秀林鄉清淤開口契約,2011,2012,2,2,610000,花蓮縣秀林鄉公所,秀林鄉清淤工程（開口契約）,同機關且標題核心相同，尚待人工確認是否為同一專案
candidate_29837ac8b624,南埔公園客家文化會館等區域環境清潔維護管理工作,2020,2021,2,2,610000,花蓮縣政府,109年度「南埔公園、客家文化會館等區域環境清潔維護管理工作」；110年度「南埔公園、客家文化會館等區域環境清潔維護管理工作」,同機關且標題核心相同，尚待人工確認是否為同一專案
candidate_e7389889d17b,玉里鎮長良里道路改善,2013,2015,3,2,609000,花蓮縣玉里鎮公所,玉里鎮長良里道路改善工程,同機關且標題核心相同，尚待人工確認是否為同一專案
candidate_666f8241589b,秀林鄉春之頌農特產品推廣活動廣告文宣採購,2018,2019,2,2,607000,花蓮縣秀林鄉公所,秀林鄉107年度春之頌農特產品推廣活動廣告文宣採購；秀林鄉108年度春之頌農特產品推廣活動廣告文宣採購,同機關且標題核心相同，尚待人工確認是否為同一專案
candidate_fdd08cf94351,秀林鄉和平村中秋佳節慶典活動中秋月餅禮盒採購,2022,2023,2,2,607000,花蓮縣秀林鄉公所,111年秀林鄉和平村中秋佳節慶典活動-中秋月餅禮盒採購案；112年秀林鄉和平村中秋佳節慶典活動-中秋月餅禮盒採購案,同機關且標題核心相同，尚待人工確認是否為同一專案
candidate_a830e79b9c5d,花蓮縣清潔人員春節應景禮盒採購,2018,2019,2,2,605000,花蓮縣環境保護局,107年度花蓮縣清潔人員春節應景禮盒採購；108年度花蓮縣清潔人員春節應景禮盒採購,同機關且標題核心相同，尚待人工確認是否為同一專案
candidate_e6dee2b29329,瑞穗鄉鄉內路燈,2018,2019,2,2,603000,花蓮縣瑞穗鄉公所,瑞穗鄉鄉內路燈工程,同機關且標題核心相同，尚待人工確認是否為同一專案
candidate_075ebb8f4b8b,花蓮縣消防局119消防節慶祝活動場地佈置,2018,2019,2,2,601711,花蓮縣消防局,花蓮縣消防局107年119消防節慶祝活動場地佈置案；花蓮縣消防局108年119消防節慶祝活動場地佈置,同機關且標題核心相同，尚待人工確認是否為同一專案
candidate_bfc35d4fb048,護產人員工作服採購,2013,2014,2,2,601600,花蓮縣衛生局,102年護產人員工作服採購；103年護產人員工作服採購,同機關且標題核心相同，尚待人工確認是否為同一專案
candidate_17e4efe983b3,秀林鄉陶樸閣垃圾衛生掩埋場營運期間監測服務採購,2014,2015,2,2,600400,花蓮縣秀林鄉公所,秀林鄉103年度陶樸閣垃圾衛生掩埋場營運期間監測服務採購；秀林鄉104年度陶樸閣垃圾衛生掩埋場營運期間監測服務採購,同機關且標題核心相同，尚待人工確認是否為同一專案
candidate_613ad6e9e78e,花蓮縣資深績優清潔人員表揚大會餐敘,2014,2015,2,2,600000,花蓮縣環境保護局,103年度花蓮縣資深及績優清潔人員表揚大會餐敘；104年度花蓮縣資深及績優清潔人員表揚大會餐敘,同機關且標題核心相同，尚待人工確認是否為同一專案
candidate_acee4bf4cced,107學年度高中均質化設備採購,2018,2019,2,2,599500,花蓮縣立體育高級中等學校,107學年度高中均質化計畫設備採購,同機關且標題核心相同，尚待人工確認是否為同一專案
candidate_0b5b5eccba65,花蓮縣幸福實物銀行物資採購,2014,2015,2,2,599259,花蓮縣政府,花蓮縣「幸福」實物銀行物資採購案；104年度花蓮縣幸福實物銀行物資採購案,同機關且標題核心相同，尚待人工確認是否為同一專案
candidate_ed07514157e8,發電機保養維護,2010,2016,7,4,598268,花蓮縣萬榮鄉公所,發電機保養維護；105年度發電機保養維護,同機關且標題核心相同，尚待人工確認是否為同一專案
candidate_3cdff60bc4a4,土石流防災重機械待命搶修開口契約,2020,2022,3,2,597300,花蓮縣瑞穗鄉公所,109年度土石流防災重機械待命及搶修開口契約勞務採購案；111年度土石流防災重機械待命及搶修勞務採購開口契約,同機關且標題核心相同，尚待人工確認是否為同一專案
candidate_da1a73fd9464,花蓮縣消防局特種搜救隊裝備器材採購大型安全裝備箱10組,2017,2018,2,2,596000,花蓮縣消防局,花蓮縣消防局106年特種搜救隊裝備器材採購案-大型安全裝備箱10組；花蓮縣消防局107年特種搜救隊裝備器材採購案-大型安全裝備箱10組,同機關且標題核心相同，尚待人工確認是否為同一專案
candidate_f6a896a953f3,花蓮縣淡水養殖產業養殖輔導師,2011,2012,2,2,595000,花蓮縣水產培育所,花蓮縣淡水養殖產業養殖輔導師計畫；101年花蓮縣淡水養殖產業養殖輔導師計畫,同機關且標題核心相同，尚待人工確認是否為同一專案
candidate_7ca5f3677f9f,清潔車輛維修輪胎財物採購開口合約,2018,2019,2,3,595000,花蓮縣玉里鎮公所,「107年度清潔車輛維修(輪胎)財物採購案」(開口合約)；「108年度清潔車輛維修(輪胎)財物採購案」(開口合約),同機關且標題核心相同，尚待人工確認是否為同一專案
candidate_0016d16eae40,檢驗耗材採購,2020,2021,2,2,593800,花蓮縣衛生局,109年檢驗耗材採購；110年檢驗耗材採購,同機關且標題核心相同，尚待人工確認是否為同一專案
candidate_7ee5ba3d735b,花蓮縣中華國民小學99學年度畢業旅行行程委外服務,2010,2011,2,2,592500,花蓮縣花蓮市中華國民小學,花蓮縣中華國民小學99學年度畢業旅行行程委外服務,同機關且標題核心相同，尚待人工確認是否為同一專案
candidate_a6f06c53508e,有線廣播電視滿意度調查委外服務採購,2023,2025,3,3,592000,花蓮縣政府,112年有線廣播電視滿意度調查委外服務採購案；113年有線廣播電視滿意度調查委外服務採購案；114年有線廣播電視滿意度調查委外服務採購案,同機關且標題核心相同，尚待人工確認是否為同一專案
candidate_9a32288feae5,玉里國中平板電腦等設備採購,2018,2019,2,2,590920,花蓮縣立玉里國民中學,玉里國中平板電腦等設備採購；玉里國中108年平板電腦等設備採購,同機關且標題核心相同，尚待人工確認是否為同一專案
candidate_d506eec7cb79,清潔人員工作鞋,2018,2022,5,5,588880,花蓮縣花蓮市公所,清潔人員工作鞋；111年清潔人員工作鞋,同機關且標題核心相同，尚待人工確認是否為同一專案
candidate_01b55cce9a4d,萬榮鄉公所因公赴大陸地區國外考察,2016,2019,4,2,585500,花蓮縣萬榮鄉公所,105年度萬榮鄉公所因公赴大陸地區國外考察；萬榮鄉公所108年度因公赴大陸地區國外考察,同機關且標題核心相同，尚待人工確認是否為同一專案
candidate_618e1940c6b0,清潔隊縣外觀摩活動採購,2024,2025,2,2,585080,花蓮縣壽豐鄉公所,113年度清潔隊縣外觀摩活動採購；114年度清潔隊縣外觀摩活動採購,同機關且標題核心相同，尚待人工確認是否為同一專案
candidate_46befb70f322,明恥國小樂器設備,2016,2017,2,2,584000,花蓮縣花蓮市明恥國民小學,明恥國小樂器設備工程,同機關且標題核心相同，尚待人工確認是否為同一專案
candidate_fe14fc8aa5a8,大禹國小改善偏遠地區國民中小學宿舍,2016,2017,2,2,584000,花蓮縣玉里鎮大禹國民小學,大禹國小104年度改善偏遠地區國民中小學宿舍工程；大禹國小106年度改善偏遠地區國民中小學宿舍工程,同機關且標題核心相同，尚待人工確認是否為同一專案
candidate_0fc05adde952,土石流防災重機械待命開口契約,2018,2019,2,2,583410,花蓮縣瑞穗鄉公所,107年度土石流防災重機械待命開口契約勞務採購；108年度土石流防災重機械待命開口契約勞務採購,同機關且標題核心相同，尚待人工確認是否為同一專案
candidate_5cb22b672c44,鄰長團體傷害保險採購,2018,2022,5,4,579606,花蓮縣吉安鄉公所,107年度鄰長團體傷害保險採購案；109年度鄰長團體傷害保險採購案；110年度鄰長團體傷害保險採購案；111年度鄰長團體傷害保險採購案,同機關且標題核心相同，尚待人工確認是否為同一專案
candidate_4548f15df0d2,花蓮縣政府資遣通報查核比對人力,2015,2016,2,2,577335,花蓮縣政府,花蓮縣政府資遣通報查核比對人力,同機關且標題核心相同，尚待人工確認是否為同一專案
candidate_0dfd570b64dc,瑞穗鄉內路燈,2013,2015,3,3,576000,花蓮縣瑞穗鄉公所,瑞穗鄉內路燈工程,同機關且標題核心相同，尚待人工確認是否為同一專案
candidate_903bdac56238,有線廣播電視滿意度調查委外服務,2020,2022,3,3,576000,花蓮縣政府,109年有線廣播電視滿意度調查委外服務案；110年有線廣播電視滿意度調查委外服務案；111年有線廣播電視滿意度調查委外服務案,同機關且標題核心相同，尚待人工確認是否為同一專案
candidate_f15477e32539,吉安鄉公所民俗慶典敬獻供品採購,2024,2025,2,2,576000,花蓮縣吉安鄉公所,吉安鄉公所民俗慶典敬獻供品採購案；吉安鄉公所民俗慶典敬獻供品採購案第1次後續擴充,同機關且標題核心相同，尚待人工確認是否為同一專案
candidate_d75a1907dac2,本府福木植栽採購,2010,2011,2,2,573700,花蓮縣政府,本府福木植栽採購,同機關且標題核心相同，尚待人工確認是否為同一專案
candidate_598dec6fd7f0,吉安鄉防汛期土石流防災重機械待命緊急應變作業,2013,2015,3,3,570000,花蓮縣吉安鄉公所,102年度吉安鄉防汛期土石流防災重機械待命緊急應變作業；103年度吉安鄉防汛期土石流防災重機械待命緊急應變作業；104年度吉安鄉防汛期土石流防災重機械待命緊急應變作業,同機關且標題核心相同，尚待人工確認是否為同一專案
candidate_26bd3bb0fa76,花蓮縣豐裡國小教育優先區整修學校社區化活動場所綜合球場,2011,2012,2,2,569780,花蓮縣壽豐鄉豐裡國民小學,花蓮縣豐裡國小100年度教育優先區計畫－整修學校社區化活動場所（綜合球場）工程；花蓮縣豐裡國小101年度教育優先區計畫－整修學校社區化活動場所（綜合球場）工程,同機關且標題核心相同，尚待人工確認是否為同一專案
candidate_c35c1a98910d,花蓮縣全縣社區全民聯合運動會服裝採購,2021,2022,2,2,563200,花蓮縣吉安鄉公所,110年花蓮縣全縣暨社區全民聯合運動會服裝採購案；111年花蓮縣全縣暨社區全民聯合運動會服裝採購案,同機關且標題核心相同，尚待人工確認是否為同一專案
candidate_75523c977af4,花蓮縣教師節優良教師表揚大會餐會採購,2024,2025,2,2,562600,花蓮縣花蓮市明廉國民小學,花蓮縣113年度教師節暨優良教師表揚大會餐會採購案；花蓮縣114年度教師節暨優良教師表揚大會餐會採購案,同機關且標題核心相同，尚待人工確認是否為同一專案
candidate_1b09d989a006,秀林鄉MgayBari太魯閣族文化系列活動服裝採購,2015,2016,2,2,561000,花蓮縣秀林鄉公所,秀林鄉104年度Mgay Bari太魯閣族文化系列活動服裝採購；秀林鄉105年度Mgay Bari太魯閣族文化系列活動服裝採購,同機關且標題核心相同，尚待人工確認是否為同一專案
candidate_3d42f95bda8c,鳳林鎮公所公共圖書館閱讀推廣館藏充實圖書採購,2018,2019,2,2,561000,花蓮縣鳳林鎮公所,鳳林鎮公所「107年度公共圖書館閱讀推廣與館藏充實計畫」圖書採購；鳳林鎮公所「108年度公共圖書館閱讀推廣與館藏充實計畫」圖書採購案,同機關且標題核心相同，尚待人工確認是否為同一專案
candidate_8070c5a3e5e7,水稻葉穗稻熱病綜合防治改進防治藥劑開口契約採購,2017,2022,6,4,559955,花蓮縣豐濱鄉公所,106年度水稻葉穗稻熱病綜合防治與改進計畫-防治藥劑開口契約採購案；107年度水稻葉穗稻熱病綜合防治與改進計畫-防治藥劑開口契約採購案；108年度水稻葉穗稻熱病綜合防治與改進計畫-防治藥劑開口契約採購案；111年度水稻葉穗稻熱病綜合防治與改進計畫-防治藥劑開口契約採購案,同機關且標題核心相同，尚待人工確認是否為同一專案
candidate_c6e41371fb3e,致贈各界端午節粽子禮盒,2024,2026,3,3,559908,花蓮縣花蓮市公所,113年度致贈各界端午節粽子禮盒；114年度致贈各界端午節粽子禮盒；115年度致贈各界端午節粽子禮盒,同機關且標題核心相同，尚待人工確認是否為同一專案
candidate_d930788226c5,設置棒球基層訓練站採購,2012,2013,2,2,559800,花蓮縣立體育實驗高級中學,101年度設置棒球基層訓練站採購；102年度設置棒球基層訓練站採購,同機關且標題核心相同，尚待人工確認是否為同一專案
candidate_c16928126a25,富里鄉公所資訊網路設備更新採購,2019,2020,2,2,555000,花蓮縣富里鄉公所,富里鄉公所資訊網路設備更新第一期採購；富里鄉公所資訊網路設備更新第二期採購案,同機關且標題核心相同，尚待人工確認是否為同一專案
candidate_959039d8a55d,光復鄉區域排水一般排水砍草清淤,2014,2015,2,2,552000,花蓮縣光復鄉公所,光復鄉區域排水及一般排水砍草清淤工程；104年度光復鄉區域排水及一般排水砍草清淤工程,同機關且標題核心相同，尚待人工確認是否為同一專案
candidate_0ea8647c31bd,教育部補助防護用品採購,2014,2015,2,2,551000,花蓮縣立體育實驗高級中學,103年教育部補助防護用品採購案；104年教育部補助防護用品採購案,同機關且標題核心相同，尚待人工確認是否為同一專案
candidate_46c854d3685b,本所辦公廳客家生活館圖書館垃圾場玉里米檢驗站系統保全服務採購,2012,2013,2,2,550000,花蓮縣玉里鎮公所,「102年本所辦公廳、客家生活館、圖書館、垃圾場及玉里米檢驗站系統保全服務」採購；「103年本所辦公廳、客家生活館、圖書館、垃圾場及玉里米檢驗站系統保全服務」採購案,同機關且標題核心相同，尚待人工確認是否為同一專案
candidate_3dc75e1a07a4,花蓮市抽水站調節池清淤開口契約,2015,2016,2,2,550000,花蓮縣花蓮市公所,104年度花蓮市抽水站調節池清淤工程(開口契約)；105年度花蓮市抽水站調節池清淤工程(開口契約),同機關且標題核心相同，尚待人工確認是否為同一專案
candidate_04144cff9797,秀林國中消防安全設備缺失改善,2025,2026,2,2,550000,花蓮縣立秀林國民中學,秀林國中114年度消防安全設備缺失改善；秀林國中115年度消防安全設備缺失改善,同機關且標題核心相同，尚待人工確認是否為同一專案
candidate_3c883c1d37bd,花蓮縣秀林鄉公所辦理社會救助人員業務交流活動,2024,2025,2,2,546900,花蓮縣秀林鄉公所,花蓮縣秀林鄉公所辦理113年度社會救助人員業務交流活動；花蓮縣秀林鄉公所辦理114年度社會救助人員業務交流活動,同機關且標題核心相同，尚待人工確認是否為同一專案
candidate_bc923981ef7a,明義國小游泳教學救生員教練人力,2024,2025,2,2,546172,花蓮縣花蓮市明義國民小學,113年度明義國小游泳教學救生員及教練人力；114年度明義國小游泳教學救生員及教練人力,同機關且標題核心相同，尚待人工確認是否為同一專案
candidate_58952ef5e34d,花蓮縣舞鶴國小教師宿舍1耐震補強,2020,2021,2,2,545000,花蓮縣瑞穗鄉舞鶴國民小學,花蓮縣舞鶴國小教師宿舍1耐震補強工程,同機關且標題核心相同，尚待人工確認是否為同一專案
candidate_75ec6e972cc1,花蓮縣政府升旗典禮財物租賃採購,2020,2021,2,2,544500,花蓮縣政府,花蓮縣政府110年度升旗典禮財物租賃採購案；花蓮縣政府111年度升旗典禮財物租賃採購案,同機關且標題核心相同，尚待人工確認是否為同一專案
candidate_e30de75f53f7,秀林鄉公所防疫醫療用口罩採購,2020,2021,2,2,543400,花蓮縣秀林鄉公所,秀林鄉公所防疫醫療用口罩採購；秀林鄉公所110年度防疫醫療用口罩採購,同機關且標題核心相同，尚待人工確認是否為同一專案
candidate_a224b5d45b1e,秀林鄉公所員工歲末聯歡活動公務員工福利服務措施說明會,2024,2026,3,3,542100,花蓮縣秀林鄉公所,秀林鄉公所112年度員工歲末聯歡活動暨公務員工福利服務措施說明會；秀林鄉公所113年度員工歲末聯歡活動暨公務員工福利服務措施說明會；秀林鄉公所114年度員工歲末聯歡活動暨公務員工福利服務措施說明會,同機關且標題核心相同，尚待人工確認是否為同一專案
candidate_11ce89454dfc,花蓮縣動植物防疫所狂犬病不活化疫苗財物採購,2023,2024,2,2,540000,花蓮縣動植物防疫所,花蓮縣動植物防疫所 112年度狂犬病不活化疫苗財物採購；花蓮縣動植物防疫所113年度狂犬病不活化疫苗財物採購,同機關且標題核心相同，尚待人工確認是否為同一專案
candidate_ef279cf07b01,員工親子文康鄰里社區歲末聯歡餐會,2024,2025,2,2,540000,花蓮縣鳳林鎮公所,113年員工親子文康暨鄰里社區歲末聯歡餐會；114年員工親子文康暨鄰里社區歲末聯歡餐會案,同機關且標題核心相同，尚待人工確認是否為同一專案
candidate_9a5a17e7eb5b,吉安鄉立圖書館充實館藏圖書採購,2020,2023,4,3,537300,花蓮縣吉安鄉公所,吉安鄉立圖書館充實館藏圖書採購案；110年吉安鄉立圖書館充實館藏圖書採購案；112年吉安鄉立圖書館充實館藏圖書採購案,同機關且標題核心相同，尚待人工確認是否為同一專案
candidate_4b4656c1920f,花蓮縣政府志工團體平安保險,2014,2015,2,2,537146,花蓮縣政府,花蓮縣政府103年度志工團體平安保險勞務採購案；花蓮縣政府104年度志工團體平安保險勞務採購案,同機關且標題核心相同，尚待人工確認是否為同一專案
candidate_3b8205f75b50,萬榮鄉立圖書館圖書採購,2016,2021,6,2,534200,花蓮縣萬榮鄉公所,105年度萬榮鄉立圖書館圖書採購；110年度萬榮鄉立圖書館圖書採購案,同機關且標題核心相同，尚待人工確認是否為同一專案
candidate_a1c03d4a11e3,光復鄉原住民族經濟產業行銷推廣活動,2015,2016,2,2,533000,花蓮縣光復鄉公所,光復鄉104年度原住民族經濟產業行銷推廣活動；光復鄉105年度原住民族經濟產業行銷推廣活動,同機關且標題核心相同，尚待人工確認是否為同一專案
candidate_7e23e44121b5,港口國小改善偏遠地區國民中小學宿舍,2016,2017,2,2,532700,花蓮縣豐濱鄉港口國民小學,港口國小104年度改善偏遠地區國民中小學宿舍工程；港口國小105年度改善偏遠地區國民中小學宿舍工程,同機關且標題核心相同，尚待人工確認是否為同一專案
candidate_ec36d25c0a87,秀林鄉各業務成果展感恩聯誼活動餐飲採購,2017,2018,2,2,530000,花蓮縣秀林鄉公所,秀林鄉106年度各業務成果展暨感恩聯誼活動餐飲採購；秀林鄉107年度各業務成果展暨感恩聯誼活動餐飲採購,同機關且標題核心相同，尚待人工確認是否為同一專案
candidate_53575ec423fc,花蓮縣玉里鎮公所清潔車輛維修重機械財物採購開口合約,2023,2024,2,2,529000,花蓮縣玉里鎮公所,花蓮縣玉里鎮公所112年度清潔車輛維修（重機械）財物採購案（開口合約）；花蓮縣玉里鎮公所113年度清潔車輛維修（重機械）財物採購案（開口合約）,同機關且標題核心相同，尚待人工確認是否為同一專案
candidate_44306f0b814a,三民國中補助基層運動選手訓練站改善訓練環境器材設備採購,2022,2023,2,2,528000,花蓮縣立三民國民中學,三民國中111年度補助基層運動選手訓練站改善訓練環境及器材設備採購案；三民國中112年度補助基層運動選手訓練站改善訓練環境及器材設備採購案,同機關且標題核心相同，尚待人工確認是否為同一專案
candidate_f2d47afd29c5,花蓮縣壽豐鄉第18屆鄉長第21屆鄉民代表村長選舉選舉公報選舉票印製採購,2018,2022,5,2,527749,花蓮縣壽豐鄉公所,花蓮縣壽豐鄉第18屆鄉長、第21屆鄉民代表暨村長選舉選舉公報及選舉票印製採購案,同機關且標題核心相同，尚待人工確認是否為同一專案
candidate_99414f3dc16f,花蓮縣地方稅務局總局外圍環境清潔委外服務採購,2020,2021,2,2,527562,花蓮縣政府,花蓮縣地方稅務局「110年度總局外圍環境清潔委外服務採購案」；花蓮縣地方稅務局「111年總局外圍環境清潔委外服務採購案」,同機關且標題核心相同，尚待人工確認是否為同一專案
candidate_71febb9ffd68,防颱防盜百葉窗裝設,2010,2011,2,2,524700,花蓮縣瑞穗鄉奇美國民小學,防颱及防盜百葉窗裝設工程,同機關且標題核心相同，尚待人工確認是否為同一專案
candidate_878ae0d439dd,花蓮縣立吉安國中106學年度八年級校外教學活動,2017,2018,2,2,523600,花蓮縣立吉安國民中學,花蓮縣立吉安國中106學年度八年級校外教學活動,同機關且標題核心相同，尚待人工確認是否為同一專案
candidate_d629a246d661,花蓮市鄰長年終慰問品,2016,2019,4,2,521170,花蓮縣花蓮市公所,106年度花蓮市鄰長年終慰問品；109年度花蓮市鄰長年終慰問品,同機關且標題核心相同，尚待人工確認是否為同一專案
candidate_5159d61e53ff,花蓮縣玉里鎮公所行政網路電腦平台作業系統維護,2023,2026,4,2,520000,花蓮縣玉里鎮公所,113年度花蓮縣玉里鎮公所行政網路及電腦平台作業系統維護；115年度花蓮縣玉里鎮公所行政網路及電腦平台作業系統維護,同機關且標題核心相同，尚待人工確認是否為同一專案
candidate_abdeed17935c,吉安鄉清潔隊清潔人員健康檢查採購,2021,2023,3,3,520000,花蓮縣吉安鄉公所,110年吉安鄉清潔隊清潔人員健康檢查採購案；111年吉安鄉清潔隊清潔人員健康檢查採購案；吉安鄉清潔隊清潔人員健康檢查採購案,同機關且標題核心相同，尚待人工確認是否為同一專案
candidate_ae4dae38e9c0,花蓮縣玉里鎮公所行政網路電腦平台作業系統維護採購,2022,2023,2,2,520000,花蓮縣玉里鎮公所,111年花蓮縣玉里鎮公所行政網路及電腦平台作業系統維護採購案；112年花蓮縣玉里鎮公所行政網路及電腦平台作業系統維護採購案,同機關且標題核心相同，尚待人工確認是否為同一專案
candidate_b11b77bef1d0,秀林鄉秀林村民有部落防疫物資採購,2021,2022,2,2,519901,花蓮縣秀林鄉公所,秀林鄉110年秀林村民有部落防疫物資採購案；秀林鄉111年秀林村民有部落防疫物資採購案,同機關且標題核心相同，尚待人工確認是否為同一專案
candidate_98b704061b1b,卓溪鄉聖誕晚會摸彩品採購乙批,2017,2021,5,2,519000,花蓮縣卓溪鄉公所,卓溪鄉聖誕晚會摸彩品採購乙批,同機關且標題核心相同，尚待人工確認是否為同一專案
candidate_87bab82cfeb3,紅葉馬麗雲產業道路改善,2016,2017,2,2,518000,花蓮縣萬榮鄉公所,紅葉馬麗雲產業道路改善工程；106年紅葉馬麗雲產業道路改善工程,同機關且標題核心相同，尚待人工確認是否為同一專案
candidate_d0f4770048e5,花蓮市鄰長春節慰問品乙批,2014,2015,2,2,509565,花蓮縣花蓮市公所,103年度花蓮市鄰長春節慰問品乙批；104年度花蓮市鄰長春節慰問品乙批,同機關且標題核心相同，尚待人工確認是否為同一專案
candidate_4c48a481532a,大禹國小改善無障礙校園環境,2020,2025,6,2,505000,花蓮縣玉里鎮大禹國民小學,大禹國小109年度改善無障礙校園環境工程；大禹國小114年度改善無障礙校園環境工程,同機關且標題核心相同，尚待人工確認是否為同一專案
candidate_96fceef23dbc,花蓮縣萬榮鄉太魯閣族感恩祭傳統技藝競賽活動服裝採購,2013,2015,3,2,501000,花蓮縣萬榮鄉公所,花蓮縣萬榮鄉102年度太魯閣族感恩祭暨傳統技藝競賽活動服裝採購；花蓮縣萬榮鄉104年度太魯閣族感恩祭暨傳統技藝競賽活動服裝採購,同機關且標題核心相同，尚待人工確認是否為同一專案
candidate_bf0048e542ae,新城鄉農業觀摩活動,2017,2018,2,2,500000,花蓮縣新城鄉公所,新城鄉106年度農業觀摩活動；新城鄉107年度農業觀摩活動,同機關且標題核心相同，尚待人工確認是否為同一專案
candidate_ae2ddb9fdcbf,中秋節致贈低收入戶獨居老人月餅禮盒,2012,2014,3,3,496400,花蓮縣花蓮市公所,101年度中秋節致贈低收入戶及獨居老人月餅禮盒；102年度中秋節致贈低收入戶及獨居老人月餅禮盒；103年度中秋節致贈低收入戶及獨居老人月餅禮盒,同機關且標題核心相同，尚待人工確認是否為同一專案
candidate_c657afe64e64,花蓮市鄰長年終慰問品乙批,2011,2012,2,2,495850,花蓮縣花蓮市公所,101年度花蓮市鄰長年終慰問品乙批；102年度花蓮市鄰長年終慰問品乙批,同機關且標題核心相同，尚待人工確認是否為同一專案
candidate_7176524bc78a,花蓮縣秀林鄉部落學童知識科學觀摩活動,2024,2025,2,2,495465,花蓮縣秀林鄉富世國民小學,花蓮縣秀林鄉2024年部落學童知識科學觀摩活動；花蓮縣秀林鄉2025年部落學童知識科學觀摩活動,同機關且標題核心相同，尚待人工確認是否為同一專案
candidate_6d40d207c38d,花蓮縣清潔人員中秋節應景禮盒採購,2017,2019,3,3,492000,花蓮縣環境保護局,106年度花蓮縣清潔人員中秋節應景禮盒採購；107年度花蓮縣清潔人員中秋節應景禮盒採購；108年度花蓮縣清潔人員中秋節應景禮盒採購,同機關且標題核心相同，尚待人工確認是否為同一專案
candidate_762fdc2450dc,電腦資訊設備維護,2012,2013,2,2,491000,花蓮縣瑞穗鄉公所,102年度電腦資訊設備維護案；103年度電腦資訊設備維護案,同機關且標題核心相同，尚待人工確認是否為同一專案
candidate_bf9a2dd58249,深耕基層棒球扎根工作培訓採購,2014,2015,2,2,490600,花蓮縣立體育實驗高級中學,103年度深耕基層棒球扎根工作培訓計畫採購；104年度深耕基層棒球扎根工作培訓計畫採購,同機關且標題核心相同，尚待人工確認是否為同一專案
candidate_28878c8927ca,新城鄉各項委外設計監造開口契約,2020,2021,2,2,490000,花蓮縣新城鄉公所,新城鄉109年度各項工程委外設計監造開口契約(第二期)；新城鄉110年度各項工程委外設計監造開口契約,同機關且標題核心相同，尚待人工確認是否為同一專案
candidate_50f1c49aa3da,自主防災裝備設備強化執行,2023,2025,3,2,489856,花蓮縣秀林鄉公所,112年度自主防災裝備及設備強化執行計畫；114年度自主防災裝備及設備強化執行計畫,同機關且標題核心相同，尚待人工確認是否為同一專案
candidate_0c5d7237c846,秀林鄉清潔隊清潔用品開口契約,2022,2023,2,2,489777,花蓮縣秀林鄉公所,111年度秀林鄉清潔隊清潔用品開口契約；112年度秀林鄉清潔隊清潔用品開口契約,同機關且標題核心相同，尚待人工確認是否為同一專案
candidate_7ab084dca9f7,學生文具宣導品採購,2021,2023,3,3,489719,花蓮縣地方稅務局,110年度學生文具宣導品採購案；111年度學生文具宣導品採購案；112年學生文具宣導品採購案,同機關且標題核心相同，尚待人工確認是否為同一專案
candidate_9ce0427ba2ab,本所辦公廳等4處系統保全服務採購,2021,2023,3,2,489000,花蓮縣玉里鎮公所,110年本所辦公廳等4處系統保全服務採購案；112年本所辦公廳等4處系統保全服務採購案,同機關且標題核心相同，尚待人工確認是否為同一專案
candidate_7cec519fbb2c,花蓮縣消防局消防安全設備檢測器材組,2017,2021,5,2,487120,花蓮縣消防局,花蓮縣消防局消防安全設備檢測器材組,同機關且標題核心相同，尚待人工確認是否為同一專案
candidate_f957c19aef21,教職員工生日禮券,2023,2024,2,2,486000,花蓮縣立國風國民中學,113年度教職員工生日禮券；114年度教職員工生日禮券,同機關且標題核心相同，尚待人工確認是否為同一專案
candidate_8c902e0644bd,110花蓮縣花蓮市公所所屬單位保全系統服務,2020,2021,2,2,480000,花蓮縣花蓮市公所,110-111年度花蓮縣花蓮市公所及所屬單位保全系統服務；110-111年度花蓮縣花蓮市公所及所屬單位保全系統服務第1次後續擴充,同機關且標題核心相同，尚待人工確認是否為同一專案
candidate_509eec498107,花蓮市父親節禮品採購,2025,2026,2,2,480000,花蓮縣花蓮市公所,114年度花蓮市父親節禮品採購；115年度花蓮市父親節禮品採購,同機關且標題核心相同，尚待人工確認是否為同一專案
candidate_85aa353cc4d3,花蓮縣政府聯合運動大會活動場地險人身平安險,2018,2021,4,4,475875,花蓮縣政府,花蓮縣政府「107年聯合運動大會活動場地險及人身平安險」勞務採購案；花蓮縣政府「108年聯合運動大會活動場地險及人身平安險」勞務採購案；花蓮縣政府110年聯合運動大會活動場地險及人身平安險勞務採購案,同機關且標題核心相同，尚待人工確認是否為同一專案
candidate_7a8017516035,三民國中改善偏遠地區國民中小學宿舍整建委託設計規劃監造服務,2017,2019,3,2,475192,花蓮縣立三民國民中學,三民國中106年度改善偏遠地區國民中小學宿舍整建工程委託設計規劃及監造服務；三民國中107年度改善偏遠地區國民中小學宿舍整建工程委託設計規劃及監造服務,同機關且標題核心相同，尚待人工確認是否為同一專案
candidate_ee833062e04e,包裝飲用水開口契約採購,2017,2018,2,2,472208,花蓮縣警察局,106年度包裝飲用水開口契約採購案；107年度包裝飲用水開口契約採購案,同機關且標題核心相同，尚待人工確認是否為同一專案
candidate_59dff8451461,玉里國中經濟弱勢學生暑期午餐委外,2021,2022,2,2,471760,花蓮縣立玉里國民中學,玉里國中110年經濟弱勢學生暑期午餐委外勞務採購；玉里國中111年經濟弱勢學生暑期午餐委外勞務採購,同機關且標題核心相同，尚待人工確認是否為同一專案
candidate_9edac4a5dab5,花蓮縣花蓮市明廉國民小學經濟弱勢學生暑假午餐採購,2024,2025,2,2,468160,花蓮縣花蓮市明廉國民小學,花蓮縣花蓮市明廉國民小學113年度經濟弱勢學生暑假午餐採購案；花蓮縣花蓮市明廉國民小學114年度經濟弱勢學生暑假午餐採購案,同機關且標題核心相同，尚待人工確認是否為同一專案
candidate_f99dbf58e8b7,秀林鄉春之頌活動音響舞台等租賃採購,2015,2016,2,2,463000,花蓮縣秀林鄉公所,秀林鄉104年度春之頌活動音響、舞台等租賃採購；秀林鄉105年度春之頌活動音響及舞台等租賃採購,同機關且標題核心相同，尚待人工確認是否為同一專案
candidate_d1a3069104c8,部落聚會所貨櫃設備,2023,2025,3,2,459000,花蓮縣壽豐鄉公所,112年度部落聚會所貨櫃設備；114年度部落聚會所貨櫃設備工程,同機關且標題核心相同，尚待人工確認是否為同一專案
candidate_0c303875be09,聯合報報紙採購,2019,2021,3,4,457200,花蓮縣玉里鎮公所,108年聯合報報紙採購案；109年聯合報報紙採購案；110年聯合報報紙採購案；111年聯合報報紙採購案,同機關且標題核心相同，尚待人工確認是否為同一專案
candidate_d4bed80d2b66,花蓮縣警察局A3碎紙機採購,2018,2020,3,2,457120,花蓮縣警察局,花蓮縣警察局107年度A3碎紙機採購案；花蓮縣警察局109年度A3碎紙機採購案,同機關且標題核心相同，尚待人工確認是否為同一專案
candidate_45c9fb22c517,致贈各界端午節粽子禮盒乙批,2020,2022,3,3,456194,花蓮縣花蓮市公所,109年度致贈各界端午節粽子禮盒乙批；110年度致贈各界端午節粽子禮盒乙批；111年度致贈各界端午節粽子禮盒乙批,同機關且標題核心相同，尚待人工確認是否為同一專案
candidate_7ff87b794d32,花蓮縣環境教育微電影拍攝,2019,2021,3,3,455000,花蓮縣花蓮市中原國民小學,108年度花蓮縣環境教育微電影拍攝勞務採購；109年度花蓮縣環境教育微電影拍攝勞務採購；110年度花蓮縣環境教育微電影拍攝勞務採購,同機關且標題核心相同，尚待人工確認是否為同一專案
candidate_10f81593e5c1,身心障礙學生輔具肢體障礙類,2013,2014,2,2,451800,花蓮縣立宜昌國民中學,102年度「身心障礙學生輔具—肢體障礙類」；103年度第三次「身心障礙學生輔具—肢體障礙類」,同機關且標題核心相同，尚待人工確認是否為同一專案
candidate_c66cececc0fb,明廉國小推動中小學數位學習精進方THSD電信費採購,2024,2025,2,2,450000,花蓮縣花蓮市明廉國民小學,明廉國小113年推動中小學數位學習精進方案THSD電信費採購案；明廉國小114年推動中小學數位學習精進方案THSD電信費採購案,同機關且標題核心相同，尚待人工確認是否為同一專案
candidate_e581d98c5416,花蓮縣環境保護局志願服務志工平安保險,2012,2016,5,5,449933,花蓮縣環境保護局,花蓮縣環境保護局101年度志願服務志工平安保險；花蓮縣環境保護局102年度志願服務志工平安保險；花蓮縣環境保護局103年度志願服務志工平安保險；花蓮縣環境保護局105年度志願服務志工平安保險；花蓮縣環境保護局106年度志願服務志工平安保險,同機關且標題核心相同，尚待人工確認是否為同一專案
candidate_dab20f78a990,花蓮縣玉里鎮公有建築物消防安全檢修申報,2014,2016,3,3,445000,花蓮縣玉里鎮公所,103年花蓮縣玉里鎮公有建築物消防安全檢修申報勞務採購案；104年花蓮縣玉里鎮公有建築物消防安全檢修申報勞務採購案；105年花蓮縣玉里鎮公有建築物消防安全檢修申報勞務採購案,同機關且標題核心相同，尚待人工確認是否為同一專案
candidate_ba160e769337,空氣呼吸器氣瓶檢驗採購,2015,2018,4,3,443670,花蓮縣消防局,104年度空氣呼吸器氣瓶檢驗採購案；105年度空氣呼吸器氣瓶檢驗採購案；107年度空氣呼吸器氣瓶檢驗採購案(後續擴充),同機關且標題核心相同，尚待人工確認是否為同一專案
candidate_b767cd45c15c,花蓮縣水稻葉穗稻熱病綜合防治改進防治藥劑開口契約採購,2015,2018,4,4,443450,花蓮縣瑞穗鄉公所,花蓮縣104年度水稻葉穗稻熱病綜合防治與改進計畫-防治藥劑開口契約採購案；花蓮縣105年度水稻葉穗稻熱病綜合防治與改進計畫-防治藥劑開口契約採購案；花蓮縣106年度水稻葉穗稻熱病綜合防治與改進計畫-防治藥劑開口契約採購案；花蓮縣107年度水稻葉穗稻熱病綜合防治與改進計畫-防治藥劑開口契約採購案,同機關且標題核心相同，尚待人工確認是否為同一專案
candidate_7e7a7985146f,花蓮縣卓溪鄉社區幹部工作縣外觀摩研習活動,2010,2012,3,2,439000,花蓮縣卓溪鄉公所,花蓮縣卓溪鄉99年度社區幹部工作縣外觀摩研習活動；花蓮縣卓溪鄉101年度社區幹部工作縣外觀摩研習活動,同機關且標題核心相同，尚待人工確認是否為同一專案
candidate_ef7f78c1475a,花蓮縣鳳林地政事務所地政資訊系統相關設備維護採購,2010,2011,2,2,437000,花蓮縣鳳林地政事務所,花蓮縣鳳林地政事務所99年地政資訊系統相關設備維護採購案；花蓮縣鳳林地政事務所100年地政資訊系統相關設備維護採購案,同機關且標題核心相同，尚待人工確認是否為同一專案
candidate_06e27ac5de42,瑞穗鄉路燈,2016,2021,6,2,436000,花蓮縣瑞穗鄉公所,瑞穗鄉路燈工程,同機關且標題核心相同，尚待人工確認是否為同一專案
candidate_0f4995bafd2d,清潔隊掩埋場資源回收物品清運工作採購,2025,2026,2,2,436000,花蓮縣壽豐鄉公所,114年度清潔隊掩埋場資源回收物品清運工作計畫採購(第三次)；115年度清潔隊掩埋場資源回收物品清運工作計畫採購,同機關且標題核心相同，尚待人工確認是否為同一專案
candidate_a52ae2e77199,噪音補助居民健康維護設備需求,2022,2023,2,2,435085,花蓮縣花蓮市公所,111年度「噪音補助-居民健康維護設備」需求案；112年度「噪音補助-居民健康維護設備」需求案,同機關且標題核心相同，尚待人工確認是否為同一專案
candidate_f7d1ab2f9c40,萬寧村8鄰農路改善等2件,2013,2015,3,2,435000,花蓮縣富里鄉公所,萬寧村8鄰農路改善等2件工程,同機關且標題核心相同，尚待人工確認是否為同一專案
candidate_825c5625373f,花蓮縣玉里鎮公有建築物防火避難設施設備安全檢查申報,2014,2015,2,2,435000,花蓮縣玉里鎮公所,103年花蓮縣玉里鎮公有建築物防火避難設施及設備安全檢查申報勞務採購案；104年花蓮縣玉里鎮公有建築物防火避難設施及設備安全檢查申報勞務採購案,同機關且標題核心相同，尚待人工確認是否為同一專案
candidate_8020815ab044,委託報名國外能力試驗採購,2024,2026,3,2,430000,花蓮縣衛生局,113年委託報名國外能力試驗採購案；115年委託報名國外能力試驗採購案,同機關且標題核心相同，尚待人工確認是否為同一專案
candidate_cd9be90be688,瑞穗國中暑期貧困學生午餐,2020,2022,3,2,425040,花蓮縣立瑞穗國民中學,109年度瑞穗國中暑期貧困學生午餐勞務採購；111年度瑞穗國中暑期貧困學生午餐勞務採購,同機關且標題核心相同，尚待人工確認是否為同一專案
candidate_7ff544132d72,壽豐鄉公所原住民文物化館空間改善財物採購,2019,2020,2,2,424000,花蓮縣壽豐鄉公所,壽豐鄉公所108年度原住民文物(化)館空間改善計畫財物採購；壽豐鄉公所109年度原住民文物(化)館空間改善計畫財物採購,同機關且標題核心相同，尚待人工確認是否為同一專案
candidate_249428b89359,卓溪國小校際民俗文化交流教學活動,2017,2021,5,2,422848,花蓮縣卓溪鄉卓溪國民小學,卓溪國小106年度校際民俗文化交流暨教學活動；卓溪國小110年度校際民俗文化交流暨教學活動,同機關且標題核心相同，尚待人工確認是否為同一專案
candidate_8ddce66ea643,花蓮縣光復鄉立圖書館補助購書採購,2025,2026,2,2,417500,花蓮縣光復鄉公所,114年花蓮縣光復鄉立圖書館補助購書採購案；115年花蓮縣光復鄉立圖書館補助購書採購案,同機關且標題核心相同，尚待人工確認是否為同一專案
candidate_669f6d0d5e59,明廉國小學生游泳課程,2021,2025,5,2,415550,花蓮縣花蓮市明廉國民小學,明廉國小110年度學生游泳課程；明廉國小114年度學生游泳課程,同機關且標題核心相同，尚待人工確認是否為同一專案
candidate_a4624d3cea1b,富里電視轉播站維護,2011,2012,2,2,415000,花蓮縣政府,100年度富里電視轉播站維護案；101年度富里電視轉播站維護案,同機關且標題核心相同，尚待人工確認是否為同一專案
candidate_f08cc0f17feb,原住民族部落事務工作組長婦女幹部聯席會報餐飲採購,2019,2020,2,2,415000,花蓮縣政府,108年度原住民族部落事務工作組長暨婦女幹部聯席會報餐飲採購案；109年度原住民族部落事務工作組長暨婦女幹部聯席會報餐飲採購案,同機關且標題核心相同，尚待人工確認是否為同一專案
candidate_48280da84528,公共圖書閱讀推廣實施圖書開口契約採購,2020,2021,2,2,412500,花蓮縣光復鄉公所,108年度公共圖書閱讀推廣實施計畫圖書開口契約採購案；110年度公共圖書閱讀推廣實施計畫圖書開口契約採購案,同機關且標題核心相同，尚待人工確認是否為同一專案
candidate_047f7dddabcc,花蓮縣政府聯合運動大會活動保險,2024,2026,3,2,411527,花蓮縣政府,花蓮縣政府113年聯合運動大會活動保險勞務採購案；花蓮縣政府115年聯合運動大會活動保險勞務採購案,同機關且標題核心相同，尚待人工確認是否為同一專案
candidate_872c31125fd3,花蓮縣卓溪鄉宗教縣外觀摩活動,2020,2021,2,2,410100,花蓮縣卓溪鄉公所,花蓮縣卓溪鄉109年度宗教縣外觀摩活動；花蓮縣卓溪鄉110年度宗教縣外觀摩活動,同機關且標題核心相同，尚待人工確認是否為同一專案
candidate_a210ef224294,資優學生跨縣市交流參訪活動採購,2024,2025,2,2,409842,花蓮縣立國風國民中學,113年度資優學生跨縣市交流暨參訪活動採購案；114年度資優學生跨縣市交流暨參訪活動採購案,同機關且標題核心相同，尚待人工確認是否為同一專案
candidate_0978db6396ee,花蓮縣警察局交通執法應勤裝備指揮棒財物採購,2014,2016,3,2,408975,花蓮縣警察局,花蓮縣警察局103年度交通執法應勤裝備「指揮棒」財物採購案；花蓮縣警察局105年度交通執法應勤裝備「指揮棒」財物採購案,同機關且標題核心相同，尚待人工確認是否為同一專案
candidate_1e13dfbab755,精進優質計劃採購,2014,2015,2,2,407400,花蓮縣立體育實驗高級中學,103年度精進優質計劃採購；104年度精進優質計劃採購,同機關且標題核心相同，尚待人工確認是否為同一專案
candidate_edda78bdcbbc,花蓮市公所萬用卡設計印製,2013,2015,3,3,403667,花蓮縣花蓮市公所,花蓮市公所102年度萬用卡設計及印製；花蓮市公所104年度萬用卡設計及印製；花蓮市公所104年度萬用卡設計及印製第1次後續擴充,同機關且標題核心相同，尚待人工確認是否為同一專案
candidate_271f03b47aa7,國風國中體育館籃球場地整建,2013,2014,2,2,403002,花蓮縣立國風國民中學,國風國中體育館籃球場地整建工程,同機關且標題核心相同，尚待人工確認是否為同一專案
candidate_3046696cef89,花蓮縣萬榮鄉公所本所行政大樓見晴村老人館萬榮村紅葉村辦公處納骨堂辦公處電梯保養維護採購,2018,2019,2,2,402400,花蓮縣萬榮鄉公所,花蓮縣萬榮鄉公所107年度本所行政大樓、見晴村老人館、萬榮村及紅葉村辦公處、納骨堂辦公處電梯保養維護採購案；花蓮縣萬榮鄉公所108年度本所行政大樓、見晴村老人館、萬榮村及紅葉村辦公處、納骨堂辦公處電梯保養維護採購案,同機關且標題核心相同，尚待人工確認是否為同一專案
candidate_82d541e5d161,花蓮縣政府所屬機關退休人員長青座談新春團拜活動,2014,2016,3,3,400000,花蓮縣政府,花蓮縣政府暨所屬機關退休人員103年長青座談暨新春團拜活動；花蓮縣政府暨所屬機關退休人員104年長青座談暨新春團拜活動；花蓮縣政府暨所屬機關退休人員105年長青座談暨新春團拜活動,同機關且標題核心相同，尚待人工確認是否為同一專案
candidate_4f18acb6b536,客家傳統戲曲巡迴活動委託,2013,2014,2,2,400000,花蓮縣鳳林鎮公所,2013年客家傳統戲曲巡迴活動委託案；2014年客家傳統戲曲巡迴活動委託案,同機關且標題核心相同，尚待人工確認是否為同一專案
candidate_4fbac8bb2cb4,花蓮縣花蓮市明廉國民小學貧困學生暑假午餐採購,2022,2023,2,2,399840,花蓮縣花蓮市明廉國民小學,花蓮縣花蓮市明廉國民小學111年度貧困學生暑假午餐採購案；花蓮縣花蓮市明廉國民小學112年度貧困學生暑假午餐採購案,同機關且標題核心相同，尚待人工確認是否為同一專案
candidate_6fb79393604b,花蓮縣政府辦理春聯福袋設計,2022,2023,2,2,399000,花蓮縣政府,花蓮縣政府辦理2023年春聯及福袋設計勞務採購；花蓮縣政府辦理2024年春聯及福袋設計案,同機關且標題核心相同，尚待人工確認是否為同一專案
candidate_f9ac96e1374c,部落簡易自來水蓄水池水表周邊設備裝設,2017,2018,2,2,395000,花蓮縣萬榮鄉公所,部落簡易自來水蓄水池水表暨周邊設備裝設,同機關且標題核心相同，尚待人工確認是否為同一專案
candidate_3b168522dc1a,瑞穗國小經濟弱勢學生暑假午餐費補助經費採購,2024,2025,2,2,394240,花蓮縣瑞穗鄉瑞穗國民小學,113年度瑞穗國小經濟弱勢學生暑假午餐費補助經費採購案；114年度瑞穗國小經濟弱勢學生暑假午餐費補助經費採購案,同機關且標題核心相同，尚待人工確認是否為同一專案
candidate_ac826bdeadf4,壽豐鄉立圖書館圖書設備,2024,2025,2,2,393600,花蓮縣壽豐鄉公所,113年壽豐鄉立圖書館圖書設備；114年壽豐鄉立圖書館圖書設備,同機關且標題核心相同，尚待人工確認是否為同一專案
candidate_e2d9344ee206,鼓勵原住民學生發展多元智能補助財物採購,2013,2022,10,3,392620,花蓮縣立自強國民中學,102年度鼓勵原住民學生發展多元智能補助計畫財物採購；109年度鼓勵原住民學生發展多元智能補助計畫財物採購；111年度鼓勵原住民學生發展多元智能補助計畫財物採購,同機關且標題核心相同，尚待人工確認是否為同一專案
candidate_50fd8523c1e4,花蓮縣政府所屬機關退休公務人員長青座談新春團拜活動,2020,2021,2,2,390000,花蓮縣政府,花蓮縣政府及所屬機關退休公務人員110年長青座談暨新春團拜活動勞務採購案；花蓮縣政府及所屬機關退休公務人員111年長青座談暨新春團 拜活動勞務採購案,同機關且標題核心相同，尚待人工確認是否為同一專案
candidate_9a25a80c5090,花蓮縣玉里地政事務所地價基準地委辦查估作業,2024,2025,2,2,390000,花蓮縣玉里地政事務所,花蓮縣玉里地政事務所「113年度地價基準地委辦查估作業」勞務採購案；花蓮縣玉里地政事務所「114年度地價基準地委辦查估作業」勞務採購案,同機關且標題核心相同，尚待人工確認是否為同一專案
candidate_e5e18efe8bd1,鄰長紀念品採購,2011,2012,2,2,386400,花蓮縣玉里鎮公所,101年度鄰長紀念品採購案；102年度鄰長紀念品採購案,同機關且標題核心相同，尚待人工確認是否為同一專案
candidate_5abf10457745,秀林鄉幼童專用車輛養護採購開口契約,2020,2022,3,3,385000,花蓮縣秀林鄉公所,秀林鄉109年度幼童專用車輛養護採購開口契約；秀林鄉110年度幼童專用車輛養護採購開口契約；秀林鄉111年度幼童專用車輛養護採購開口契約,同機關且標題核心相同，尚待人工確認是否為同一專案
candidate_90fcbcae8273,瑞穗鄉火化場戴奧辛檢測,2018,2021,4,2,383000,花蓮縣瑞穗鄉公所,瑞穗鄉108年度火化場戴奧辛檢測計畫；瑞穗鄉110年度火化場戴奧辛檢測計畫,同機關且標題核心相同，尚待人工確認是否為同一專案
candidate_50b82982eede,花蓮市立幼兒園桶裝瓦斯液化石油氣採購,2012,2017,6,4,382690,花蓮縣花蓮市公所,花蓮市立幼兒園102年度桶裝瓦斯(液化石油氣)採購；花蓮市立幼兒園103年度桶裝瓦斯(液化石油氣)採購；花蓮市立幼兒園104年度桶裝瓦斯(液化石油氣)採購；花蓮市立幼兒園桶裝瓦斯(液化石油氣)採購,同機關且標題核心相同，尚待人工確認是否為同一專案
candidate_f9785ba521b1,原住民部落安全事故防治設施實施,2016,2017,2,2,382000,花蓮縣玉里鎮公所,105年度原住民部落安全事故防治設施實施計畫；106年度原住民部落安全事故防治設施實施計畫工程,同機關且標題核心相同，尚待人工確認是否為同一專案
candidate_1a1941808fad,花蓮市公所所屬單位建築物公共安全檢查簽證申報,2015,2019,5,3,381875,花蓮縣花蓮市公所,花蓮市公所暨所屬單位104年度建築物公共安全檢查簽證及申報；花蓮市公所暨所屬單位107年度建築物公共安全檢查簽證及申報；花蓮市公所暨所屬單位108年度建築物公共安全檢查簽證及申報,同機關且標題核心相同，尚待人工確認是否為同一專案
candidate_3ab56eed7e50,花蓮縣玉里鎮立圖書館館藏圖書採購,2022,2024,3,3,381307,花蓮縣玉里鎮公所,花蓮縣玉里鎮立圖書館111年度館藏圖書採購案；花蓮縣玉里鎮立圖書館112年度館藏圖書採購案；花蓮縣玉里鎮立圖書館113年度館藏圖書採購案,同機關且標題核心相同，尚待人工確認是否為同一專案
candidate_ffa55eae0293,卓溪鄉鏟裝機挖土機等養護開口契約,2019,2020,2,2,376675,花蓮縣卓溪鄉公所,108年度卓溪鄉鏟裝機及挖土機等養護（開口契約）；109年度卓溪鄉鏟裝機及挖土機等養護（開口契約）,同機關且標題核心相同，尚待人工確認是否為同一專案
candidate_58bd78e5bc6f,富里鄉常溫瀝青混凝土採購,2016,2017,2,2,375000,花蓮縣富里鄉公所,富里鄉105年度常溫瀝青混凝土採購案；富里鄉106年度常溫瀝青混凝土採購案,同機關且標題核心相同，尚待人工確認是否為同一專案
candidate_18ef0bcc06ea,花蓮縣政府災防各類文書用品統一印刷採購開口契約,2022,2023,2,2,374300,花蓮縣政府,花蓮縣政府「111年度災防各類文書用品統一印刷採購開口契約」；花蓮縣政府「112年度災防各類文書用品統一印刷採購開口契約」,同機關且標題核心相同，尚待人工確認是否為同一專案
candidate_5f42770cb7f5,花蓮縣消防局VEMA雲梯車雲梯系統維修採購,2025,2026,2,2,370976,花蓮縣消防局,花蓮縣消防局114年VEMA雲梯車雲梯系統維修採購案；花蓮縣消防局115年VEMA雲梯車雲梯系統維修採購案,同機關且標題核心相同，尚待人工確認是否為同一專案
candidate_a9729614136e,圖書採購,2015,2024,10,2,369320,花蓮縣萬榮鄉公所,104年圖書採購；113年度圖書採購案,同機關且標題核心相同，尚待人工確認是否為同一專案
candidate_47ea5bafac6c,鳳林鎮火化場空氣污染防制設備排放管道P002戴奧辛檢測,2022,2024,3,2,366498,花蓮縣鳳林鎮公所,鳳林鎮火化場空氣污染防制設備排放管道(P002)戴奧辛檢測計畫；鳳林鎮114年度火化場空氣污染防制設備排放管道(P002)戴奧辛檢測計畫,同機關且標題核心相同，尚待人工確認是否為同一專案
candidate_19b55abc7822,秀林鄉鄉立幼兒園主園各分班房舍內部設施設備增購採購,2019,2020,2,2,364760,花蓮縣秀林鄉公所,秀林鄉108年度鄉立幼兒園主園暨各分班房舍內部設施設備增購採購；秀林鄉109年度鄉立幼兒園主園暨各分班房舍內部設施設備增購採購,同機關且標題核心相同，尚待人工確認是否為同一專案
candidate_2128e74a84b8,秀林鄉鄉立幼兒園清潔用品開口契約,2022,2023,2,3,364047,花蓮縣秀林鄉公所,秀林鄉111年度鄉立幼兒園清潔用品開口契約；秀林鄉112年度鄉立幼兒園清潔用品開口契約；秀林鄉113年度鄉立幼兒園清潔用品開口契約,同機關且標題核心相同，尚待人工確認是否為同一專案
candidate_80081d37cf1a,花蓮地政事務所汰換謄本機1台電子式地籍謄本蓋章機,2013,2014,2,2,362800,花蓮縣花蓮地政事務所,花蓮地政事務所汰換謄本機1台(電子式地籍謄本蓋章機),同機關且標題核心相同，尚待人工確認是否為同一專案
candidate_149254c8e10c,路燈材料採購,2010,2011,2,2,362558,花蓮縣富里鄉公所,99年路燈材料採購；100年路燈材料採購案,同機關且標題核心相同，尚待人工確認是否為同一專案
candidate_add225a514a6,鳳林鎮火化場空氣污染防制設備排放管道P001戴奧辛檢測,2023,2025,3,2,360000,花蓮縣鳳林鎮公所,鳳林鎮113年度火化場空氣污染防制設備 排放管道(P001)戴奧辛檢測計畫；鳳林鎮115年度火化場空氣污染防制設備排放管道(P001)戴奧辛檢測計畫,同機關且標題核心相同，尚待人工確認是否為同一專案
candidate_c4bc3975996a,鳳林地政基準地委辦查估作業,2023,2024,2,2,359500,花蓮縣鳳林地政事務所,鳳林地政「112年度基準地委辦查估作業」勞務採購案；鳳林地政「113年度基準地委辦查估作業」勞務採購案,同機關且標題核心相同，尚待人工確認是否為同一專案
candidate_19c1735ff296,全鄉各部落簡易自來水場水質檢測開口契約,2015,2016,2,2,358800,花蓮縣卓溪鄉公所,104年度全鄉各部落簡易自來水場水質檢測開口契約；105年全鄉各部落簡易自來水場水質檢測開口契約,同機關且標題核心相同，尚待人工確認是否為同一專案
candidate_eb76b0025efd,卓溪鄉挖土機鏟裝機等養護開口契約,2021,2022,2,2,358625,花蓮縣卓溪鄉公所,110年度卓溪鄉挖土機及鏟裝機等養護(開口契約)；111年度卓溪鄉挖土機及鏟裝機等養護(開口契約),同機關且標題核心相同，尚待人工確認是否為同一專案
candidate_7791e46d9e44,自強國中管樂器設備,2018,2020,3,2,357111,花蓮縣立自強國民中學,自強國中管樂器設備工程；自強國中管樂器設備工程採購,同機關且標題核心相同，尚待人工確認是否為同一專案
candidate_ef4e4fc76a7d,志學國小改善無障礙校園環境,2021,2022,2,2,354858,花蓮縣壽豐鄉志學國民小學,志學國小110年度改善無障礙校園環境工程；志學國小111年度改善無障礙校園環境工程,同機關且標題核心相同，尚待人工確認是否為同一專案
candidate_760a094f0961,運動團隊選手培訓耗材採購,2017,2018,2,2,351050,花蓮縣立體育高級中等學校,106年運動團隊選手培訓耗材採購；107年運動團隊選手培訓耗材採購,同機關且標題核心相同，尚待人工確認是否為同一專案
candidate_ac4880f4c11b,秀林鄉幼童專用車輛維護採購開口契約,2018,2019,2,2,350000,花蓮縣秀林鄉公所,秀林鄉107年度幼童專用車輛維護採購開口契約；秀林鄉108年度幼童專用車輛維護採購開口契約,同機關且標題核心相同，尚待人工確認是否為同一專案
candidate_05c9bb1f6258,花崗國中107學年度9年級技藝教育學程交通接駁服務開口契約,2018,2019,2,2,350000,花蓮縣立花崗國民中學,花崗國中107學年度9年級技藝教育學程交通接駁服務開口契約,同機關且標題核心相同，尚待人工確認是否為同一專案
candidate_3d8a6f6ee13f,明里國小學童愛的早餐餐點採購,2018,2021,4,3,349080,花蓮縣富里鄉明里國民小學,107年度明里國小學童愛的早餐餐點採購；108年度明里國小學童愛的早餐餐點採購；110年度明里國小學童愛的早餐餐點採購,同機關且標題核心相同，尚待人工確認是否為同一專案
candidate_6322e860646e,經濟弱勢學生寒假午餐委外,2024,2026,3,2,348720,花蓮縣立玉里國民中學,113年經濟弱勢學生寒假午餐委外勞務採購；115年經濟弱勢學生寒假午餐委外勞務採購,同機關且標題核心相同，尚待人工確認是否為同一專案
candidate_5d9352e8e6d4,花蓮縣衛生局戶外大型看板採購,2018,2019,2,2,348430,花蓮縣衛生局,108年度花蓮縣衛生局戶外大型看板採購；109年度花蓮縣衛生局戶外大型看板採購,同機關且標題核心相同，尚待人工確認是否為同一專案
candidate_b16baac145b5,水源國小經濟弱勢學生暑假午餐採購,2025,2026,2,2,343868,花蓮縣秀林鄉水源國民小學,水源國小114年度經濟弱勢學生暑假午餐採購案；115年度水源國小經濟弱勢學生暑假午餐採購案,同機關且標題核心相同，尚待人工確認是否為同一專案
candidate_05daf0febec8,建築類委託設計監造技術服務開口契約,2013,2016,4,3,343000,花蓮縣花蓮市公所,103年度建築類委託設計監造技術服務開口契約；104年度建築類委託設計監造技術服務開口契約；105年度建築類委託設計監造技術服務開口契約,同機關且標題核心相同，尚待人工確認是否為同一專案
candidate_43e83c6dafd8,花蓮縣慶祝教師節紀念影片製作採購,2025,2026,2,2,343000,花蓮縣花蓮市明廉國民小學,花蓮縣慶祝114年教師節紀念影片製作採購案；花蓮縣慶祝115年教師節紀念影片製作採購案,同機關且標題核心相同，尚待人工確認是否為同一專案
candidate_01eb6c02fb34,花蓮縣單側聽損學生調頻輔具財物採購,2022,2023,2,2,342600,花蓮縣立宜昌國民中學,111年度花蓮縣單側聽損學生調頻輔具財物採購；112年度花蓮縣單側聽損學生調頻輔具財物採購,同機關且標題核心相同，尚待人工確認是否為同一專案
candidate_e2d80ab8fe3d,花蓮縣萬榮鄉緊急發電機保養維護採購,2018,2020,3,2,340000,花蓮縣萬榮鄉公所,花蓮縣萬榮鄉107年度緊急發電機保養維護採購案；花蓮縣萬榮鄉109年度緊急發電機保養維護採購案,同機關且標題核心相同，尚待人工確認是否為同一專案
candidate_e6bf539b31c2,41%嘉磷塞異丙胺鹽溶液,2012,2014,3,3,336000,花蓮縣吉安鄉公所,101年度41%嘉磷塞(異丙胺鹽)溶液；102年度41%嘉磷塞(異丙胺鹽)溶液；103年度41%嘉磷塞(異丙胺鹽)溶液,同機關且標題核心相同，尚待人工確認是否為同一專案
candidate_101553033f82,卓楓國小校外教學參觀活動,2016,2018,3,2,333700,花蓮縣卓溪鄉卓楓國民小學,卓楓國小校外教學參觀活動；107年度卓楓國小校外教學參觀活動,同機關且標題核心相同，尚待人工確認是否為同一專案
candidate_fd3560f37812,國風國中購置體育器材設備,2019,2020,2,2,333000,花蓮縣立國風國民中學,國風國中「購置體育器材設備」案；國風國中「108年購置體育器材設備」案,同機關且標題核心相同，尚待人工確認是否為同一專案
candidate_732fb1be5c6a,明利農地重劃區範圍內農水路管理維護,2010,2012,3,2,329800,花蓮縣萬榮鄉公所,明利農地重劃區範圍內農水路管理維護工程,同機關且標題核心相同，尚待人工確認是否為同一專案
candidate_a59529d5df26,美崙國中基層選手訓練站裝備財物採購,2013,2014,2,2,329680,花蓮縣立美崙國民中學,102年度美崙國中基層選手訓練站裝備財物採購；103年度美崙國中基層選手訓練站裝備財物採購,同機關且標題核心相同，尚待人工確認是否為同一專案
candidate_1b7581287658,基層村里鄰長政令宣導瑞穗鄉餐會採購,2024,2026,3,2,325000,花蓮縣政府,114年度基層村(里)鄰長政令宣導-瑞穗鄉餐會採購案；115年度基層村(里)鄰長政令宣導-瑞穗鄉餐會採購案,同機關且標題核心相同，尚待人工確認是否為同一專案
candidate_63a9057c9a5b,花蓮縣空氣品質維護改善工作績優獎勵補助設備採購,2021,2024,4,2,321000,花蓮縣環境保護局,110年度花蓮縣空氣品質維護及改善工作績優獎勵補助計畫-(設備採購)；112年度花蓮縣空氣品質維護及改善工作績優獎勵補助計畫-設備採購,同機關且標題核心相同，尚待人工確認是否為同一專案
candidate_719ccc42221a,花蓮縣卓溪國小校際民俗文化交流教學活動,2016,2020,5,2,320700,花蓮縣卓溪鄉卓溪國民小學,花蓮縣卓溪國小105年度校際民俗文化交流暨教學活動；花蓮縣卓溪國小109年度校際民俗文化交流暨教學活動,同機關且標題核心相同，尚待人工確認是否為同一專案
candidate_3f6995d7d0e1,無線廣播系統視聽設備維護,2010,2011,2,2,316200,花蓮縣萬榮鄉公所,無線廣播系統及視聽設備維護,同機關且標題核心相同，尚待人工確認是否為同一專案
candidate_f6f1cc4286b6,花蓮縣南島國家或地區交流互訪報告,2020,2023,4,2,310000,花蓮縣政府,花蓮縣與南島國家或地區交流互訪可行性評估報告,同機關且標題核心相同，尚待人工確認是否為同一專案
candidate_acdede1bc97f,秀林鄉幼童專用車輛養護開口契約,2024,2026,3,2,310000,花蓮縣秀林鄉公所,秀林鄉113年度幼童專用車輛養護開口契約；秀林鄉115年度幼童專用車輛養護開口契約,同機關且標題核心相同，尚待人工確認是否為同一專案
candidate_c4639e7aef14,鳳林鎮第一公墓火化場戴奧辛排放檢測,2014,2016,3,2,301595,花蓮縣鳳林鎮公所,鳳林鎮第一公墓火化場戴奧辛排放檢測,同機關且標題核心相同，尚待人工確認是否為同一專案
candidate_1dd5c4f6e8a6,花蓮縣玉里鎮公有建築物消防安全檢修申報勞務委任採購,2017,2021,5,3,297700,花蓮縣玉里鎮公所,106年花蓮縣玉里鎮公有建築物消防安全檢修申報勞務委任採購案；108年花蓮縣玉里鎮公有建築物消防安全檢修申報勞務委任採購案；110年花蓮縣玉里鎮公有建築物消防安全檢修申報勞務委任採購案,同機關且標題核心相同，尚待人工確認是否為同一專案
candidate_b263f933904b,元宵節DIY特色摺紙燈籠乙批,2012,2013,2,3,296500,花蓮縣花蓮市公所,102年度元宵節DIY特色摺紙燈籠乙批；103年度元宵節DIY特色摺紙燈籠乙批；103年度元宵節DIY特色摺紙燈籠乙批後續擴充,同機關且標題核心相同，尚待人工確認是否為同一專案
candidate_e730861937be,花蓮縣玉里鎮公有建築物消防安全檢修改善開口契約,2021,2022,2,2,296500,花蓮縣玉里鎮公所,110年花蓮縣玉里鎮公有建築物消防安全檢修改善(開口契約)；111年花蓮縣玉里鎮公有建築物消防安全檢修改善（開口契約）,同機關且標題核心相同，尚待人工確認是否為同一專案
candidate_cb0c39ffc1b7,光復鄉議員補助款音響設備採購,2019,2020,2,2,296000,花蓮縣光復鄉公所,光復鄉108年議員補助款音響設備採購案；光復鄉109年議員補助款音響設備採購案,同機關且標題核心相同，尚待人工確認是否為同一專案
candidate_668159db3087,學生文具宣導品採購開口契約,2024,2025,2,2,294340,花蓮縣地方稅務局,113年度學生文具宣導品採購案開口契約；114年度學生文具宣導品採購案 開口契約,同機關且標題核心相同，尚待人工確認是否為同一專案
candidate_3db3fe93688d,機械設備險.建築火險附加地震險.貨物保險員工意外團體保險,2017,2020,4,2,292324,花蓮縣政府,106年度機械及設備險.建築火險(附加地震險).貨物保險及員工意外團體保險；109年度機械及設備險.建築火險(附加地震險).貨物保險及員工意外團體保險,同機關且標題核心相同，尚待人工確認是否為同一專案
candidate_2384c0fc09b8,瑞穗鄉土石流防災重機械待命開口契約,2015,2017,3,2,290000,花蓮縣瑞穗鄉公所,瑞穗鄉104年度土石流防災重機械待命開口契約勞務採購案；瑞穗鄉106年度土石流防災重機械待命開口契約勞務採購案,同機關且標題核心相同，尚待人工確認是否為同一專案
candidate_4dbd159ac2ff,秀林鄉鄉立幼兒園清潔用品廚房清潔相關用具開口契約,2020,2021,2,2,289655,花蓮縣秀林鄉公所,秀林鄉109年度鄉立幼兒園清潔用品暨廚房清潔相關用具開口契約；秀林鄉110年度鄉立幼兒園清潔用品暨廚房清潔相關用具開口契約,同機關且標題核心相同，尚待人工確認是否為同一專案
candidate_b82d12359bd7,瑞穗鄉歲末感恩聯歡晚會音響帳篷等租用,2021,2022,2,2,288800,花蓮縣瑞穗鄉公所,110年瑞穗鄉歲末感恩聯歡晚會音響帳篷等租用勞務採購；111年瑞穗鄉歲末感恩聯歡晚會音響帳篷等租用勞務採購,同機關且標題核心相同，尚待人工確認是否為同一專案
candidate_676761f45a5e,榮安公園環境維護工作,2014,2016,3,2,288500,花蓮縣吉安鄉公所,103年度榮安公園環境維護工作；105年度榮安公園環境維護工作,同機關且標題核心相同，尚待人工確認是否為同一專案
candidate_559486f16310,99學年度高中職適性學習社區教育資源均質化實施方採購,2010,2011,2,2,288000,花蓮縣立體育實驗高級中學,99學年度高中職適性學習社區教育資源均質化實施方案採購,同機關且標題核心相同，尚待人工確認是否為同一專案
candidate_f893c902c372,花蓮縣政府員工親子活動餐會,2017,2018,2,2,286200,花蓮縣政府,「花蓮縣政府106年員工親子活動餐會」勞務採購案；「花蓮縣政府107年員工親子活動餐會」勞務採購案,同機關且標題核心相同，尚待人工確認是否為同一專案
candidate_eac103d9c1eb,花蓮市立幼兒園幼兒書包冬夏季運動服採購,2014,2016,3,2,285650,花蓮縣花蓮市公所,花蓮市立幼兒園幼兒書包及冬夏季運動服採購,同機關且標題核心相同，尚待人工確認是否為同一專案
candidate_126d506df1ee,瑞穗國中貧困學生暑假午餐委外,2017,2018,2,2,282520,花蓮縣立瑞穗國民中學,瑞穗國中106年度貧困學生暑假午餐委外勞務採購；瑞穗國中107年度貧困學生暑假午餐委外勞務採購,同機關且標題核心相同，尚待人工確認是否為同一專案
candidate_f351f49dbaf7,春聯設計印製採購,2020,2021,2,2,282400,花蓮縣吉安鄉公所,109年度春聯設計及印製採購案；110年度春聯設計及印製採購案,同機關且標題核心相同，尚待人工確認是否為同一專案
candidate_692a0cf43e3f,機械設備險建築火險附加地震險貨物保險責任保險,2010,2014,5,2,282349,花蓮縣政府,100年度機械及設備險建築火險(附加地震險)貨物保險及責任保險；104年度機械及設備險、建築火險(附加地震險)、貨物保險及責任保險,同機關且標題核心相同，尚待人工確認是否為同一專案
candidate_d6f381c269f3,花蓮縣政府廉政服務品質調查委外服務,2015,2016,2,2,281400,花蓮縣政府,104年度花蓮縣政府廉政暨服務品質調查委外服務案；105年度花蓮縣政府廉政暨服務品質調查委外服務案,同機關且標題核心相同，尚待人工確認是否為同一專案
candidate_12ce1d5c6b44,災害防救深耕資本門設備衛星電話採購,2015,2017,3,2,276191,花蓮縣消防局,104年災害防救深耕第2期計畫資本門設備(衛星電話)採購案；災害防救深耕第2期計畫資本門設備-衛星電話採購案,同機關且標題核心相同，尚待人工確認是否為同一專案
candidate_63b832404efc,玉里鎮路燈材料採購開口契約,2021,2022,2,2,276188,花蓮縣玉里鎮公所,玉里鎮110年度路燈材料採購案(開口契約)；玉里鎮111年度路燈材料採購案(開口契約),同機關且標題核心相同，尚待人工確認是否為同一專案
candidate_e3579e7cb41b,乳房攝影車篩檢合作醫院委外,2015,2018,4,3,275176,花蓮縣衛生局,105年乳房攝影車篩檢合作醫院委外案；106年乳房攝影車篩檢合作醫院委外案；108年乳房攝影車篩檢合作醫院委外案,同機關且標題核心相同，尚待人工確認是否為同一專案
candidate_acb326666c06,校園綠美化草木修剪開口契約,2020,2022,3,2,268000,花蓮縣立南平中學,109年度校園綠美化及草木修剪(開口契約)勞務採購；111年度校園綠美化及草木修剪(開口契約)勞務採購,同機關且標題核心相同，尚待人工確認是否為同一專案
candidate_14ebb69a9c95,國風國中體育班游泳組移地訓練交通車租賃採購,2020,2024,5,2,267210,花蓮縣立國風國民中學,國風國中「109年度體育班游泳組移地訓練交通車租賃」採購案；國風國中113年度體育班游泳組移地訓練交通車租賃採購案,同機關且標題核心相同，尚待人工確認是否為同一專案
candidate_7a972a51aea9,端午節粽子禮盒乙批,2018,2019,2,2,264208,花蓮縣花蓮市公所,107年度端午節粽子禮盒乙批；108年度端午節粽子禮盒乙批,同機關且標題核心相同，尚待人工確認是否為同一專案
candidate_21f934172e8c,花蓮縣教師節表揚大會餐會採購,2020,2022,3,2,264000,花蓮縣花蓮市明廉國民小學,花蓮縣109年度教師節表揚大會餐會採購案；花蓮縣111年度教師節表揚大會餐會採購案,同機關且標題核心相同，尚待人工確認是否為同一專案
candidate_1807856a24e4,吉安鄉路燈認養告示牌製作張貼,2015,2016,2,2,262600,花蓮縣吉安鄉公所,吉安鄉路燈認養告示牌製作及張 貼；吉安鄉路燈認養告示牌製作及張貼,同機關且標題核心相同，尚待人工確認是否為同一專案
candidate_eda061a4b889,新城鄉公所水稻葉穗稻熱病防治藥劑採購,2021,2022,2,2,261000,花蓮縣新城鄉公所,新城鄉公所110年水稻葉穗稻熱病防治藥劑採購案；新城鄉公所111年水稻葉穗稻熱病防治藥劑採購案,同機關且標題核心相同，尚待人工確認是否為同一專案
candidate_dd5db4930bdd,購置袋裝瀝青混凝土,2018,2019,2,2,259500,花蓮縣吉安鄉公所,購置袋裝瀝青混凝土,同機關且標題核心相同，尚待人工確認是否為同一專案
candidate_f671f2485c19,口腔癌篩檢防治巡迴車委外經營,2013,2015,3,2,256513,花蓮縣衛生局,口腔癌篩檢防治巡迴車委外經營；104年口腔癌篩檢防治巡迴車委外經營,同機關且標題核心相同，尚待人工確認是否為同一專案
candidate_9f78faac9320,41%嘉磷塞異丙胺鹽溶液除草劑採購,2015,2016,2,2,249300,花蓮縣吉安鄉公所,104年度41%嘉磷塞(異丙胺鹽)溶液(除草劑)採購案；105年度41%嘉磷塞(異丙胺鹽)溶液(除草劑)採購案,同機關且標題核心相同，尚待人工確認是否為同一專案
candidate_9e5e7b8e9d96,改善本鄉轄內老人常出入場所設置防滑設施扶手廁所緊急呼叫鈴等,2010,2011,2,2,245000,花蓮縣秀林鄉公所,改善本鄉轄內老人常出入場所設置防滑設施、扶手、廁所緊急呼叫鈴等工程,同機關且標題核心相同，尚待人工確認是否為同一專案
candidate_d63b66332551,花蓮市龍鳳公園環境改善,2022,2023,2,2,241188,花蓮縣花蓮市公所,花蓮市龍鳳公園環境改善工程,同機關且標題核心相同，尚待人工確認是否為同一專案
candidate_f83ac7068368,教育優先區原住民教育文化特色充實設備器材樂器財物採購,2017,2018,2,2,239000,花蓮縣立宜昌國民中學,106年度教育優先區原住民教育文化特色及充實設備器材(樂器)財物採購；107年度教育優先區原住民教育文化特色及充實設備器材(樂器)財物採購,同機關且標題核心相同，尚待人工確認是否為同一專案
candidate_8d7b92c9dfff,鼓勵原住民學生發展多元智能補助器材樂器財物採購,2018,2020,3,2,238000,花蓮縣立宜昌國民中學,107年度鼓勵原住民學生發展多元智能補助器材(樂器)財物採購；109年度鼓勵原住民學生發展多元智能補助器材(樂器)財物採購,同機關且標題核心相同，尚待人工確認是否為同一專案
candidate_9ab7b4c1efa0,花蓮縣警察局所屬各單位防颱窗設置委託技術服務,2012,2013,2,2,230482,花蓮縣警察局,花蓮縣警察局暨所屬各單位防颱窗設置工程委託規劃設計監造技術服務案；花蓮縣警察局所屬各單位防颱窗設置工程委託規劃設計監造技術服務,同機關且標題核心相同，尚待人工確認是否為同一專案
candidate_6f5e6ee9f951,豐濱鄉公墓除草,2013,2014,2,2,224500,花蓮縣豐濱鄉公所,豐濱鄉102年度公墓除草案；豐濱鄉103年度公墓除草案,同機關且標題核心相同，尚待人工確認是否為同一專案
candidate_6de0e1f97c5b,政令施政公告刊登,2013,2015,3,3,214658,花蓮縣政府,102年度政令施政公告刊登案；103年度政令施政公告刊登案；104年度政令施政公告刊登案,同機關且標題核心相同，尚待人工確認是否為同一專案
candidate_ff6ced70aaa6,秀林鄉幼童專用車輛維護採購,2011,2013,3,2,213000,花蓮縣秀林鄉公所,秀林鄉100年度幼童專用車輛維護採購；秀林鄉102年度幼童專用車輛維護採購,同機關且標題核心相同，尚待人工確認是否為同一專案
candidate_86c8170ed144,富里鄉基拉哥塞部落簡易自來水災修,2015,2016,2,2,213000,花蓮縣富里鄉公所,富里鄉基拉哥塞部落簡易自來水災修工程,同機關且標題核心相同，尚待人工確認是否為同一專案
candidate_f32015d118d5,宜昌國小消防安全設備缺失改善,2015,2016,2,2,211670,花蓮縣吉安鄉宜昌國民小學,宜昌國小104年消防安全設備缺失改善；宜昌國小105年消防安全設備缺失改善,同機關且標題核心相同，尚待人工確認是否為同一專案
candidate_3b5e26c1dcec,美崙國中樂器設備財物採購,2013,2015,3,2,193880,花蓮縣立美崙國民中學,102年度美崙國中樂器設備財物採購；104年度美崙國中樂器設備財物採購,同機關且標題核心相同，尚待人工確認是否為同一專案
candidate_1906b52abea1,花蓮縣消防局10月新進人員制服採購,2019,2020,2,2,184431,花蓮縣消防局,花蓮縣消防局108年10月新進人員制服採購案；花蓮縣消防局109年10月新進人員制服採購案,同機關且標題核心相同，尚待人工確認是否為同一專案
candidate_36ffa610d0ec,花蓮縣非農地環境雜草管理採購開口合約,2020,2022,3,3,159760,花蓮縣環境保護局,花蓮縣109年度非農地環境雜草管理計畫採購案(開口合約)；花蓮縣110年度非農地環境雜草管理計畫採購案(開口合約)；花蓮縣111年度非農地環境雜草管理計畫採購案 (開口合約),同機關且標題核心相同，尚待人工確認是否為同一專案
candidate_34e604890a32,花蓮縣衛生局身心障礙鑑定本印刷品開口契約採購,2019,2020,2,2,139825,花蓮縣衛生局,108年花蓮縣衛生局身心障礙鑑定本印刷品開口契約採購；109年花蓮縣衛生局身心障礙鑑定本印刷品開口契約採購,同機關且標題核心相同，尚待人工確認是否為同一專案
candidate_91cfc8489c22,花蓮市公所市有非公用不動產估價服務,2013,2015,3,2,110000,花蓮縣花蓮市公所,花蓮市公所102年度市有非公用不動產估價服務；花蓮市公所104年度市有非公用不動產估價服務,同機關且標題核心相同，尚待人工確認是否為同一專案
candidate_c74b1e7b72a1,子宮頸抹片檢查巡迴車合作醫院委外,2017,2018,2,2,90032,花蓮縣衛生局,106年子宮頸抹片檢查巡迴車合作醫院委外案；108年子宮頸抹片檢查巡迴車合作醫院委外案,同機關且標題核心相同，尚待人工確認是否為同一專案
candidate_55e312837470,鳳林鎮客庄產業交流中心標租,2014,2018,5,2,41800,花蓮縣鳳林鎮公所,鳳林鎮客庄產業交流中心標租案,同機關且標題核心相同，尚待人工確認是否為同一專案
candidate_7cc006bbd32e,花蓮縣廚餘處理廠液態物料共同處理,2024,2026,3,2,2980,花蓮縣環境保護局,114年度「花蓮縣廚餘處理廠液態物料共同處理計畫」勞務採購案；「115年度花蓮縣廚餘處理廠液態物料共同處理計畫」勞務採購案,同機關且標題核心相同，尚待人工確認是否為同一專案
candidate_0fd96c701799,中華職棒例行賽味全龍花蓮主場財物採購,2023,2026,4,2,0,花蓮縣政府,2023年中華職棒例行賽味全龍花蓮主場財物採購案；2026年中華職棒例行賽味全龍花蓮主場財物採購案,同機關且標題核心相同，尚待人工確認是否為同一專案
candidate_5b6bfb5334be,中華職棒例行賽統一棒球隊花蓮主場,2023,2025,3,3,0,花蓮縣政府,2023年中華職棒例行賽統一棒球隊花蓮主場；2024年中華職棒例行賽統一棒球隊花蓮主場；2025年中華職棒例行賽統一棒球隊花蓮主場,同機關且標題核心相同，尚待人工確認是否為同一專案
candidate_cbf33ad5de76,中華職棒例行賽味全龍花蓮主場,2024,2025,2,2,0,花蓮縣政府,2024年中華職棒例行賽味全龍花蓮主場；2025年中華職棒例行賽味全龍花蓮主場,同機關且標題核心相同，尚待人工確認是否為同一專案
